Otu7	d:Fungi(1.0000),p:Ascomycota(0.0100),c:Dothideomycetes(0.0100),o:Capnodiales(0.0100),f:Cladosporiaceae(0.0100),g:Cladosporium(0.0100),s:Cladosporium_grevilleae_SH176536.07FU(0.0100)	+	d:Fungi
Otu1	d:Fungi(1.0000)	+	d:Fungi
Otu11	d:Fungi(1.0000),p:Ascomycota(1.0000),c:Dothideomycetes(1.0000),o:Pleosporales(1.0000),f:Phaeosphaeriaceae(0.2300),g:Chaetosphaeronema(0.2100)	+	d:Fungi,p:Ascomycota,c:Dothideomycetes,o:Pleosporales
Otu2	d:Fungi(1.0000),p:Basidiomycota(0.7400),c:Tremellomycetes(0.7400),o:Holtermanniales(0.7400),f:Holtermanniales_fam_Incertae_sedis(0.7400),g:Holtermanniella(0.7400),s:Holtermanniella_takashimae_SH526070.07FU(0.7400)	+	d:Fungi
Otu5	d:Fungi(1.0000),p:Ascomycota(1.0000),c:Leotiomycetes(1.0000),o:Helotiales(1.0000),f:Helotiaceae(1.0000),g:Articulospora(1.0000)	+	d:Fungi,p:Ascomycota,c:Leotiomycetes,o:Helotiales,f:Helotiaceae,g:Articulospora
Otu12	d:Fungi(1.0000),p:Ascomycota(0.0900),c:Dothideomycetes(0.0900),o:Pleosporales(0.0900),f:Pleosporaceae(0.0900),g:Alternaria(0.0900)	+	d:Fungi
Otu3	d:Fungi(1.0000),p:Ascomycota(1.0000),c:Leotiomycetes(1.0000),o:Helotiales(1.0000),f:Helotiales_fam_Incertae_sedis(0.9900),g:Volucrispora(0.9800),s:Volucrispora_graminea_SH186781.07FU(0.9800)	+	d:Fungi,p:Ascomycota,c:Leotiomycetes,o:Helotiales,f:Helotiales_fam_Incertae_sedis,g:Volucrispora,s:Volucrispora_graminea_SH186781.07FU
Otu8	d:Fungi(1.0000),p:Basidiomycota(1.0000),c:Agaricomycetes(1.0000),o:Cantharellales(1.0000),f:Ceratobasidiaceae(1.0000),g:Thanatephorus(0.0100),s:Thanatephorus_cucumeris_SH218678.07FU(0.0100)	+	d:Fungi,p:Basidiomycota,c:Agaricomycetes,o:Cantharellales,f:Ceratobasidiaceae
Otu10	d:Fungi(1.0000),p:Basidiomycota(1.0000),c:Agaricomycetes(1.0000),o:Cantharellales(1.0000),f:Ceratobasidiaceae(1.0000),g:Thanatephorus(0.4700),s:Thanatephorus_cucumeris_SH218698.07FU(0.3000)	+	d:Fungi,p:Basidiomycota,c:Agaricomycetes,o:Cantharellales,f:Ceratobasidiaceae
Otu9	d:Fungi(1.0000),p:Basidiomycota(1.0000),c:Agaricomycetes(1.0000),o:Cantharellales(1.0000),f:Ceratobasidiaceae(1.0000)	+	d:Fungi,p:Basidiomycota,c:Agaricomycetes,o:Cantharellales,f:Ceratobasidiaceae
Otu6	d:Fungi(1.0000),p:Basidiomycota(1.0000),c:Agaricomycetes(1.0000),o:Cantharellales(1.0000),f:Ceratobasidiaceae(1.0000),g:Rhizoctonia(0.0300)	+	d:Fungi,p:Basidiomycota,c:Agaricomycetes,o:Cantharellales,f:Ceratobasidiaceae
Otu4	d:Fungi(1.0000),p:Ascomycota(1.0000),c:Leotiomycetes(1.0000),o:Helotiales(1.0000),f:Helotiaceae(1.0000),g:Articulospora(1.0000)	+	d:Fungi,p:Ascomycota,c:Leotiomycetes,o:Helotiales,f:Helotiaceae,g:Articulospora
Otu16	d:Fungi(1.0000),p:Ascomycota(1.0000),c:Leotiomycetes(1.0000),o:Helotiales(1.0000),f:Helotiaceae(1.0000),g:Articulospora(1.0000)	+	d:Fungi,p:Ascomycota,c:Leotiomycetes,o:Helotiales,f:Helotiaceae,g:Articulospora
Otu15	d:Fungi(1.0000),p:Basidiomycota(1.0000),c:Tremellomycetes(1.0000)	+	d:Fungi,p:Basidiomycota,c:Tremellomycetes
Otu21	d:Fungi(1.0000),p:Basidiomycota(1.0000),c:Agaricomycetes(1.0000),o:Cantharellales(1.0000),f:Ceratobasidiaceae(1.0000),g:Thanatephorus(0.0100),s:Thanatephorus_cucumeris_SH218678.07FU(0.0100)	+	d:Fungi,p:Basidiomycota,c:Agaricomycetes,o:Cantharellales,f:Ceratobasidiaceae
Otu19	d:Fungi(1.0000),p:Basidiomycota(1.0000),c:Agaricomycetes(1.0000),o:Cantharellales(1.0000),f:Ceratobasidiaceae(1.0000),g:Thanatephorus(0.5600),s:Thanatephorus_cucumeris_SH218698.07FU(0.4700)	+	d:Fungi,p:Basidiomycota,c:Agaricomycetes,o:Cantharellales,f:Ceratobasidiaceae
Otu13	d:Fungi(1.0000),p:Ascomycota(0.9900),c:Leotiomycetes(0.9900),o:Helotiales(0.9900),f:Helotiaceae(0.9900),g:Articulospora(0.9900),s:Articulospora_proliferata_SH083259.07FU(0.0800)	+	d:Fungi,p:Ascomycota,c:Leotiomycetes,o:Helotiales,f:Helotiaceae,g:Articulospora
Otu14	d:Fungi(1.0000),p:Ascomycota(0.9900),c:Leotiomycetes(0.9900),o:Helotiales(0.9900),f:Helotiaceae(0.9900),g:Articulospora(0.9900),s:Articulospora_proliferata_SH083259.07FU(0.0300)	+	d:Fungi,p:Ascomycota,c:Leotiomycetes,o:Helotiales,f:Helotiaceae,g:Articulospora
Otu17	d:Fungi(1.0000),p:Basidiomycota(1.0000),c:Agaricomycetes(1.0000),o:Cantharellales(1.0000),f:Ceratobasidiaceae(1.0000),g:Thanatephorus(0.0100),s:Thanatephorus_cucumeris_SH529389.07FU(0.0100)	+	d:Fungi,p:Basidiomycota,c:Agaricomycetes,o:Cantharellales,f:Ceratobasidiaceae
Otu23	d:Fungi(1.0000),p:Basidiomycota(1.0000),c:Agaricomycetes(1.0000),o:Cantharellales(1.0000),f:Ceratobasidiaceae(1.0000),g:Thanatephorus(0.0600),s:Thanatephorus_cucumeris_SH002119.07FU(0.0500)	+	d:Fungi,p:Basidiomycota,c:Agaricomycetes,o:Cantharellales,f:Ceratobasidiaceae
Otu18	d:Fungi(1.0000),p:Basidiomycota(1.0000),c:Agaricomycetes(1.0000),o:Cantharellales(1.0000),f:Ceratobasidiaceae(1.0000),g:Thanatephorus(0.0100),s:Thanatephorus_cucumeris_SH218678.07FU(0.0100)	+	d:Fungi,p:Basidiomycota,c:Agaricomycetes,o:Cantharellales,f:Ceratobasidiaceae
Otu25	d:Fungi(1.0000),p:Basidiomycota(0.9200),c:Agaricomycetes(0.9200),o:Cantharellales(0.9200),f:Ceratobasidiaceae(0.9200)	+	d:Fungi,p:Basidiomycota,c:Agaricomycetes,o:Cantharellales,f:Ceratobasidiaceae
Otu28	d:Fungi(1.0000),p:Ascomycota(0.9900),c:Leotiomycetes(0.9900),o:Helotiales(0.9900),f:Dermateaceae(0.9900),g:Helgardia(0.9900),s:Helgardia_anguioides_SH186800.07FU(0.9800)	+	d:Fungi,p:Ascomycota,c:Leotiomycetes,o:Helotiales,f:Dermateaceae,g:Helgardia,s:Helgardia_anguioides_SH186800.07FU
Otu20	d:Fungi(1.0000),p:Ascomycota(0.0400),c:Sordariomycetes(0.0400),o:Glomerellales(0.0400),f:Plectosphaerellaceae(0.0400),g:Plectosphaerella(0.0400),s:Plectosphaerella_cucumerina_SH190986.07FU(0.0100)	+	d:Fungi
Otu22	d:Fungi(1.0000),p:Basidiomycota(1.0000),c:Agaricomycetes(1.0000),o:Cantharellales(1.0000),f:Ceratobasidiaceae(1.0000),g:Thanatephorus(0.0100),s:Thanatephorus_cucumeris_SH218678.07FU(0.0100)	+	d:Fungi,p:Basidiomycota,c:Agaricomycetes,o:Cantharellales,f:Ceratobasidiaceae
Otu30	d:Fungi(1.0000),p:Ascomycota(0.3100),c:Dothideomycetes(0.2800),o:Pleosporales(0.2800),f:Didymellaceae(0.2100),g:Stagonosporopsis(0.1700),s:Stagonosporopsis_tanaceti_SH245101.07FU(0.1600)	+	d:Fungi
Otu27	d:Fungi(1.0000),p:Basidiomycota(0.8300),c:Agaricomycetes(0.8300),o:Cantharellales(0.8300),f:Ceratobasidiaceae(0.8300),g:Ceratobasidium(0.0300)	+	d:Fungi,p:Basidiomycota,c:Agaricomycetes,o:Cantharellales,f:Ceratobasidiaceae
Otu26	d:Fungi(1.0000),p:Basidiomycota(1.0000),c:Agaricomycetes(1.0000),o:Cantharellales(1.0000),f:Ceratobasidiaceae(1.0000),g:Ceratobasidium(0.8600),s:Thanatephorus_cucumeris_SH220622.07FU(0.1100)	+	d:Fungi,p:Basidiomycota,c:Agaricomycetes,o:Cantharellales,f:Ceratobasidiaceae,g:Ceratobasidium
Otu29	d:Fungi(1.0000),p:Ascomycota(1.0000),c:Dothideomycetes(1.0000),o:Pleosporales(1.0000),f:Pleosporaceae(1.0000),g:Alternaria(1.0000),s:Alternaria_metachromatica_SH216783.07FU(0.4900)	+	d:Fungi,p:Ascomycota,c:Dothideomycetes,o:Pleosporales,f:Pleosporaceae,g:Alternaria
Otu33	d:Fungi(1.0000),p:Ascomycota(1.0000)	+	d:Fungi,p:Ascomycota
Otu24	d:Fungi(1.0000),p:Ascomycota(1.0000),c:Dothideomycetes(1.0000),o:Pleosporales(1.0000),f:Phaeosphaeriaceae(0.4000),g:Paraphoma(0.4000),s:Paraphoma_chrysanthemicola_SH208737.07FU(0.1100)	+	d:Fungi,p:Ascomycota,c:Dothideomycetes,o:Pleosporales
Otu32	d:Fungi(1.0000),p:Ascomycota(0.9700),c:Taphrinomycetes(0.9700),o:Taphrinales(0.9700),f:Protomycetaceae(0.9700),g:Protomyces(0.9700),s:Protomyces_inouyei_SH211874.07FU(0.9700)	+	d:Fungi,p:Ascomycota,c:Taphrinomycetes,o:Taphrinales,f:Protomycetaceae,g:Protomyces,s:Protomyces_inouyei_SH211874.07FU
Otu35	d:Fungi(1.0000),p:Basidiomycota(1.0000),c:Agaricomycetes(1.0000),o:Cantharellales(1.0000),f:Ceratobasidiaceae(1.0000),g:Thanatephorus(0.6100),s:Thanatephorus_cucumeris_SH220622.07FU(0.6100)	+	d:Fungi,p:Basidiomycota,c:Agaricomycetes,o:Cantharellales,f:Ceratobasidiaceae
Otu37	d:Fungi(1.0000),p:Ascomycota(1.0000),c:Dothideomycetes(1.0000),o:Pleosporales(1.0000),f:Phaeosphaeriaceae(0.4000),g:Paraphoma(0.4000),s:Paraphoma_chrysanthemicola_SH208737.07FU(0.1100)	+	d:Fungi,p:Ascomycota,c:Dothideomycetes,o:Pleosporales
Otu36	d:Fungi(1.0000),p:Ascomycota(1.0000),c:Dothideomycetes(1.0000),o:Pleosporales(1.0000),f:Didymellaceae(1.0000)	+	d:Fungi,p:Ascomycota,c:Dothideomycetes,o:Pleosporales,f:Didymellaceae
Otu40	d:Fungi(1.0000),p:Basidiomycota(1.0000),c:Agaricomycetes(1.0000),o:Cantharellales(1.0000),f:Ceratobasidiaceae(1.0000),g:Thanatephorus(0.7700),s:Thanatephorus_cucumeris_SH220622.07FU(0.7700)	+	d:Fungi,p:Basidiomycota,c:Agaricomycetes,o:Cantharellales,f:Ceratobasidiaceae
Otu31	d:Fungi(1.0000),p:Ascomycota(1.0000),c:Leotiomycetes(1.0000),o:Helotiales(1.0000),f:Helotiaceae(1.0000),g:Articulospora(1.0000)	+	d:Fungi,p:Ascomycota,c:Leotiomycetes,o:Helotiales,f:Helotiaceae,g:Articulospora
Otu38	d:Fungi(1.0000),p:Ascomycota(1.0000),c:Sordariomycetes(1.0000),o:Xylariales(1.0000),f:Apiosporaceae(1.0000),g:Arthrinium(1.0000),s:Arthrinium_phaeospermum_SH211151.07FU(0.3800)	+	d:Fungi,p:Ascomycota,c:Sordariomycetes,o:Xylariales,f:Apiosporaceae,g:Arthrinium
Otu42	d:Fungi(1.0000),p:Ascomycota(0.7200),c:Dothideomycetes(0.0600)	+	d:Fungi
Otu34	d:Fungi(1.0000),p:Ascomycota(1.0000),c:Dothideomycetes(1.0000),o:Pleosporales(1.0000),f:Pleosporaceae(1.0000),g:Alternaria(1.0000),s:Alternaria_rosae_SH294936.07FU(0.9500)	+	d:Fungi,p:Ascomycota,c:Dothideomycetes,o:Pleosporales,f:Pleosporaceae,g:Alternaria,s:Alternaria_rosae_SH294936.07FU
Otu44	d:Fungi(1.0000),p:Basidiomycota(1.0000),c:Agaricomycetes(1.0000),o:Cantharellales(1.0000),f:Ceratobasidiaceae(1.0000)	+	d:Fungi,p:Basidiomycota,c:Agaricomycetes,o:Cantharellales,f:Ceratobasidiaceae
Otu39	d:Fungi(1.0000),p:Ascomycota(0.5700),c:Sordariomycetes(0.5700),o:Xylariales(0.5700),f:Apiosporaceae(0.5700),g:Arthrinium(0.4300),s:Arthrinium_malaysianum_SH183136.07FU(0.3900)	+	d:Fungi
Otu45	d:Fungi(1.0000),p:Ascomycota(1.0000),c:Dothideomycetes(0.8700),o:Capnodiales(0.8700),f:Mycosphaerellaceae(0.8700),g:Cercospora(0.5400),s:Cercospora_coniogrammes_SH278817.07FU(0.5400)	+	d:Fungi,p:Ascomycota,c:Dothideomycetes,o:Capnodiales,f:Mycosphaerellaceae
Otu46	d:Fungi(1.0000),p:Basidiomycota(0.9900),c:Tremellomycetes(0.9900),o:Filobasidiales(0.9900),f:Filobasidiaceae(0.9900),g:Filobasidium(0.9900),s:Filobasidium_chernovii_SH197624.07FU(0.9700)	+	d:Fungi,p:Basidiomycota,c:Tremellomycetes,o:Filobasidiales,f:Filobasidiaceae,g:Filobasidium,s:Filobasidium_chernovii_SH197624.07FU
Otu49	d:Fungi(1.0000),p:Basidiomycota(1.0000),c:Agaricomycetes(0.9800),o:Cantharellales(0.9800),f:Ceratobasidiaceae(0.9400),g:Thanatephorus(0.6000),s:Thanatephorus_cucumeris_SH220622.07FU(0.6000)	+	d:Fungi,p:Basidiomycota,c:Agaricomycetes,o:Cantharellales,f:Ceratobasidiaceae
Otu41	d:Fungi(1.0000),p:Basidiomycota(1.0000),c:Tremellomycetes(0.9400),o:Cystofilobasidiales(0.9400),f:Cystofilobasidiaceae(0.9400),g:Cystofilobasidium(0.9400),s:Cystofilobasidium_macerans_SH194016.07FU(0.3200)	+	d:Fungi,p:Basidiomycota,c:Tremellomycetes,o:Cystofilobasidiales,f:Cystofilobasidiaceae,g:Cystofilobasidium
Otu51	d:Fungi(1.0000),p:Ascomycota(1.0000),c:Eurotiomycetes(1.0000),o:Chaetothyriales(1.0000),f:Herpotrichiellaceae(1.0000)	+	d:Fungi,p:Ascomycota,c:Eurotiomycetes,o:Chaetothyriales,f:Herpotrichiellaceae
Otu43	d:Fungi(1.0000),p:Ascomycota(1.0000),c:Dothideomycetes(1.0000),o:Pleosporales(1.0000),f:Phaeosphaeriaceae(1.0000),g:Wojnowiciella(0.0400),s:Wojnowiciella_eucalypti_SH550409.07FU(0.0400)	+	d:Fungi,p:Ascomycota,c:Dothideomycetes,o:Pleosporales,f:Phaeosphaeriaceae
Otu53	d:Fungi(1.0000)	+	d:Fungi
Otu54	d:Fungi(1.0000),p:Ascomycota(1.0000),c:Leotiomycetes(1.0000),o:Helotiales(1.0000),f:Helotiaceae(1.0000),g:Articulospora(1.0000)	+	d:Fungi,p:Ascomycota,c:Leotiomycetes,o:Helotiales,f:Helotiaceae,g:Articulospora
Otu56	d:Fungi(1.0000),p:Ascomycota(1.0000),c:Dothideomycetes(1.0000),o:Pleosporales(0.9900),f:Phaeosphaeriaceae(0.9900),g:Septoriella(0.8800),s:Septoriella_phragmitis_SH238525.07FU(0.8600)	+	d:Fungi,p:Ascomycota,c:Dothideomycetes,o:Pleosporales,f:Phaeosphaeriaceae,g:Septoriella,s:Septoriella_phragmitis_SH238525.07FU
Otu50	d:Fungi(1.0000),p:Basidiomycota(1.0000),c:Agaricomycetes(1.0000),o:Cantharellales(1.0000),f:Ceratobasidiaceae(1.0000),g:Ceratobasidium(0.6600),s:Thanatephorus_cucumeris_SH220622.07FU(0.2600)	+	d:Fungi,p:Basidiomycota,c:Agaricomycetes,o:Cantharellales,f:Ceratobasidiaceae
Otu52	d:Fungi(1.0000),p:Ascomycota(0.4000),c:Eurotiomycetes(0.3900),o:Eurotiales(0.3900),f:Aspergillaceae(0.3900),g:Penicillium(0.3900),s:Cladosporium_grevilleae_SH176536.07FU(0.0100)	+	d:Fungi
Otu57	d:Fungi(1.0000),p:Ascomycota(0.9900),c:Dothideomycetes(0.9600),o:Pleosporales(0.9600),f:Phaeosphaeriaceae(0.9100),g:Septoriella(0.8900),s:Septoriella_hirta_SH182993.07FU(0.6400)	+	d:Fungi,p:Ascomycota,c:Dothideomycetes,o:Pleosporales,f:Phaeosphaeriaceae,g:Septoriella
Otu47	d:Fungi(1.0000),p:Ascomycota(0.9900),c:Leotiomycetes(0.9900),o:Helotiales(0.9900),f:Helotiaceae(0.9900),g:Articulospora(0.9900),s:Articulospora_proliferata_SH083259.07FU(0.0300)	+	d:Fungi,p:Ascomycota,c:Leotiomycetes,o:Helotiales,f:Helotiaceae,g:Articulospora
Otu48	d:Fungi(1.0000),p:Basidiomycota(0.0900),c:Agaricomycetes(0.0900),o:Agaricales(0.0500),f:Tricholomataceae(0.0500),g:Arrhenia(0.0400),s:Arrhenia_auriscalpium_SH104559.07FU(0.0300)	+	d:Fungi
Otu62	d:Plantae(1.0000)	+	d:Plantae
Otu61	d:Fungi(1.0000),p:Basidiomycota(1.0000),c:Agaricomycetes(1.0000),o:Cantharellales(1.0000),f:Ceratobasidiaceae(1.0000)	+	d:Fungi,p:Basidiomycota,c:Agaricomycetes,o:Cantharellales,f:Ceratobasidiaceae
Otu59	d:Fungi(1.0000),p:Olpidiomycota(0.2700),c:Olpidiomycetes(0.2700),o:Olpidiales(0.2700),f:Olpidiaceae(0.2500),g:Olpidium(0.2500),s:Olpidium_brassicae_SH194417.07FU(0.2500)	+	d:Fungi
Otu60	d:Fungi(1.0000),p:Ascomycota(0.0400),c:Dothideomycetes(0.0400),o:Pleosporales(0.0400),f:Phaeosphaeriaceae(0.0400)	+	d:Fungi
Otu64	d:Fungi(1.0000),p:Ascomycota(0.9900),c:Dothideomycetes(0.9700),o:Pleosporales(0.9700),f:Phaeosphaeriaceae(0.9500),g:Septoriella(0.7700),s:Septoriella_phragmitis_SH238525.07FU(0.7100)	+	d:Fungi,p:Ascomycota,c:Dothideomycetes,o:Pleosporales,f:Phaeosphaeriaceae
Otu55	d:Fungi(1.0000),p:Basidiomycota(1.0000),c:Tremellomycetes(1.0000),o:Cystofilobasidiales(1.0000),f:Mrakiaceae(1.0000),g:Itersonilia(1.0000),s:Itersonilia_perplexans_SH199072.07FU(0.8300)	+	d:Fungi,p:Basidiomycota,c:Tremellomycetes,o:Cystofilobasidiales,f:Mrakiaceae,g:Itersonilia,s:Itersonilia_perplexans_SH199072.07FU
Otu58	d:Fungi(1.0000),p:Ascomycota(0.9900),c:Dothideomycetes(0.9500),o:Symbiotaphrinales(0.0100),f:Symbiotaphrinaceae(0.0100),g:Symbiotaphrina(0.0100),s:Symbiotaphrina_kochii_SH021199.07FU(0.0100)	+	d:Fungi,p:Ascomycota,c:Dothideomycetes
Otu63	d:Fungi(1.0000),p:Basidiomycota(1.0000),c:Agaricomycetes(1.0000),o:Cantharellales(1.0000),f:Ceratobasidiaceae(1.0000)	+	d:Fungi,p:Basidiomycota,c:Agaricomycetes,o:Cantharellales,f:Ceratobasidiaceae
Otu67	d:Fungi(1.0000),p:Ascomycota(0.8300),c:Dothideomycetes(0.8200),o:Pleosporales(0.8200),f:Phaeosphaeriaceae(0.6100),g:Leptosphaeria(0.1700),s:Leptosphaeria_avenaria_SH183009.07FU(0.1700)	+	d:Fungi,p:Ascomycota,c:Dothideomycetes,o:Pleosporales
Otu68	d:Fungi(1.0000),p:Ascomycota(0.9000),c:Sordariomycetes(0.5600),o:Hypocreales(0.5600)	+	d:Fungi,p:Ascomycota
Otu69	d:Fungi(1.0000),p:Ascomycota(1.0000),c:Dothideomycetes(1.0000),o:Pleosporales(1.0000),f:Phaeosphaeriaceae(0.4000),g:Paraphoma(0.4000),s:Paraphoma_chrysanthemicola_SH208737.07FU(0.1100)	+	d:Fungi,p:Ascomycota,c:Dothideomycetes,o:Pleosporales
Otu70	d:Fungi(1.0000),p:Ascomycota(0.9900),c:Leotiomycetes(0.9900),o:Helotiales(0.9900),f:Helotiaceae(0.9900),g:Articulospora(0.9900),s:Articulospora_proliferata_SH083259.07FU(0.0800)	+	d:Fungi,p:Ascomycota,c:Leotiomycetes,o:Helotiales,f:Helotiaceae,g:Articulospora
Otu71	d:Fungi(1.0000),p:Ascomycota(1.0000),c:Leotiomycetes(0.7200),o:Thelebolales(0.7200),f:Thelebolaceae(0.7200)	+	d:Fungi,p:Ascomycota
Otu75	d:Fungi(1.0000),p:Basidiomycota(1.0000),c:Agaricomycetes(1.0000),o:Cantharellales(1.0000),f:Ceratobasidiaceae(1.0000),g:Thanatephorus(0.2100),s:Thanatephorus_cucumeris_SH218697.07FU(0.0600)	+	d:Fungi,p:Basidiomycota,c:Agaricomycetes,o:Cantharellales,f:Ceratobasidiaceae
Otu66	d:Fungi(1.0000),p:Ascomycota(0.9900),c:Leotiomycetes(0.9900),o:Helotiales(0.9900),f:Hyaloscyphaceae(0.8300),g:Trichopeziza(0.7100),s:Trichopeziza_mollissima_SH196494.07FU(0.7100)	+	d:Fungi,p:Ascomycota,c:Leotiomycetes,o:Helotiales,f:Hyaloscyphaceae
Otu76	d:Fungi(1.0000),p:Ascomycota(0.9800),c:Dothideomycetes(0.9800),o:Pleosporales(0.9600),f:Coniothyriaceae(0.0500),g:Hazslinszkyomyces(0.0500),s:Hazslinszkyomyces_aloes_SH022621.07FU(0.0500)	+	d:Fungi,p:Ascomycota,c:Dothideomycetes,o:Pleosporales
Otu77	d:Fungi(1.0000),p:Ascomycota(1.0000),c:Leotiomycetes(1.0000),o:Helotiales(1.0000),f:Helotiaceae(0.9900),g:Articulospora(0.9900),s:Articulospora_proliferata_SH083259.07FU(0.0200)	+	d:Fungi,p:Ascomycota,c:Leotiomycetes,o:Helotiales,f:Helotiaceae,g:Articulospora
Otu74	d:Fungi(1.0000),p:Basidiomycota(1.0000),c:Agaricomycetes(1.0000),o:Cantharellales(1.0000),f:Ceratobasidiaceae(0.9900),g:Ceratobasidium(0.7300),s:Thanatephorus_cucumeris_SH220622.07FU(0.2000)	+	d:Fungi,p:Basidiomycota,c:Agaricomycetes,o:Cantharellales,f:Ceratobasidiaceae
Otu80	d:Fungi(1.0000),p:Basidiomycota(1.0000),c:Agaricomycetes(1.0000),o:Cantharellales(1.0000),f:Ceratobasidiaceae(0.9900),g:Thanatephorus(0.5700),s:Thanatephorus_cucumeris_SH220622.07FU(0.5700)	+	d:Fungi,p:Basidiomycota,c:Agaricomycetes,o:Cantharellales,f:Ceratobasidiaceae
Otu78	d:Fungi(1.0000),p:Ascomycota(0.9700),c:Leotiomycetes(0.2300),o:Helotiales(0.1800),f:Helotiaceae(0.1600),g:Articulospora(0.1600),s:Calloria_urticae_SH529064.07FU(0.0100)	+	d:Fungi,p:Ascomycota
Otu73	d:Fungi(1.0000),p:Ascomycota(0.9700),c:Leotiomycetes(0.2300),o:Helotiales(0.1800),f:Helotiaceae(0.1600),g:Articulospora(0.1600),s:Calloria_urticae_SH529064.07FU(0.0100)	+	d:Fungi,p:Ascomycota
Otu79	d:Fungi(1.0000),p:Ascomycota(0.8200),c:Leotiomycetes(0.7900),o:Helotiales(0.7900),f:Dermateaceae(0.6500),g:Calloria(0.6500),s:Calloria_urticae_SH529064.07FU(0.6500)	+	d:Fungi,p:Ascomycota
Otu81	d:Fungi(1.0000),p:Ascomycota(0.9000),c:Eurotiomycetes(0.8300),o:Verrucariales(0.7600),f:Verrucariaceae(0.6800),g:Verrucaria(0.2300),s:Verrucaria_funckii_SH187386.07FU(0.0600)	+	d:Fungi,p:Ascomycota,c:Eurotiomycetes
Otu85	d:Plantae(1.0000)	+	d:Plantae
Otu65	d:Fungi(1.0000),p:Ascomycota(0.9800),c:Leotiomycetes(0.9700),o:Helotiales(0.9700),f:Helotiales_fam_Incertae_sedis(0.8600),g:Chalara(0.8600),s:Calloria_urticae_SH529064.07FU(0.0400)	+	d:Fungi,p:Ascomycota,c:Leotiomycetes,o:Helotiales,f:Helotiales_fam_Incertae_sedis,g:Chalara
Otu72	d:Fungi(1.0000),p:Ascomycota(1.0000),c:Leotiomycetes(1.0000),o:Helotiales(1.0000),f:Helotiaceae(1.0000),g:Tetracladium(1.0000)	+	d:Fungi,p:Ascomycota,c:Leotiomycetes,o:Helotiales,f:Helotiaceae,g:Tetracladium
Otu82	d:Fungi(1.0000),p:Ascomycota(0.9800),c:Leotiomycetes(0.9700),o:Helotiales(0.9700),f:Helotiales_fam_Incertae_sedis(0.8600),g:Chalara(0.8600),s:Calloria_urticae_SH529064.07FU(0.0400)	+	d:Fungi,p:Ascomycota,c:Leotiomycetes,o:Helotiales,f:Helotiales_fam_Incertae_sedis,g:Chalara
Otu83	d:Fungi(1.0000),p:Ascomycota(0.9600),c:Dothideomycetes(0.6800),o:Pleosporales(0.6800),f:Melanommataceae(0.6800),g:Alpinaria(0.4600),s:Alpinaria_rhododendri_SH106794.07FU(0.4600)	+	d:Fungi,p:Ascomycota
Otu86	d:Fungi(1.0000),p:Basidiomycota(1.0000),c:Agaricomycetes(1.0000),o:Cantharellales(1.0000),f:Ceratobasidiaceae(1.0000),g:Thanatephorus(0.1700),s:Thanatephorus_ochraceus_SH209356.07FU(0.0700)	+	d:Fungi,p:Basidiomycota,c:Agaricomycetes,o:Cantharellales,f:Ceratobasidiaceae
Otu88	d:Fungi(1.0000),p:Ascomycota(0.3600),c:Leotiomycetes(0.2800),o:Helotiales(0.2800),f:Helotiales_fam_Incertae_sedis(0.1900),g:Mastigosporium(0.1300),s:Mastigosporium_album_SH213616.07FU(0.1300)	+	d:Fungi
Otu90	d:Fungi(1.0000),p:Ascomycota(1.0000),c:Leotiomycetes(1.0000),o:Helotiales(1.0000),f:Dermateaceae(1.0000),g:Helgardia(1.0000),s:Helgardia_anguioides_SH186800.07FU(0.0400)	+	d:Fungi,p:Ascomycota,c:Leotiomycetes,o:Helotiales,f:Dermateaceae,g:Helgardia
Otu94	d:Fungi(1.0000),p:Basidiomycota(0.8700),c:Microbotryomycetes(0.8700),o:Leucosporidiales(0.8100),f:Leucosporidiaceae(0.7700),g:Leucosporidium(0.7700),s:Leucosporidium_muscorum_SH193769.07FU(0.3500)	+	d:Fungi,p:Basidiomycota,c:Microbotryomycetes,o:Leucosporidiales
Otu84	d:Fungi(1.0000)	+	d:Fungi
Otu95	d:Fungi(1.0000),p:Ascomycota(0.8000),c:Sordariomycetes(0.8000),o:Xylariales(0.7900),f:Hyponectriaceae(0.5700),g:Monographella(0.5700),s:Monographella_nivalis_SH213511.07FU(0.5700)	+	d:Fungi,p:Ascomycota,c:Sordariomycetes
Otu93	d:Fungi(1.0000),p:Ascomycota(0.9300),c:Leotiomycetes(0.8500),o:Helotiales(0.8500)	+	d:Fungi,p:Ascomycota,c:Leotiomycetes,o:Helotiales
Otu87	d:Fungi(1.0000),p:Ascomycota(1.0000),c:Dothideomycetes(1.0000),o:Pleosporales(1.0000),f:Phaeosphaeriaceae(1.0000)	+	d:Fungi,p:Ascomycota,c:Dothideomycetes,o:Pleosporales,f:Phaeosphaeriaceae
Otu97	d:Fungi(1.0000),p:Basidiomycota(0.9800),c:Agaricostilbomycetes(0.9800),o:Agaricostilbales(0.9800),f:Kondoaceae(0.9800),g:Bensingtonia(0.9800)	+	d:Fungi,p:Basidiomycota,c:Agaricostilbomycetes,o:Agaricostilbales,f:Kondoaceae,g:Bensingtonia
Otu96	d:Fungi(1.0000),p:Ascomycota(1.0000),c:Leotiomycetes(1.0000)	+	d:Fungi,p:Ascomycota,c:Leotiomycetes
Otu89	d:Fungi(1.0000),p:Ascomycota(0.8200),c:Leotiomycetes(0.7900),o:Helotiales(0.7900),f:Dermateaceae(0.6500),g:Calloria(0.6500),s:Calloria_urticae_SH529064.07FU(0.6500)	+	d:Fungi,p:Ascomycota
Otu92	d:Fungi(1.0000),p:Ascomycota(0.9700),c:Leotiomycetes(0.2300),o:Helotiales(0.1800),f:Helotiaceae(0.1600),g:Articulospora(0.1600),s:Calloria_urticae_SH529064.07FU(0.0100)	+	d:Fungi,p:Ascomycota
Otu91	d:Fungi(1.0000),p:Ascomycota(1.0000),c:Dothideomycetes(1.0000),o:Pleosporales(1.0000),f:Phaeosphaeriaceae(1.0000),g:Septoriella(0.8400),s:Septoriella_phragmitis_SH238525.07FU(0.8400)	+	d:Fungi,p:Ascomycota,c:Dothideomycetes,o:Pleosporales,f:Phaeosphaeriaceae,g:Septoriella,s:Septoriella_phragmitis_SH238525.07FU
Otu100	d:Fungi(1.0000),p:Ascomycota(0.9900),c:Leotiomycetes(0.9900),o:Helotiales(0.9900),f:Dermateaceae(0.9000),g:Helgardia(0.9000),s:Helgardia_anguioides_SH186800.07FU(0.8700)	+	d:Fungi,p:Ascomycota,c:Leotiomycetes,o:Helotiales,f:Dermateaceae,g:Helgardia,s:Helgardia_anguioides_SH186800.07FU
Otu101	d:Fungi(1.0000),p:Basidiomycota(1.0000),c:Agaricomycetes(1.0000),o:Agaricales(1.0000),f:Typhulaceae(1.0000),g:Typhula(1.0000),s:Typhula_incarnata_SH183712.07FU(1.0000)	+	d:Fungi,p:Basidiomycota,c:Agaricomycetes,o:Agaricales,f:Typhulaceae,g:Typhula,s:Typhula_incarnata_SH183712.07FU
Otu98	d:Fungi(1.0000),p:Ascomycota(1.0000),c:Leotiomycetes(1.0000),o:Helotiales(1.0000),f:Helotiaceae(1.0000),g:Articulospora(0.0100)	+	d:Fungi,p:Ascomycota,c:Leotiomycetes,o:Helotiales,f:Helotiaceae
Otu104	d:Fungi(1.0000),p:Ascomycota(1.0000),c:Dothideomycetes(1.0000),o:Pleosporales(1.0000)	+	d:Fungi,p:Ascomycota,c:Dothideomycetes,o:Pleosporales
Otu103	d:Fungi(1.0000),p:Ascomycota(1.0000),c:Leotiomycetes(1.0000),o:Helotiales(1.0000),f:Dermateaceae(1.0000),g:Helgardia(1.0000),s:Helgardia_anguioides_SH186800.07FU(0.0400)	+	d:Fungi,p:Ascomycota,c:Leotiomycetes,o:Helotiales,f:Dermateaceae,g:Helgardia
Otu106	d:Fungi(1.0000),p:Ascomycota(1.0000),c:Dothideomycetes(1.0000),o:Pleosporales(1.0000),f:Pleosporaceae(1.0000),g:Alternaria(1.0000),s:Alternaria_metachromatica_SH216783.07FU(0.8300)	+	d:Fungi,p:Ascomycota,c:Dothideomycetes,o:Pleosporales,f:Pleosporaceae,g:Alternaria,s:Alternaria_metachromatica_SH216783.07FU
Otu109	d:Fungi(1.0000),p:Ascomycota(0.4700),c:Dothideomycetes(0.4700),o:Pleosporales(0.4700),f:Phaeosphaeriaceae(0.3900),g:Leptosphaeria(0.0700),s:Leptosphaeria_avenaria_SH183009.07FU(0.0700)	+	d:Fungi
Otu102	d:Fungi(1.0000),p:Ascomycota(1.0000),c:Dothideomycetes(1.0000),o:Pleosporales(1.0000),f:Pleosporaceae(1.0000),g:Alternaria(1.0000),s:Alternaria_metachromatica_SH216783.07FU(0.4900)	+	d:Fungi,p:Ascomycota,c:Dothideomycetes,o:Pleosporales,f:Pleosporaceae,g:Alternaria
Otu110	d:Fungi(1.0000),p:Ascomycota(1.0000),c:Dothideomycetes(1.0000),o:Pleosporales(1.0000),f:Lentitheciaceae(1.0000),g:Darksidea(1.0000),s:Darksidea_epsilon_SH207010.07FU(0.9600)	+	d:Fungi,p:Ascomycota,c:Dothideomycetes,o:Pleosporales,f:Lentitheciaceae,g:Darksidea,s:Darksidea_epsilon_SH207010.07FU
Otu99	d:Fungi(1.0000),p:Basidiomycota(0.1100),c:Agaricomycetes(0.1100),o:Agaricales(0.0700),f:Tricholomataceae(0.0600),g:Arrhenia(0.0600),s:Arrhenia_auriscalpium_SH104559.07FU(0.0500)	+	d:Fungi
Otu111	d:Fungi(1.0000),p:Ascomycota(0.9900),c:Dothideomycetes(0.9400),o:Pleosporales(0.9400),f:Phaeosphaeriaceae(0.8400),g:Septoriella(0.7200),s:Septoriella_phragmitis_SH238525.07FU(0.7200)	+	d:Fungi,p:Ascomycota,c:Dothideomycetes,o:Pleosporales,f:Phaeosphaeriaceae
Otu108	d:Fungi(1.0000),p:Ascomycota(1.0000),c:Leotiomycetes(1.0000)	+	d:Fungi,p:Ascomycota,c:Leotiomycetes
Otu113	d:Fungi(1.0000),p:Basidiomycota(1.0000),c:Tremellomycetes(1.0000),o:Tremellales(1.0000),f:Bulleribasidiaceae(1.0000),g:Vishniacozyma(1.0000),s:Vishniacozyma_tephrensis_SH085566.07FU(0.0600)	+	d:Fungi,p:Basidiomycota,c:Tremellomycetes,o:Tremellales,f:Bulleribasidiaceae,g:Vishniacozyma
Otu105	d:Fungi(1.0000),p:Ascomycota(0.9400),c:Leotiomycetes(0.9000),o:Helotiales(0.9000),f:Helotiaceae(0.0700),g:Tetracladium(0.0700),s:Tetracladium_marchalianum_SH204312.07FU(0.0700)	+	d:Fungi,p:Ascomycota,c:Leotiomycetes,o:Helotiales
Otu107	d:Fungi(1.0000),p:Basidiomycota(1.0000),c:Tremellomycetes(1.0000),o:Tremellales(0.1800),f:Bulleribasidiaceae(0.1800),g:Vishniacozyma(0.1800),s:Vishniacozyma_victoriae_SH181628.07FU(0.1800)	+	d:Fungi,p:Basidiomycota,c:Tremellomycetes
Otu114	d:Fungi(1.0000),p:Ascomycota(0.0900),c:Sordariomycetes(0.0900),o:Glomerellales(0.0900),f:Plectosphaerellaceae(0.0900),g:Plectosphaerella(0.0900),s:Plectosphaerella_cucumerina_SH527845.07FU(0.0600)	+	d:Fungi
Otu116	d:Fungi(1.0000),p:Ascomycota(0.9800),c:Leotiomycetes(0.9700),o:Helotiales(0.9700),f:Helotiales_fam_Incertae_sedis(0.8600),g:Chalara(0.8600),s:Calloria_urticae_SH529064.07FU(0.0400)	+	d:Fungi,p:Ascomycota,c:Leotiomycetes,o:Helotiales,f:Helotiales_fam_Incertae_sedis,g:Chalara
Otu112	d:Fungi(1.0000),p:Ascomycota(0.9800),c:Leotiomycetes(0.9700),o:Helotiales(0.9700),f:Helotiales_fam_Incertae_sedis(0.8600),g:Chalara(0.8600),s:Calloria_urticae_SH529064.07FU(0.0400)	+	d:Fungi,p:Ascomycota,c:Leotiomycetes,o:Helotiales,f:Helotiales_fam_Incertae_sedis,g:Chalara
Otu118	d:Fungi(1.0000)	+	d:Fungi
Otu120	d:Fungi(1.0000),p:Basidiomycota(0.0300),c:Agaricomycetes(0.0300),o:Agaricales(0.0100),f:Tricholomataceae(0.0100),g:Jaapia(0.0100),s:Jaapia_argillacea_SH190038.07FU(0.0100)	+	d:Fungi
Otu122	d:Fungi(1.0000),p:Ascomycota(1.0000),c:Dothideomycetes(1.0000),o:Pleosporales(0.9900)	+	d:Fungi,p:Ascomycota,c:Dothideomycetes,o:Pleosporales
Otu123	d:Fungi(1.0000),p:Ascomycota(0.0200),c:Dothideomycetes(0.0200),o:Pleosporales(0.0200),f:Pleosporales_fam_Incertae_sedis(0.0200),g:Pseudorobillarda(0.0200)	+	d:Fungi
Otu115	d:Fungi(1.0000),p:Ascomycota(0.9700),c:Leotiomycetes(0.9600),o:Helotiales(0.8000),f:Helotiales_fam_Incertae_sedis(0.4000),g:Leptodontidium(0.3800),s:Pezicula_pruinosa_SH201732.07FU(0.0500)	+	d:Fungi,p:Ascomycota,c:Leotiomycetes,o:Helotiales
Otu124	d:Fungi(1.0000),p:Ascomycota(1.0000),c:Dothideomycetes(1.0000),o:Pleosporales(1.0000)	+	d:Fungi,p:Ascomycota,c:Dothideomycetes,o:Pleosporales
Otu119	d:Fungi(1.0000),p:Ascomycota(1.0000),c:Dothideomycetes(1.0000),o:Pleosporales(1.0000),f:Phaeosphaeriaceae(0.4300),g:Paraphoma(0.4300),s:Paraphoma_chrysanthemicola_SH211091.07FU(0.0900)	+	d:Fungi,p:Ascomycota,c:Dothideomycetes,o:Pleosporales
Otu117	d:Fungi(1.0000),p:Ascomycota(0.7900),c:Leotiomycetes(0.7700),o:Helotiales(0.7400),f:Helotiaceae(0.6500),g:Articulospora(0.6200),s:Proliferodiscus_tricolor_SH014732.07FU(0.0100)	+	d:Fungi
Otu126	d:Fungi(1.0000),p:Ascomycota(1.0000),c:Leotiomycetes(1.0000)	+	d:Fungi,p:Ascomycota,c:Leotiomycetes
Otu121	d:Fungi(1.0000),p:Ascomycota(1.0000),c:Leotiomycetes(1.0000),o:Erysiphales(1.0000),f:Erysiphaceae(1.0000),g:Blumeria(1.0000),s:Blumeria_graminis_SH205385.07FU(0.6100)	+	d:Fungi,p:Ascomycota,c:Leotiomycetes,o:Erysiphales,f:Erysiphaceae,g:Blumeria
Otu125	d:Fungi(1.0000),p:Ascomycota(0.9900),c:Dothideomycetes(0.9700),o:Pleosporales(0.9700),f:Phaeosphaeriaceae(0.5300),g:Sclerostagonospora(0.4400),s:Sclerostagonospora_opuntiae_SH182980.07FU(0.4400)	+	d:Fungi,p:Ascomycota,c:Dothideomycetes,o:Pleosporales
Otu127	d:Fungi(1.0000),p:Ascomycota(0.6600)	+	d:Fungi
Otu131	d:Fungi(1.0000),p:Ascomycota(1.0000),c:Dothideomycetes(1.0000),o:Pleosporales(1.0000),f:Pleosporaceae(1.0000),g:Alternaria(1.0000),s:Alternaria_metachromatica_SH216783.07FU(0.8300)	+	d:Fungi,p:Ascomycota,c:Dothideomycetes,o:Pleosporales,f:Pleosporaceae,g:Alternaria,s:Alternaria_metachromatica_SH216783.07FU
Otu129	d:Fungi(1.0000),p:Basidiomycota(0.9900),c:Agaricomycetes(0.9900),o:Cantharellales(0.9900),f:Ceratobasidiaceae(0.9900)	+	d:Fungi,p:Basidiomycota,c:Agaricomycetes,o:Cantharellales,f:Ceratobasidiaceae
Otu134	d:Fungi(1.0000),p:Ascomycota(1.0000),c:Dothideomycetes(1.0000),o:Pleosporales(1.0000)	+	d:Fungi,p:Ascomycota,c:Dothideomycetes,o:Pleosporales
Otu135	d:Fungi(1.0000),p:Ascomycota(1.0000),c:Dothideomycetes(1.0000),o:Pleosporales(1.0000)	+	d:Fungi,p:Ascomycota,c:Dothideomycetes,o:Pleosporales
Otu138	d:Fungi(1.0000),p:Basidiomycota(1.0000),c:Agaricomycetes(1.0000),o:Cantharellales(1.0000),f:Ceratobasidiaceae(1.0000),g:Ceratobasidium(0.2500),s:Thanatephorus_cucumeris_SH000105.07FU(0.0500)	+	d:Fungi,p:Basidiomycota,c:Agaricomycetes,o:Cantharellales,f:Ceratobasidiaceae
Otu132	d:Fungi(1.0000),p:Ascomycota(0.7200),c:Dothideomycetes(0.6900),o:Capnodiales(0.5600),f:Mycosphaerellaceae(0.5600),g:Mycocentrospora(0.5100),s:Thyrostroma_cornicola_SH202166.07FU(0.1200)	+	d:Fungi
Otu128	d:Fungi(1.0000),p:Ascomycota(0.9600),c:Dothideomycetes(0.6800),o:Pleosporales(0.6800),f:Melanommataceae(0.6800),g:Alpinaria(0.4600),s:Alpinaria_rhododendri_SH106794.07FU(0.4600)	+	d:Fungi,p:Ascomycota
Otu130	d:Fungi(1.0000),p:Ascomycota(0.9800),c:Leotiomycetes(0.9700),o:Helotiales(0.9700),f:Helotiales_fam_Incertae_sedis(0.8600),g:Chalara(0.8600),s:Calloria_urticae_SH529064.07FU(0.0400)	+	d:Fungi,p:Ascomycota,c:Leotiomycetes,o:Helotiales,f:Helotiales_fam_Incertae_sedis,g:Chalara
Otu133	d:Fungi(1.0000),p:Ascomycota(1.0000),c:Dothideomycetes(1.0000),o:Pleosporales(1.0000),f:Leptosphaeriaceae(0.9700),g:Leptosphaeria(0.9700),s:Leptosphaeria_sclerotioides_SH206026.07FU(0.4100)	+	d:Fungi,p:Ascomycota,c:Dothideomycetes,o:Pleosporales,f:Leptosphaeriaceae,g:Leptosphaeria
Otu139	d:Fungi(1.0000),p:Ascomycota(1.0000),c:Dothideomycetes(1.0000),o:Pleosporales(1.0000),f:Leptosphaeriaceae(0.9700),g:Leptosphaeria(0.9700),s:Leptosphaeria_sclerotioides_SH206026.07FU(0.4100)	+	d:Fungi,p:Ascomycota,c:Dothideomycetes,o:Pleosporales,f:Leptosphaeriaceae,g:Leptosphaeria
Otu136	d:Fungi(1.0000),p:Basidiomycota(0.1800),c:Agaricomycetes(0.1800),o:Agaricales(0.1500),f:Tricholomataceae(0.1200),g:Arrhenia(0.0900),s:Arrhenia_auriscalpium_SH104559.07FU(0.0700)	+	d:Fungi
Otu140	d:Fungi(1.0000),p:Ascomycota(0.9600),c:Dothideomycetes(0.6800),o:Pleosporales(0.6800),f:Melanommataceae(0.6800),g:Alpinaria(0.4600),s:Alpinaria_rhododendri_SH106794.07FU(0.4600)	+	d:Fungi,p:Ascomycota
Otu141	d:Fungi(1.0000),p:Ascomycota(1.0000),c:Dothideomycetes(0.9700),o:Pleosporales(0.9700),f:Phaeosphaeriaceae(0.5700),g:Sclerostagonospora(0.4200),s:Sclerostagonospora_opuntiae_SH182980.07FU(0.4200)	+	d:Fungi,p:Ascomycota,c:Dothideomycetes,o:Pleosporales
Otu142	d:Fungi(1.0000),p:Ascomycota(1.0000),c:Dothideomycetes(1.0000),o:Pleosporales(1.0000),f:Pleosporaceae(1.0000),g:Pyrenophora(0.9900),s:Pyrenophora_tritici-repentis_SH193139.07FU(0.8000)	+	d:Fungi,p:Ascomycota,c:Dothideomycetes,o:Pleosporales,f:Pleosporaceae,g:Pyrenophora,s:Pyrenophora_tritici-repentis_SH193139.07FU
Otu137	d:Fungi(1.0000),p:Ascomycota(0.7900),c:Leotiomycetes(0.7700),o:Helotiales(0.7400),f:Helotiaceae(0.6500),g:Articulospora(0.6200),s:Proliferodiscus_tricolor_SH014732.07FU(0.0100)	+	d:Fungi
Otu143	d:Fungi(0.9700),p:Basidiomycota(0.3100),c:Agaricomycetes(0.3000),o:Sebacinales(0.1100),f:Mortierellaceae(0.0800),g:Mortierella(0.0800),s:Symbiotaphrina_buchneri_SH643910.07FU(0.0300)	+	d:Fungi
Otu149	d:Fungi(1.0000),p:Ascomycota(0.0300),c:Dothideomycetes(0.0300),o:Pleosporales(0.0300),f:Didymellaceae(0.0300),g:Neoascochyta(0.0200),s:Neoascochyta_desmazieri_SH215819.07FU(0.0200)	+	d:Fungi
Otu150	d:Fungi(1.0000),p:Basidiomycota(1.0000),c:Agaricomycetes(1.0000),o:Cantharellales(1.0000),f:Ceratobasidiaceae(1.0000),g:Thanatephorus(0.4600),s:Thanatephorus_cucumeris_SH218665.07FU(0.4600)	+	d:Fungi,p:Basidiomycota,c:Agaricomycetes,o:Cantharellales,f:Ceratobasidiaceae
Otu152	d:Fungi(0.7800),p:Ascomycota(0.3400),c:Glomeromycetes(0.2200),o:Glomerales(0.1500),f:Glomeraceae(0.1500),g:Symbiotaphrina(0.0800),s:Symbiotaphrina_kochii_SH021199.07FU(0.0400)	+	
Otu148	d:Fungi(1.0000),p:Basidiomycota(1.0000),c:Agaricomycetes(1.0000),o:Cantharellales(1.0000),f:Ceratobasidiaceae(1.0000),g:Waitea(0.0700),s:Waitea_circinata_var._circinata_SH015963.07FU(0.0700)	+	d:Fungi,p:Basidiomycota,c:Agaricomycetes,o:Cantharellales,f:Ceratobasidiaceae
Otu145	d:Fungi(1.0000),p:Ascomycota(1.0000),c:Dothideomycetes(1.0000),o:Pleosporales(0.9700),f:Lentitheciaceae(0.0300),g:Murilentithecium(0.0300),s:Murilentithecium_clematidis_SH531353.07FU(0.0300)	+	d:Fungi,p:Ascomycota,c:Dothideomycetes,o:Pleosporales
Otu153	d:Fungi(1.0000),p:Ascomycota(1.0000),c:Eurotiomycetes(1.0000),o:Verrucariales(1.0000),f:Verrucariaceae(0.8200),g:Verrucaria(0.7900),s:Verrucaria_macrostoma_SH205399.07FU(0.2800)	+	d:Fungi,p:Ascomycota,c:Eurotiomycetes,o:Verrucariales,f:Verrucariaceae
Otu151	d:Fungi(1.0000),p:Ascomycota(1.0000),c:Dothideomycetes(1.0000)	+	d:Fungi,p:Ascomycota,c:Dothideomycetes
Otu154	d:Fungi(1.0000),p:Basidiomycota(1.0000),c:Agaricomycetes(1.0000),o:Cantharellales(1.0000),f:Ceratobasidiaceae(1.0000)	+	d:Fungi,p:Basidiomycota,c:Agaricomycetes,o:Cantharellales,f:Ceratobasidiaceae
Otu146	d:Fungi(1.0000),p:Ascomycota(0.7900),c:Leotiomycetes(0.7700),o:Helotiales(0.7400),f:Helotiaceae(0.6500),g:Articulospora(0.6200),s:Proliferodiscus_tricolor_SH014732.07FU(0.0100)	+	d:Fungi
Otu156	d:Fungi(1.0000),p:Ascomycota(1.0000),c:Dothideomycetes(1.0000),o:Capnodiales(1.0000),f:Mycosphaerellaceae(1.0000),g:Zymoseptoria(0.8300),s:Zymoseptoria_brevis_SH195824.07FU(0.2300)	+	d:Fungi,p:Ascomycota,c:Dothideomycetes,o:Capnodiales,f:Mycosphaerellaceae,g:Zymoseptoria
Otu155	d:Fungi(1.0000),p:Ascomycota(1.0000),c:Leotiomycetes(1.0000),o:Helotiales(1.0000),f:Helotiaceae(1.0000),g:Articulospora(0.0100)	+	d:Fungi,p:Ascomycota,c:Leotiomycetes,o:Helotiales,f:Helotiaceae
Otu144	d:Fungi(1.0000),p:Ascomycota(0.2100),c:Dothideomycetes(0.2100),o:Dothideales(0.2100),f:Aureobasidiaceae(0.2100),g:Aureobasidium(0.2100),s:Aureobasidium_pullulans_SH195774.07FU(0.1300)	+	d:Fungi
Otu147	d:Fungi(1.0000),p:Ascomycota(1.0000),c:Dothideomycetes(1.0000),o:Pleosporales(1.0000),f:Leptosphaeriaceae(0.9700),g:Leptosphaeria(0.9700),s:Leptosphaeria_sclerotioides_SH206026.07FU(0.4100)	+	d:Fungi,p:Ascomycota,c:Dothideomycetes,o:Pleosporales,f:Leptosphaeriaceae,g:Leptosphaeria
Otu160	d:Fungi(1.0000),p:Basidiomycota(0.9400),c:Microbotryomycetes(0.9400),o:Leucosporidiales(0.9300),f:Leucosporidiaceae(0.9300),g:Leucosporidium(0.2600),s:Leucosporidium_fragarium_SH193772.07FU(0.1300)	+	d:Fungi,p:Basidiomycota,c:Microbotryomycetes,o:Leucosporidiales,f:Leucosporidiaceae
Otu158	d:Fungi(1.0000),p:Ascomycota(1.0000),c:Eurotiomycetes(0.9900),o:Verrucariales(0.9900),f:Verrucariaceae(0.8700),g:Verrucaria(0.8600),s:Verrucaria_nigrescens_SH021090.07FU(0.2700)	+	d:Fungi,p:Ascomycota,c:Eurotiomycetes,o:Verrucariales,f:Verrucariaceae,g:Verrucaria
Otu161	d:Fungi(1.0000),p:Ascomycota(0.9800),c:Dothideomycetes(0.7200),o:Pleosporales(0.7000),f:Melanommataceae(0.6800),g:Herpotrichia(0.2500),s:Herpotrichia_juniperi_SH198655.07FU(0.2500)	+	d:Fungi,p:Ascomycota
Otu157	d:Fungi(1.0000),p:Ascomycota(0.9900),c:Dothideomycetes(0.6400),o:Pleosporales(0.6300),f:Melanommataceae(0.6300),g:Alpinaria(0.4100),s:Alpinaria_rhododendri_SH106794.07FU(0.4100)	+	d:Fungi,p:Ascomycota
Otu163	d:Fungi(1.0000),p:Ascomycota(0.9900),c:Leotiomycetes(0.9800),o:Helotiales(0.9800),f:Helotiales_fam_Incertae_sedis(0.9100),g:Chalara(0.9100),s:Calloria_urticae_SH529064.07FU(0.0200)	+	d:Fungi,p:Ascomycota,c:Leotiomycetes,o:Helotiales,f:Helotiales_fam_Incertae_sedis,g:Chalara
Otu159	d:Fungi(1.0000),p:Ascomycota(0.9700),c:Sordariomycetes(0.9700),o:Xylariales(0.9700),f:Sporocadaceae(0.9400),g:Discosia(0.9200),s:Discosia_pseudoartocreas_SH278700.07FU(0.8800)	+	d:Fungi,p:Ascomycota,c:Sordariomycetes,o:Xylariales,f:Sporocadaceae,g:Discosia,s:Discosia_pseudoartocreas_SH278700.07FU
Otu165	d:Fungi(1.0000),p:Ascomycota(1.0000),c:Dothideomycetes(1.0000),o:Pleosporales(0.9600),f:Phaeosphaeriaceae(0.0200)	+	d:Fungi,p:Ascomycota,c:Dothideomycetes,o:Pleosporales
Otu167	d:Fungi(1.0000),p:Rozellomycota(0.6700)	+	d:Fungi
Otu169	d:Fungi(1.0000),p:Basidiomycota(1.0000),c:Agaricomycetes(1.0000),o:Agaricales(1.0000),f:Tricholomataceae(1.0000),g:Calyptella(1.0000),s:Calyptella_capula_SH178424.07FU(1.0000)	+	d:Fungi,p:Basidiomycota,c:Agaricomycetes,o:Agaricales,f:Tricholomataceae,g:Calyptella,s:Calyptella_capula_SH178424.07FU
Otu162	d:Fungi(1.0000),p:Ascomycota(0.5500),c:Dothideomycetes(0.4600),o:Pleosporales(0.4200),f:Didymellaceae(0.4200),g:Ascochyta(0.3600),s:Ascochyta_herbicola_SH345922.07FU(0.2700)	+	d:Fungi
Otu164	d:Fungi(1.0000),p:Ascomycota(0.3500),c:Dothideomycetes(0.3400),o:Pleosporales(0.3400),f:Didymellaceae(0.0100),g:Ascochyta(0.0100),s:Ascochyta_manawaorae_SH005761.07FU(0.0100)	+	d:Fungi
Otu171	d:Fungi(1.0000),p:Basidiomycota(1.0000),c:Tremellomycetes(1.0000),o:Tremellales(0.1800),f:Bulleribasidiaceae(0.1800),g:Vishniacozyma(0.1800),s:Vishniacozyma_victoriae_SH181628.07FU(0.1800)	+	d:Fungi,p:Basidiomycota,c:Tremellomycetes
Otu170	d:Fungi(1.0000),p:Basidiomycota(1.0000),c:Tremellomycetes(1.0000),o:Tremellales(0.1800),f:Bulleribasidiaceae(0.1800),g:Vishniacozyma(0.1800),s:Vishniacozyma_victoriae_SH181628.07FU(0.1800)	+	d:Fungi,p:Basidiomycota,c:Tremellomycetes
Otu174	d:Fungi(1.0000),p:Ascomycota(1.0000),c:Leotiomycetes(1.0000)	+	d:Fungi,p:Ascomycota,c:Leotiomycetes
Otu175	d:Fungi(1.0000),p:Ascomycota(1.0000),c:Dothideomycetes(1.0000),o:Pleosporales(1.0000),f:Pleosporaceae(1.0000),g:Stemphylium(1.0000),s:Stemphylium_vesicarium_SH199527.07FU(0.1700)	+	d:Fungi,p:Ascomycota,c:Dothideomycetes,o:Pleosporales,f:Pleosporaceae,g:Stemphylium
Otu172	d:Fungi(1.0000),p:Ascomycota(0.2800),c:Agaricomycetes(0.1500),o:Cantharellales(0.1300),f:Ceratobasidiaceae(0.1300),g:Thanatephorus(0.1300),s:Thanatephorus_cucumeris_SH216336.07FU(0.1300)	+	d:Fungi
Otu177	d:Fungi(1.0000),p:Basidiomycota(1.0000),c:Agaricomycetes(1.0000),o:Agaricales(1.0000),f:Psathyrellaceae(1.0000)	+	d:Fungi,p:Basidiomycota,c:Agaricomycetes,o:Agaricales,f:Psathyrellaceae
Otu168	d:Fungi(1.0000)	+	d:Fungi
Otu176	d:Fungi(1.0000),p:Ascomycota(0.8000),c:Leotiomycetes(0.7300),o:Helotiales(0.7300),f:Helotiales_fam_Incertae_sedis(0.7300),g:Cadophora(0.7300),s:Cadophora_luteo-olivacea_SH092150.07FU(0.6100)	+	d:Fungi,p:Ascomycota
Otu166	d:Fungi(1.0000)	+	d:Fungi
Otu173	d:Fungi(1.0000),p:Ascomycota(0.7100),c:Dothideomycetes(0.6700),o:Pleosporales(0.6700),f:Phaeosphaeriaceae(0.3900),g:Phaeosphaeria(0.3900),s:Phaeosphaeria_podocarpi_SH182930.07FU(0.3900)	+	d:Fungi
Otu183	d:Fungi(1.0000),p:Ascomycota(1.0000)	+	d:Fungi,p:Ascomycota
Otu181	d:Fungi(1.0000),p:Ascomycota(0.9900),c:Leotiomycetes(0.9800),o:Helotiales(0.9800),f:Helotiales_fam_Incertae_sedis(0.9100),g:Chalara(0.9100),s:Calloria_urticae_SH529064.07FU(0.0200)	+	d:Fungi,p:Ascomycota,c:Leotiomycetes,o:Helotiales,f:Helotiales_fam_Incertae_sedis,g:Chalara
Otu179	d:Fungi(1.0000),p:Ascomycota(1.0000),c:Sordariomycetes(1.0000),o:Xylariales(1.0000),f:Bartaliniaceae(0.9200),g:Bartalinia(0.9200),s:Bartalinia_robillardoides_SH206670.07FU(0.9200)	+	d:Fungi,p:Ascomycota,c:Sordariomycetes,o:Xylariales,f:Bartaliniaceae,g:Bartalinia,s:Bartalinia_robillardoides_SH206670.07FU
Otu188	d:Fungi(1.0000)	+	d:Fungi
Otu189	d:Fungi(1.0000),p:Basidiomycota(1.0000),c:Agaricomycetes(1.0000),o:Cantharellales(1.0000),f:Ceratobasidiaceae(1.0000)	+	d:Fungi,p:Basidiomycota,c:Agaricomycetes,o:Cantharellales,f:Ceratobasidiaceae
Otu184	d:Fungi(1.0000),p:Basidiomycota(1.0000),c:Agaricomycetes(1.0000),o:Cantharellales(1.0000),f:Ceratobasidiaceae(1.0000),g:Ceratobasidium(0.0600)	+	d:Fungi,p:Basidiomycota,c:Agaricomycetes,o:Cantharellales,f:Ceratobasidiaceae
Otu178	d:Fungi(1.0000),p:Basidiomycota(1.0000),c:Agaricomycetes(1.0000),o:Cantharellales(1.0000),f:Ceratobasidiaceae(1.0000)	+	d:Fungi,p:Basidiomycota,c:Agaricomycetes,o:Cantharellales,f:Ceratobasidiaceae
Otu180	d:Fungi(1.0000),p:Ascomycota(0.9700),c:Dothideomycetes(0.1900),o:Pleosporales(0.1900),f:Didymellaceae(0.1900)	+	d:Fungi,p:Ascomycota
Otu182	d:Fungi(1.0000),p:Ascomycota(1.0000),c:Leotiomycetes(1.0000)	+	d:Fungi,p:Ascomycota,c:Leotiomycetes
Otu185	d:Fungi(1.0000),p:Ascomycota(1.0000),c:Dothideomycetes(0.0200),o:Pleosporales(0.0200)	+	d:Fungi,p:Ascomycota
Otu190	d:Fungi(1.0000),p:Basidiomycota(0.9300),c:Microbotryomycetes(0.9300),o:Leucosporidiales(0.9100),f:Leucosporidiaceae(0.9100),g:Leucosporidium(0.9100),s:Leucosporidium_fragarium_SH193772.07FU(0.2200)	+	d:Fungi,p:Basidiomycota,c:Microbotryomycetes,o:Leucosporidiales,f:Leucosporidiaceae,g:Leucosporidium
Otu192	d:Fungi(1.0000),p:Ascomycota(1.0000),c:Dothideomycetes(0.9900),o:Pleosporales(0.6100),f:Lophiostomataceae(0.1000),g:Trichometasphaeria(0.1000),s:Murilentithecium_clematidis_SH531353.07FU(0.0400)	+	d:Fungi,p:Ascomycota,c:Dothideomycetes
Otu187	d:Fungi(1.0000),p:Ascomycota(1.0000),c:Leotiomycetes(1.0000),o:Helotiales(1.0000),f:Helotiaceae(0.9900),g:Articulospora(0.9900),s:Articulospora_proliferata_SH083259.07FU(0.0200)	+	d:Fungi,p:Ascomycota,c:Leotiomycetes,o:Helotiales,f:Helotiaceae,g:Articulospora
Otu186	d:Fungi(1.0000),p:Ascomycota(0.1000),c:Dothideomycetes(0.1000),o:Pleosporales(0.1000)	+	d:Fungi
Otu199	d:Fungi(0.7500),p:Ascomycota(0.3500),c:Agaricomycetes(0.1200),o:Symbiotaphrinales(0.1000),f:Symbiotaphrinaceae(0.1000),g:Symbiotaphrina(0.1000),s:Symbiotaphrina_kochii_SH021199.07FU(0.0600)	+	
Otu196	d:Fungi(1.0000),p:Ascomycota(1.0000),c:Leotiomycetes(1.0000)	+	d:Fungi,p:Ascomycota,c:Leotiomycetes
Otu195	d:Fungi(1.0000),p:Ascomycota(1.0000),c:Dothideomycetes(1.0000),o:Pleosporales(1.0000),f:Phaeosphaeriaceae(1.0000),g:Septoriella(0.9200),s:Septoriella_phragmitis_SH238525.07FU(0.9200)	+	d:Fungi,p:Ascomycota,c:Dothideomycetes,o:Pleosporales,f:Phaeosphaeriaceae,g:Septoriella,s:Septoriella_phragmitis_SH238525.07FU
Otu193	d:Fungi(1.0000),p:Ascomycota(0.2900),c:Dothideomycetes(0.2900),o:Pleosporales(0.2900),f:Leptosphaeriaceae(0.1500),g:Leptosphaeria(0.1500),s:Leptosphaeria_avenaria_SH183009.07FU(0.1500)	+	d:Fungi
Otu198	d:Fungi(1.0000),p:Basidiomycota(1.0000),c:Agaricomycetes(0.9400),o:Agaricales(0.8300)	+	d:Fungi,p:Basidiomycota,c:Agaricomycetes,o:Agaricales
Otu197	d:Fungi(1.0000),p:Ascomycota(0.7700),c:Dothideomycetes(0.7700),o:Capnodiales(0.7700),f:Cladosporiaceae(0.7700),g:Cladosporium(0.7700),s:Cladosporium_grevilleae_SH176536.07FU(0.7600)	+	d:Fungi
Otu191	d:Fungi(1.0000),p:Basidiomycota(0.9400),c:Microbotryomycetes(0.9400),o:Leucosporidiales(0.9300),f:Leucosporidiaceae(0.9300),g:Leucosporidium(0.2600),s:Leucosporidium_fragarium_SH193772.07FU(0.1300)	+	d:Fungi,p:Basidiomycota,c:Microbotryomycetes,o:Leucosporidiales,f:Leucosporidiaceae
Otu194	d:Fungi(1.0000),p:Ascomycota(1.0000),c:Dothideomycetes(1.0000),o:Capnodiales(1.0000),f:Mycosphaerellaceae(1.0000),g:Zymoseptoria(0.8900),s:Zymoseptoria_halophila_SH195828.07FU(0.5200)	+	d:Fungi,p:Ascomycota,c:Dothideomycetes,o:Capnodiales,f:Mycosphaerellaceae,g:Zymoseptoria
Otu202	d:Fungi(1.0000),p:Ascomycota(0.8300),c:Dothideomycetes(0.3100),o:Pleosporales(0.3100),f:Didymellaceae(0.2900),g:Didymella(0.2000),s:Didymella_boeremae_SH245096.07FU(0.1900)	+	d:Fungi,p:Ascomycota
Otu204	d:Fungi(1.0000),p:Ascomycota(1.0000),c:Dothideomycetes(1.0000),o:Pleosporales(1.0000),f:Phaeosphaeriaceae(1.0000),g:Septoriella(1.0000),s:Septoriella_phragmitis_SH238525.07FU(1.0000)	+	d:Fungi,p:Ascomycota,c:Dothideomycetes,o:Pleosporales,f:Phaeosphaeriaceae,g:Septoriella,s:Septoriella_phragmitis_SH238525.07FU
Otu201	d:Fungi(1.0000),p:Basidiomycota(0.9900),c:Agaricomycetes(0.9900),o:Cantharellales(0.9900),f:Ceratobasidiaceae(0.9900)	+	d:Fungi,p:Basidiomycota,c:Agaricomycetes,o:Cantharellales,f:Ceratobasidiaceae
Otu203	d:Fungi(1.0000),p:Basidiomycota(0.9000),c:Microbotryomycetes(0.8300),o:Sporidiobolales(0.7800),f:Sporidiobolaceae(0.7800),g:Sporobolomyces(0.7200),s:Mingxiaea_siamensis_SH001965.07FU(0.0100)	+	d:Fungi,p:Basidiomycota,c:Microbotryomycetes
Otu206	d:Fungi(1.0000),p:Basidiomycota(0.0800),c:Agaricomycetes(0.0800),o:Agaricales(0.0300),f:Tricholomataceae(0.0300),g:Arrhenia(0.0200),s:Arrhenia_auriscalpium_SH104559.07FU(0.0200)	+	d:Fungi
Otu205	d:Fungi(1.0000),p:Ascomycota(0.9800),c:Dothideomycetes(0.8700),o:Pleosporales(0.8600),f:Melanommataceae(0.8300),g:Alpinaria(0.4100),s:Alpinaria_rhododendri_SH106794.07FU(0.4100)	+	d:Fungi,p:Ascomycota,c:Dothideomycetes,o:Pleosporales,f:Melanommataceae
Otu207	d:Fungi(1.0000),p:Ascomycota(0.9800),c:Eurotiomycetes(0.9700),o:Chaetothyriales(0.9700),f:Cyphellophoraceae(0.8000),g:Cyphellophora(0.8000),s:Cyphellophora_laciniata_SH197858.07FU(0.7500)	+	d:Fungi,p:Ascomycota,c:Eurotiomycetes,o:Chaetothyriales,f:Cyphellophoraceae,g:Cyphellophora
Otu211	d:Fungi(1.0000),p:Basidiomycota(1.0000),c:Agaricomycetes(1.0000),o:Russulales(1.0000)	+	d:Fungi,p:Basidiomycota,c:Agaricomycetes,o:Russulales
Otu209	d:Fungi(1.0000),p:Ascomycota(1.0000),c:Dothideomycetes(1.0000),o:Pleosporales(1.0000),f:Pleosporaceae(1.0000),g:Pyrenophora(1.0000),s:Pyrenophora_lolii_SH193145.07FU(0.9100)	+	d:Fungi,p:Ascomycota,c:Dothideomycetes,o:Pleosporales,f:Pleosporaceae,g:Pyrenophora,s:Pyrenophora_lolii_SH193145.07FU
Otu210	d:Fungi(1.0000),p:Ascomycota(0.9900),c:Leotiomycetes(0.9800),o:Helotiales(0.9800),f:Helotiales_fam_Incertae_sedis(0.9100),g:Chalara(0.9100),s:Calloria_urticae_SH529064.07FU(0.0200)	+	d:Fungi,p:Ascomycota,c:Leotiomycetes,o:Helotiales,f:Helotiales_fam_Incertae_sedis,g:Chalara
Otu212	d:Fungi(1.0000),p:Basidiomycota(0.0300),c:Agaricomycetes(0.0300),o:Agaricales(0.0200),f:Tricholomataceae(0.0200),g:Melanoleuca(0.0100),s:Melanoleuca_tristis_SH217831.07FU(0.0100)	+	d:Fungi
Otu200	d:Fungi(1.0000),p:Basidiomycota(0.1500),c:Agaricomycetes(0.1500),o:Agaricales(0.1200),f:Tricholomataceae(0.1000),g:Arrhenia(0.0800),s:Arrhenia_auriscalpium_SH104559.07FU(0.0500)	+	d:Fungi
Otu208	d:Fungi(0.9800),p:Ascomycota(0.5100),c:Lecanoromycetes(0.1900),o:Ostropales(0.1300),f:Stictidaceae(0.0800),g:Scutellospora(0.0500),s:Phaeosphaeria_rousseliana_SH630633.07FU(0.0400)	+	d:Fungi
Otu217	d:Fungi(1.0000),p:Basidiomycota(1.0000),c:Tremellomycetes(1.0000),o:Tremellales(1.0000),f:Bulleribasidiaceae(1.0000),g:Vishniacozyma(1.0000),s:Vishniacozyma_victoriae_SH181632.07FU(1.0000)	+	d:Fungi,p:Basidiomycota,c:Tremellomycetes,o:Tremellales,f:Bulleribasidiaceae,g:Vishniacozyma,s:Vishniacozyma_victoriae_SH181632.07FU
Otu213	d:Fungi(1.0000),p:Ascomycota(0.4100),c:Sordariomycetes(0.3900),o:Sordariales(0.3900),f:Lasiosphaeriaceae(0.2500),g:Schizothecium(0.0500),s:Schizothecium_inaequale_SH201194.07FU(0.0300)	+	d:Fungi
Otu220	d:Fungi(1.0000),p:Ascomycota(1.0000),c:Dothideomycetes(1.0000),o:Pleosporales(1.0000),f:Pleosporaceae(1.0000),g:Alternaria(1.0000),s:Alternaria_tellustris_SH216786.07FU(1.0000)	+	d:Fungi,p:Ascomycota,c:Dothideomycetes,o:Pleosporales,f:Pleosporaceae,g:Alternaria,s:Alternaria_tellustris_SH216786.07FU
Otu214	d:Fungi(1.0000),p:Ascomycota(0.9800),c:Leotiomycetes(0.9700),o:Helotiales(0.9600),f:Helotiales_fam_Incertae_sedis(0.8200),g:Chalara(0.8200),s:Calloria_urticae_SH529064.07FU(0.0600)	+	d:Fungi,p:Ascomycota,c:Leotiomycetes,o:Helotiales,f:Helotiales_fam_Incertae_sedis,g:Chalara
Otu219	d:Fungi(1.0000),p:Ascomycota(0.4100),c:Sordariomycetes(0.3900),o:Sordariales(0.3900),f:Lasiosphaeriaceae(0.2500),g:Schizothecium(0.0500),s:Schizothecium_inaequale_SH201194.07FU(0.0300)	+	d:Fungi
Otu216	d:Fungi(1.0000),p:Ascomycota(1.0000),c:Dothideomycetes(1.0000),o:Pleosporales(1.0000),f:Lentitheciaceae(1.0000),g:Darksidea(1.0000),s:Darksidea_delta_SH279280.07FU(0.7300)	+	d:Fungi,p:Ascomycota,c:Dothideomycetes,o:Pleosporales,f:Lentitheciaceae,g:Darksidea
Otu215	d:Fungi(1.0000),p:Ascomycota(0.9800),c:Dothideomycetes(0.8700),o:Pleosporales(0.8600),f:Melanommataceae(0.8300),g:Alpinaria(0.4100),s:Alpinaria_rhododendri_SH106794.07FU(0.4100)	+	d:Fungi,p:Ascomycota,c:Dothideomycetes,o:Pleosporales,f:Melanommataceae
Otu223	d:Fungi(1.0000),p:Ascomycota(0.9900),c:Dothideomycetes(0.9900),o:Pleosporales(0.9900),f:Phaeosphaeriaceae(0.2500),g:Chaetosphaeronema(0.2500)	+	d:Fungi,p:Ascomycota,c:Dothideomycetes,o:Pleosporales
Otu222	d:Fungi(0.7800),p:Ascomycota(0.3300),c:Glomeromycetes(0.2400),o:Glomerales(0.1500),f:Glomeraceae(0.1500),g:Symbiotaphrina(0.0700),s:Symbiotaphrina_buchneri_SH643910.07FU(0.0400)	+	
Otu218	d:Fungi(1.0000),p:Ascomycota(0.9900),c:Dothideomycetes(0.6100),o:Pleosporales(0.6100),f:Amniculicolaceae(0.3000),g:Murispora(0.3000),s:Murispora_fagicola_SH488951.07FU(0.2000)	+	d:Fungi,p:Ascomycota
Otu224	d:Fungi(1.0000),p:Ascomycota(1.0000),c:Eurotiomycetes(1.0000),o:Chaetothyriales(1.0000),f:Herpotrichiellaceae(1.0000)	+	d:Fungi,p:Ascomycota,c:Eurotiomycetes,o:Chaetothyriales,f:Herpotrichiellaceae
Otu227	d:Fungi(1.0000),p:Ascomycota(0.4100),c:Sordariomycetes(0.3900),o:Sordariales(0.3900),f:Lasiosphaeriaceae(0.2500),g:Schizothecium(0.0500),s:Schizothecium_inaequale_SH201194.07FU(0.0300)	+	d:Fungi
Otu226	d:Fungi(1.0000),p:Ascomycota(0.5800),c:Leotiomycetes(0.4600),o:Helotiales(0.4600),f:Orbiliaceae(0.0100),g:Dactylaria(0.0100),s:Dactylaria_dimorphospora_SH025283.07FU(0.0100)	+	d:Fungi
Otu221	d:Fungi(1.0000),p:Basidiomycota(1.0000),c:Agaricomycetes(0.9900),o:Cantharellales(0.9900),f:Ceratobasidiaceae(0.9900),g:Ceratobasidium(0.0900)	+	d:Fungi,p:Basidiomycota,c:Agaricomycetes,o:Cantharellales,f:Ceratobasidiaceae
Otu231	d:Fungi(1.0000),p:Basidiomycota(1.0000),c:Agaricomycetes(0.9900),o:Cantharellales(0.9900),f:Ceratobasidiaceae(0.9600),g:Thanatephorus(0.4600),s:Thanatephorus_cucumeris_SH220622.07FU(0.4600)	+	d:Fungi,p:Basidiomycota,c:Agaricomycetes,o:Cantharellales,f:Ceratobasidiaceae
Otu233	d:Fungi(0.9900),p:Rozellomycota(0.2200),c:Agaricomycetes(0.1900),o:Diversisporales(0.0900),f:Acaulosporaceae(0.0900),g:Acaulospora(0.0600),s:Cantharellus_subalbidus_SH181063.07FU(0.0400)	+	d:Fungi
Otu232	d:Fungi(1.0000),p:Ascomycota(0.9400),c:Dothideomycetes(0.9400),o:Pleosporales(0.9400),f:Didymellaceae(0.9400)	+	d:Fungi,p:Ascomycota,c:Dothideomycetes,o:Pleosporales,f:Didymellaceae
Otu230	d:Fungi(1.0000),p:Basidiomycota(1.0000),c:Tremellomycetes(1.0000),o:Cystofilobasidiales(1.0000),f:Mrakiaceae(1.0000),g:Itersonilia(1.0000),s:Itersonilia_pannonica_SH199073.07FU(1.0000)	+	d:Fungi,p:Basidiomycota,c:Tremellomycetes,o:Cystofilobasidiales,f:Mrakiaceae,g:Itersonilia,s:Itersonilia_pannonica_SH199073.07FU
Otu234	d:Fungi(1.0000),p:Ascomycota(0.9600),c:Dothideomycetes(0.9600),o:Pleosporales(0.9600),f:Didymellaceae(0.3100),g:Neoascochyta(0.2400),s:Neoascochyta_exitialis_SH215821.07FU(0.1500)	+	d:Fungi,p:Ascomycota,c:Dothideomycetes,o:Pleosporales
Otu228	d:Fungi(1.0000),p:Ascomycota(0.7100),c:Eurotiomycetes(0.1900),o:Helotiales(0.1200),f:Herpotrichiellaceae(0.0500),g:Orbilia(0.0400),s:Symbiotaphrina_kochii_SH021199.07FU(0.0200)	+	d:Fungi
Otu235	d:Fungi(1.0000),p:Basidiomycota(1.0000),c:Tremellomycetes(0.9900),o:Cystofilobasidiales(0.9900),f:Cystofilobasidiaceae(0.9900),g:Cystofilobasidium(0.9900),s:Cystofilobasidium_macerans_SH194015.07FU(0.9500)	+	d:Fungi,p:Basidiomycota,c:Tremellomycetes,o:Cystofilobasidiales,f:Cystofilobasidiaceae,g:Cystofilobasidium,s:Cystofilobasidium_macerans_SH194015.07FU
Otu236	d:Fungi(1.0000),p:Ascomycota(0.9800),c:Eurotiomycetes(0.9800),o:Chaetothyriales(0.9800),f:Herpotrichiellaceae(0.7700),g:Exophiala(0.7500),s:Exophiala_bonariae_SH197658.07FU(0.5400)	+	d:Fungi,p:Ascomycota,c:Eurotiomycetes,o:Chaetothyriales
Otu229	d:Fungi(1.0000),p:Ascomycota(0.8800),c:Dothideomycetes(0.8800),o:Capnodiales(0.0200),f:Cladosporiaceae(0.0200),g:Rachicladosporium(0.0200),s:Rachicladosporium_luculiae_SH018822.07FU(0.0200)	+	d:Fungi,p:Ascomycota,c:Dothideomycetes
Otu225	d:Fungi(1.0000)	+	d:Fungi
Otu237	d:Fungi(1.0000),p:Ascomycota(0.3300),c:Leotiomycetes(0.2900),o:Helotiales(0.2900),f:Helotiaceae(0.0100),g:Tetracladium(0.0100)	+	d:Fungi
Otu239	d:Fungi(1.0000),p:Ascomycota(0.9900),c:Dothideomycetes(0.9600),o:Pleosporales(0.9600),f:Phaeosphaeriaceae(0.9600),g:Septoriella(0.9500),s:Septoriella_phragmitis_SH238525.07FU(0.5500)	+	d:Fungi,p:Ascomycota,c:Dothideomycetes,o:Pleosporales,f:Phaeosphaeriaceae,g:Septoriella
Otu238	d:Fungi(1.0000),p:Ascomycota(1.0000),c:Dothideomycetes(1.0000),o:Capnodiales(1.0000),f:Mycosphaerellaceae(1.0000),g:Zymoseptoria(0.8500),s:Zymoseptoria_brevis_SH195824.07FU(0.2200)	+	d:Fungi,p:Ascomycota,c:Dothideomycetes,o:Capnodiales,f:Mycosphaerellaceae,g:Zymoseptoria
Otu240	d:Fungi(1.0000),p:Ascomycota(1.0000),c:Taphrinomycetes(1.0000),o:Taphrinales(0.9600),f:Taphrinaceae(0.9600),g:Taphrina(0.9600),s:Taphrina_carpini_SH193600.07FU(0.9600)	+	d:Fungi,p:Ascomycota,c:Taphrinomycetes,o:Taphrinales,f:Taphrinaceae,g:Taphrina,s:Taphrina_carpini_SH193600.07FU
Otu243	d:Fungi(1.0000),p:Basidiomycota(0.9400),c:Tremellomycetes(0.9100),o:Tremellales(0.8900),f:Bulleribasidiaceae(0.8900),g:Vishniacozyma(0.8900),s:Vishniacozyma_dimennae_SH203801.07FU(0.7600)	+	d:Fungi,p:Basidiomycota,c:Tremellomycetes,o:Tremellales,f:Bulleribasidiaceae,g:Vishniacozyma
Otu241	d:Fungi(1.0000),p:Ascomycota(0.9900),c:Leotiomycetes(0.9800),o:Helotiales(0.9800),f:Helotiales_fam_Incertae_sedis(0.9100),g:Chalara(0.9100),s:Calloria_urticae_SH529064.07FU(0.0200)	+	d:Fungi,p:Ascomycota,c:Leotiomycetes,o:Helotiales,f:Helotiales_fam_Incertae_sedis,g:Chalara
Otu242	d:Plantae(1.0000)	+	d:Plantae
Otu250	d:Fungi(1.0000),p:Basidiomycota(1.0000),c:Agaricomycetes(1.0000),o:Agaricales(1.0000),f:Psathyrellaceae(1.0000)	+	d:Fungi,p:Basidiomycota,c:Agaricomycetes,o:Agaricales,f:Psathyrellaceae
Otu247	d:Fungi(1.0000),p:Ascomycota(0.9900),c:Dothideomycetes(0.6400),o:Pleosporales(0.6300),f:Melanommataceae(0.6300),g:Alpinaria(0.4100),s:Alpinaria_rhododendri_SH106794.07FU(0.4100)	+	d:Fungi,p:Ascomycota
Otu245	d:Fungi(1.0000),p:Ascomycota(1.0000),c:Dothideomycetes(1.0000),o:Pleosporales(1.0000)	+	d:Fungi,p:Ascomycota,c:Dothideomycetes,o:Pleosporales
Otu252	d:Fungi(1.0000),p:Olpidiomycota(0.2700),c:Olpidiomycetes(0.2700),o:Olpidiales(0.2700),f:Olpidiaceae(0.2500),g:Olpidium(0.2500),s:Olpidium_brassicae_SH194417.07FU(0.2500)	+	d:Fungi
Otu251	d:Fungi(1.0000),p:Ascomycota(0.9800),c:Leotiomycetes(0.9700),o:Helotiales(0.9600),f:Helotiales_fam_Incertae_sedis(0.8200),g:Chalara(0.8200),s:Calloria_urticae_SH529064.07FU(0.0600)	+	d:Fungi,p:Ascomycota,c:Leotiomycetes,o:Helotiales,f:Helotiales_fam_Incertae_sedis,g:Chalara
Otu248	d:Fungi(1.0000),p:Ascomycota(0.9300),c:Eurotiomycetes(0.6600),o:Chaetothyriales(0.6500),f:Cyphellophoraceae(0.2800),g:Cyphellophora(0.2800),s:Cyphellophora_pauciseptata_SH630186.07FU(0.2600)	+	d:Fungi,p:Ascomycota
Otu249	d:Fungi(1.0000),p:Basidiomycota(1.0000),c:Tremellomycetes(1.0000),o:Tremellales(0.1800),f:Bulleribasidiaceae(0.1800),g:Vishniacozyma(0.1800),s:Vishniacozyma_victoriae_SH181628.07FU(0.1800)	+	d:Fungi,p:Basidiomycota,c:Tremellomycetes
Otu254	d:Fungi(0.8300),p:Cercozoa(0.1600),c:Glomeromycetes(0.1100),o:Glomerales(0.0600),f:Glomeraceae(0.0500),g:Glomus(0.0400),s:Scutellospora_weresubiae_SH019948.07FU(0.0100)	+	d:Fungi
Otu244	d:Fungi(1.0000),p:Basidiomycota(0.7400),c:Agaricomycetes(0.7400),o:Agaricales(0.7400),f:Bolbitiaceae(0.7400),g:Pyrenochaetopsis(0.1500),s:Pyrenochaetopsis_leptospora_SH198996.07FU(0.1500)	+	d:Fungi
Otu255	d:Fungi(1.0000),p:Ascomycota(0.9000),c:Leotiomycetes(0.8300),o:Helotiales(0.8300),f:Helotiales_fam_Incertae_sedis(0.3800),g:Vestigium(0.2700),s:Vestigium_trifidum_SH004841.07FU(0.2600)	+	d:Fungi,p:Ascomycota,c:Leotiomycetes,o:Helotiales
Otu246	d:Fungi(1.0000),p:Ascomycota(1.0000),c:Dothideomycetes(1.0000),o:Pleosporales(0.9900),f:Mycosphaerellaceae(0.0100),g:Septoria(0.0100)	+	d:Fungi,p:Ascomycota,c:Dothideomycetes,o:Pleosporales
Otu258	d:Fungi(1.0000),p:Ascomycota(1.0000),c:Eurotiomycetes(1.0000),o:Chaetothyriales(1.0000),f:Herpotrichiellaceae(1.0000),g:Cladophialophora(1.0000),s:Cladophialophora_chaetospira_SH213263.07FU(0.9500)	+	d:Fungi,p:Ascomycota,c:Eurotiomycetes,o:Chaetothyriales,f:Herpotrichiellaceae,g:Cladophialophora,s:Cladophialophora_chaetospira_SH213263.07FU
Otu257	d:unidentified(0.8600),p:Ascomycota(0.1300),c:Leotiomycetes(0.1300),o:Helotiales(0.1300),f:Helotiaceae(0.1300),g:Tetracladium(0.1300)	+	d:unidentified
Otu261	d:Fungi(1.0000),p:Ascomycota(0.9700),c:Eurotiomycetes(0.9600),o:Chaetothyriales(0.9500),f:Cyphellophoraceae(0.7500),g:Cyphellophora(0.7500),s:Cyphellophora_laciniata_SH197858.07FU(0.6600)	+	d:Fungi,p:Ascomycota,c:Eurotiomycetes,o:Chaetothyriales
Otu263	d:Fungi(1.0000),p:Ascomycota(0.7900),c:Dothideomycetes(0.6700),o:Pleosporales(0.6700),f:Didymellaceae(0.6400),g:Endophoma(0.3900),s:Endophoma_elongata_SH245103.07FU(0.3900)	+	d:Fungi
Otu253	d:Fungi(1.0000),p:Ascomycota(0.2200),c:Dothideomycetes(0.1800),o:Helotiales(0.0100),f:Hyaloscyphaceae(0.0100),g:Pezizella(0.0100),s:Pezizella_epithallina_SH020297.07FU(0.0100)	+	d:Fungi
Otu265	d:Fungi(1.0000),p:Ascomycota(1.0000),c:Leotiomycetes(1.0000)	+	d:Fungi,p:Ascomycota,c:Leotiomycetes
Otu260	d:Fungi(1.0000),p:Ascomycota(0.7200),c:Dothideomycetes(0.6600),o:Pleosporales(0.6600),f:Phaeosphaeriaceae(0.6600),g:Phaeosphaeria(0.5100),s:Phaeosphaeria_juncicola_SH200465.07FU(0.5100)	+	d:Fungi
Otu259	d:Fungi(1.0000),p:Basidiomycota(1.0000),c:Exobasidiomycetes(0.9800),o:Entylomatales(0.9800),f:Entylomataceae(0.9100),g:Entyloma(0.9100),s:Entyloma_linariae_SH009063.07FU(0.3500)	+	d:Fungi,p:Basidiomycota,c:Exobasidiomycetes,o:Entylomatales,f:Entylomataceae,g:Entyloma
Otu267	d:Fungi(1.0000),p:Ascomycota(0.9900),c:Leotiomycetes(0.9800),o:Helotiales(0.9800),f:Helotiales_fam_Incertae_sedis(0.9100),g:Chalara(0.9100),s:Calloria_urticae_SH529064.07FU(0.0200)	+	d:Fungi,p:Ascomycota,c:Leotiomycetes,o:Helotiales,f:Helotiales_fam_Incertae_sedis,g:Chalara
Otu256	d:Fungi(1.0000),p:Ascomycota(0.0600),c:Dothideomycetes(0.0600),o:Pleosporales(0.0600)	+	d:Fungi
Otu262	d:Fungi(1.0000),p:Ascomycota(0.8700),c:Dothideomycetes(0.8700),o:Pleosporales(0.7500),f:Lentitheciaceae(0.2400),g:Murilentithecium(0.2400),s:Murilentithecium_clematidis_SH531353.07FU(0.2400)	+	d:Fungi,p:Ascomycota,c:Dothideomycetes
Otu268	d:Fungi(1.0000),p:Ascomycota(0.9800),c:Taphrinomycetes(0.9700),o:Taphrinales(0.9700),f:Protomycetaceae(0.9700),g:Protomyces(0.9700),s:Protomyces_inouyei_SH211874.07FU(0.9700)	+	d:Fungi,p:Ascomycota,c:Taphrinomycetes,o:Taphrinales,f:Protomycetaceae,g:Protomyces,s:Protomyces_inouyei_SH211874.07FU
Otu266	d:Fungi(1.0000),p:Ascomycota(1.0000),c:Leotiomycetes(1.0000),o:Helotiales(1.0000)	+	d:Fungi,p:Ascomycota,c:Leotiomycetes,o:Helotiales
Otu270	d:Fungi(1.0000),p:Basidiomycota(0.6000),c:Agaricomycetes(0.3600),o:Agaricales(0.1400),f:Glomeraceae(0.1100),g:Colacogloea(0.0800),s:Oberwinklerozyma_silvestris_SH198365.07FU(0.0200)	+	d:Fungi
Otu273	d:Fungi(1.0000),p:Basidiomycota(0.0100),c:Agaricostilbomycetes(0.0100),o:Agaricostilbales(0.0100),f:Kondoaceae(0.0100),g:Bensingtonia(0.0100)	+	d:Fungi
Otu276	d:Fungi(1.0000),p:Basidiomycota(1.0000),c:Agaricomycetes(1.0000),o:Cantharellales(1.0000),f:Ceratobasidiaceae(1.0000),g:Ceratobasidium(0.8900),s:Thanatephorus_cucumeris_SH220622.07FU(0.0800)	+	d:Fungi,p:Basidiomycota,c:Agaricomycetes,o:Cantharellales,f:Ceratobasidiaceae,g:Ceratobasidium
Otu264	d:Fungi(1.0000),p:Ascomycota(0.9800),c:Leotiomycetes(0.9700),o:Helotiales(0.9600),f:Helotiales_fam_Incertae_sedis(0.8200),g:Chalara(0.8200),s:Calloria_urticae_SH529064.07FU(0.0600)	+	d:Fungi,p:Ascomycota,c:Leotiomycetes,o:Helotiales,f:Helotiales_fam_Incertae_sedis,g:Chalara
Otu278	d:Fungi(1.0000),p:Basidiomycota(1.0000),c:Agaricomycetes(1.0000),o:Cantharellales(1.0000),f:Ceratobasidiaceae(1.0000),g:Ceratobasidium(0.0700)	+	d:Fungi,p:Basidiomycota,c:Agaricomycetes,o:Cantharellales,f:Ceratobasidiaceae
Otu272	d:Fungi(1.0000),p:Ascomycota(1.0000),c:Eurotiomycetes(1.0000),o:Verrucariales(1.0000),f:Verrucariaceae(0.8200),g:Verrucaria(0.7900),s:Verrucaria_macrostoma_SH205399.07FU(0.2900)	+	d:Fungi,p:Ascomycota,c:Eurotiomycetes,o:Verrucariales,f:Verrucariaceae
Otu274	d:Fungi(0.9700),p:Basidiomycota(0.4500),c:Agaricomycetes(0.4300),o:Russulales(0.1600),f:Russulaceae(0.1300),g:Russula(0.1000),s:Symbiotaphrina_buchneri_SH643910.07FU(0.0400)	+	d:Fungi
Otu279	d:Fungi(1.0000),p:Ascomycota(0.3200),c:Dothideomycetes(0.2800),o:Pleosporales(0.2800),f:Phaeosphaeriaceae(0.1800),g:Nodulosphaeria(0.0700),s:Nodulosphaeria_aconiti_SH534102.07FU(0.0600)	+	d:Fungi
Otu275	d:Fungi(1.0000),p:Ascomycota(0.3100),c:Leotiomycetes(0.2600),o:Helotiales(0.2600),f:Helotiaceae(0.0100),g:Tetracladium(0.0100)	+	d:Fungi
Otu280	d:Fungi(1.0000),p:Ascomycota(1.0000),c:Leotiomycetes(1.0000),o:Helotiales(1.0000)	+	d:Fungi,p:Ascomycota,c:Leotiomycetes,o:Helotiales
Otu271	d:Fungi(1.0000),p:Ascomycota(0.9500),c:Leotiomycetes(0.7200),o:Helotiales(0.6900),f:Helotiaceae(0.6900),g:Articulospora(0.6400)	+	d:Fungi,p:Ascomycota
Otu282	d:Fungi(1.0000),p:Basidiomycota(0.6100),c:Agaricomycetes(0.4000),o:Agaricales(0.1500),f:Glomeraceae(0.0700),g:Inocybe(0.0500),s:Oberwinklerozyma_silvestris_SH198365.07FU(0.0300)	+	d:Fungi
Otu269	d:Fungi(1.0000),p:Ascomycota(0.9700),c:Leotiomycetes(0.2300),o:Helotiales(0.1800),f:Helotiaceae(0.1600),g:Articulospora(0.1600),s:Calloria_urticae_SH529064.07FU(0.0100)	+	d:Fungi,p:Ascomycota
Otu286	d:Fungi(1.0000),p:Ascomycota(1.0000),c:Dothideomycetes(1.0000),o:Pleosporales(1.0000),f:Periconiaceae(1.0000),g:Periconia(1.0000),s:Periconia_macrospinosa_SH204052.07FU(1.0000)	+	d:Fungi,p:Ascomycota,c:Dothideomycetes,o:Pleosporales,f:Periconiaceae,g:Periconia,s:Periconia_macrospinosa_SH204052.07FU
Otu285	d:Fungi(1.0000),p:Ascomycota(0.8100),c:Eurotiomycetes(0.3400),o:Chaetothyriales(0.3200),f:Symbiotaphrinaceae(0.3100),g:Symbiotaphrina(0.3100),s:Symbiotaphrina_kochii_SH021199.07FU(0.2400)	+	d:Fungi,p:Ascomycota
Otu287	d:Fungi(1.0000),p:Ascomycota(1.0000),c:Sordariomycetes(1.0000),o:Xylariales(1.0000),f:Xylariales_fam_Incertae_sedis(0.9600),g:Robillarda(0.9600),s:Robillarda_sessilis_SH206667.07FU(0.5200)	+	d:Fungi,p:Ascomycota,c:Sordariomycetes,o:Xylariales,f:Xylariales_fam_Incertae_sedis,g:Robillarda
Otu284	d:Fungi(1.0000),p:Chytridiomycota(0.6000),c:Spizellomycetes(0.4200),o:Spizellomycetales(0.4200),f:Powellomycetaceae(0.0900),g:Powellomyces(0.0900),s:Synchytrium_papillatum_SH487289.07FU(0.0200)	+	d:Fungi
Otu289	d:Fungi(0.7900),p:Basidiomycota(0.2400),c:Agaricomycetes(0.2200),o:Glomerales(0.1200),f:Glomeraceae(0.1200),g:Septoglomus(0.0600),s:Septoglomus_viscosum_SH216574.07FU(0.0500)	+	
Otu277	d:Fungi(1.0000),p:Basidiomycota(1.0000),c:Agaricomycetes(1.0000),o:Cantharellales(1.0000),f:Ceratobasidiaceae(1.0000),g:Thanatephorus(0.5700),s:Thanatephorus_cucumeris_SH218665.07FU(0.5700)	+	d:Fungi,p:Basidiomycota,c:Agaricomycetes,o:Cantharellales,f:Ceratobasidiaceae
Otu288	d:Fungi(1.0000),p:Ascomycota(0.9100),c:Leotiomycetes(0.8800),o:Helotiales(0.8800),f:Helotiaceae(0.8700),g:Articulospora(0.8700),s:Calloria_urticae_SH529064.07FU(0.0100)	+	d:Fungi,p:Ascomycota,c:Leotiomycetes,o:Helotiales,f:Helotiaceae,g:Articulospora
Otu281	d:Fungi(0.9900),p:Basidiomycota(0.8800),c:Agaricomycetes(0.8600),o:Hymenochaetales(0.4200),f:Rickenellaceae(0.1700),g:Sphagnomphalia(0.1200),s:Sphagnomphalia_brevibasidiata_SH482190.07FU(0.1200)	+	d:Fungi,p:Basidiomycota,c:Agaricomycetes
Otu293	d:Fungi(1.0000),p:Ascomycota(1.0000),c:Dothideomycetes(0.0200),o:Pleosporales(0.0200)	+	d:Fungi,p:Ascomycota
Otu283	d:Fungi(1.0000),p:Ascomycota(0.9100),c:Leotiomycetes(0.8800),o:Helotiales(0.8800),f:Helotiaceae(0.8700),g:Articulospora(0.8700),s:Calloria_urticae_SH529064.07FU(0.0100)	+	d:Fungi,p:Ascomycota,c:Leotiomycetes,o:Helotiales,f:Helotiaceae,g:Articulospora
Otu291	d:Fungi(1.0000),p:Ascomycota(0.9900),c:Dothideomycetes(0.9800),o:Botryosphaeriales(0.9800)	+	d:Fungi,p:Ascomycota,c:Dothideomycetes,o:Botryosphaeriales
Otu297	d:Fungi(1.0000)	+	d:Fungi
Otu290	d:Fungi(1.0000),p:Ascomycota(0.3300),c:Agaricomycetes(0.1600),o:Agaricales(0.0900),f:Gigasporaceae(0.0900),g:Gigaspora(0.0600),s:Gigaspora_margarita_SH630873.07FU(0.0300)	+	d:Fungi
Otu292	d:Fungi(1.0000)	+	d:Fungi
Otu295	d:Fungi(1.0000),p:Ascomycota(0.9700),c:Leotiomycetes(0.6900),o:Helotiales(0.6900),f:Helotiaceae(0.6900),g:Articulospora(0.6500)	+	d:Fungi,p:Ascomycota
Otu299	d:Fungi(1.0000),p:Ascomycota(1.0000),c:Saccharomycetes(1.0000),o:Saccharomycetales(1.0000)	+	d:Fungi,p:Ascomycota,c:Saccharomycetes,o:Saccharomycetales
Otu302	d:Fungi(1.0000),p:Ascomycota(0.9300),c:Sordariomycetes(0.9100),o:Magnaporthales(0.3500),f:Magnaporthaceae(0.3500),g:Magnaporthe(0.2900),s:Magnaporthe_grisea_SH174122.07FU(0.2200)	+	d:Fungi,p:Ascomycota,c:Sordariomycetes
Otu298	d:Fungi(1.0000),p:Ascomycota(1.0000),c:Orbiliomycetes(1.0000),o:Orbiliales(1.0000),f:Orbiliaceae(1.0000)	+	d:Fungi,p:Ascomycota,c:Orbiliomycetes,o:Orbiliales,f:Orbiliaceae
Otu300	d:Fungi(1.0000),p:Basidiomycota(0.0600),c:Agaricomycetes(0.0600),o:Agaricales(0.0300),f:Amanitaceae(0.0200),g:Amanita(0.0200),s:Inocybe_leucoloma_SH209539.07FU(0.0100)	+	d:Fungi
Otu306	d:Fungi(1.0000),p:Basidiomycota(0.0800),c:Agaricomycetes(0.0800),o:Agaricales(0.0600),f:Tricholomataceae(0.0500),g:Arrhenia(0.0400),s:Arrhenia_auriscalpium_SH104559.07FU(0.0200)	+	d:Fungi
Otu303	d:Fungi(0.9800),p:Chytridiomycota(0.4300),c:Spizellomycetes(0.2000),o:Spizellomycetales(0.2000),f:Pichiaceae(0.0400),g:Pichia(0.0400),s:Peziza_polaripapulata_SH194175.07FU(0.0200)	+	d:Fungi
Otu308	d:Fungi(1.0000),p:Chytridiomycota(0.6800),c:Spizellomycetes(0.5400),o:Spizellomycetales(0.5400),f:Powellomycetaceae(0.0600),g:Powellomyces(0.0600),s:Macrorhabdus_ornithogaster_SH472876.07FU(0.0300)	+	d:Fungi
Otu304	d:Fungi(1.0000),p:Ascomycota(1.0000),c:Dothideomycetes(1.0000)	+	d:Fungi,p:Ascomycota,c:Dothideomycetes
Otu305	d:Fungi(1.0000),p:Ascomycota(0.8800),c:Eurotiomycetes(0.8500),o:Chaetothyriales(0.8500),f:Herpotrichiellaceae(0.8500),g:Phialophora(0.8500),s:Phialophora_cyclaminis_SH174592.07FU(0.0600)	+	d:Fungi,p:Ascomycota,c:Eurotiomycetes,o:Chaetothyriales,f:Herpotrichiellaceae,g:Phialophora
Otu301	d:Fungi(1.0000),p:Ascomycota(0.9100),c:Leotiomycetes(0.8800),o:Helotiales(0.8800),f:Helotiaceae(0.8700),g:Articulospora(0.8700),s:Calloria_urticae_SH529064.07FU(0.0100)	+	d:Fungi,p:Ascomycota,c:Leotiomycetes,o:Helotiales,f:Helotiaceae,g:Articulospora
Otu296	d:Fungi(1.0000),p:Ascomycota(1.0000),c:Dothideomycetes(1.0000),o:Pleosporales(0.9900)	+	d:Fungi,p:Ascomycota,c:Dothideomycetes,o:Pleosporales
Otu314	d:Fungi(1.0000),p:Basidiomycota(1.0000),c:Agaricomycetes(1.0000),o:Cantharellales(1.0000),f:Ceratobasidiaceae(1.0000),g:Ceratobasidium(0.5300)	+	d:Fungi,p:Basidiomycota,c:Agaricomycetes,o:Cantharellales,f:Ceratobasidiaceae
Otu294	d:Fungi(1.0000),p:Basidiomycota(0.8900),c:Microbotryomycetes(0.8200),o:Sporidiobolales(0.7600),f:Sporidiobolaceae(0.7600),g:Sporobolomyces(0.6700),s:Hamamotoa_lignophila_SH643727.07FU(0.0200)	+	d:Fungi,p:Basidiomycota,c:Microbotryomycetes
Otu310	d:Fungi(1.0000),p:Ascomycota(0.9700),c:Leotiomycetes(0.6900),o:Helotiales(0.6900),f:Helotiaceae(0.6900),g:Articulospora(0.6500)	+	d:Fungi,p:Ascomycota
Otu312	d:Fungi(1.0000),p:Ascomycota(0.9700),c:Dothideomycetes(0.9700),o:Pleosporales(0.9700),f:Didymellaceae(0.2200),g:Neoascochyta(0.2200),s:Neoascochyta_europaea_SH215818.07FU(0.2200)	+	d:Fungi,p:Ascomycota,c:Dothideomycetes,o:Pleosporales
Otu307	d:Fungi(1.0000),p:Ascomycota(0.0400),c:Dothideomycetes(0.0400),o:Pleosporales(0.0400),f:Pleosporales_fam_Incertae_sedis(0.0400),g:Pseudorobillarda(0.0400)	+	d:Fungi
Otu309	d:Fungi(1.0000),p:Ascomycota(1.0000),c:Dothideomycetes(1.0000),o:Pleosporales(1.0000),f:Pleosporaceae(1.0000),g:Alternaria(1.0000),s:Alternaria_breviramosa_SH199530.07FU(0.9800)	+	d:Fungi,p:Ascomycota,c:Dothideomycetes,o:Pleosporales,f:Pleosporaceae,g:Alternaria,s:Alternaria_breviramosa_SH199530.07FU
Otu319	d:Fungi(1.0000),p:Ascomycota(1.0000),c:Dothideomycetes(1.0000),o:Pleosporales(1.0000),f:Phaeosphaeriaceae(1.0000),g:Septoriella(0.8800),s:Septoriella_phragmitis_SH238525.07FU(0.8800)	+	d:Fungi,p:Ascomycota,c:Dothideomycetes,o:Pleosporales,f:Phaeosphaeriaceae,g:Septoriella,s:Septoriella_phragmitis_SH238525.07FU
Otu320	d:Fungi(1.0000),p:Ascomycota(0.9500),c:Dothideomycetes(0.1000),o:Pleosporales(0.1000),f:Didymellaceae(0.1000)	+	d:Fungi,p:Ascomycota
Otu317	d:Fungi(1.0000),p:Basidiomycota(0.9100),c:Microbotryomycetes(0.8300),o:Sporidiobolales(0.7800),f:Sporidiobolaceae(0.7800),g:Sporobolomyces(0.7200),s:Mingxiaea_siamensis_SH001965.07FU(0.0100)	+	d:Fungi,p:Basidiomycota,c:Microbotryomycetes
Otu315	d:Fungi(0.7700),p:Ascomycota(0.3800),c:Glomeromycetes(0.2300),o:Glomerales(0.1500),f:Glomeraceae(0.1500),g:Symbiotaphrina(0.0900),s:Symbiotaphrina_kochii_SH021199.07FU(0.0500)	+	
Otu321	d:Fungi(1.0000),p:Ascomycota(1.0000),c:Eurotiomycetes(1.0000),o:Verrucariales(1.0000),f:Verrucariaceae(0.9200),g:Verrucaria(0.8300),s:Verrucaria_squamulosa_SH008654.07FU(0.8300)	+	d:Fungi,p:Ascomycota,c:Eurotiomycetes,o:Verrucariales,f:Verrucariaceae,g:Verrucaria,s:Verrucaria_squamulosa_SH008654.07FU
Otu311	d:Fungi(1.0000),p:Ascomycota(1.0000),c:Leotiomycetes(1.0000),o:Helotiales(1.0000)	+	d:Fungi,p:Ascomycota,c:Leotiomycetes,o:Helotiales
Otu324	d:Fungi(1.0000),p:Ascomycota(1.0000),c:Orbiliomycetes(0.9900),o:Orbiliales(0.9900),f:Orbiliaceae(0.9800),g:Orbilia(0.7200),s:Dactylella_cylindrospora_SH206627.07FU(0.0800)	+	d:Fungi,p:Ascomycota,c:Orbiliomycetes,o:Orbiliales,f:Orbiliaceae
Otu313	d:Fungi(1.0000),p:Ascomycota(0.9900),c:Dothideomycetes(0.6400),o:Pleosporales(0.6400),f:Melanommataceae(0.6400),g:Alpinaria(0.4200),s:Alpinaria_rhododendri_SH106794.07FU(0.4200)	+	d:Fungi,p:Ascomycota
Otu323	d:Fungi(1.0000),p:Ascomycota(0.9400),c:Dothideomycetes(0.6000),o:Pleosporales(0.6000),f:Didymellaceae(0.6000),g:Phomatodes(0.4600),s:Phomatodes_aubrietiae_SH245140.07FU(0.4600)	+	d:Fungi,p:Ascomycota
Otu325	d:Fungi(1.0000),p:Ascomycota(0.9300),c:Eurotiomycetes(0.9300),o:Chaetothyriales(0.9300),f:Herpotrichiellaceae(0.7700),g:Exophiala(0.7000),s:Exophiala_bonariae_SH197658.07FU(0.3300)	+	d:Fungi,p:Ascomycota,c:Eurotiomycetes,o:Chaetothyriales
Otu318	d:Fungi(1.0000),p:Ascomycota(1.0000),c:Leotiomycetes(1.0000),o:Helotiales(1.0000),f:Hyaloscyphaceae(0.3700),g:Cistella(0.3700)	+	d:Fungi,p:Ascomycota,c:Leotiomycetes,o:Helotiales
Otu316	d:Fungi(0.8400),p:Ascomycota(0.3900),c:Agaricomycetes(0.1500),o:Symbiotaphrinales(0.0800),f:Symbiotaphrinaceae(0.0800),g:Symbiotaphrina(0.0800),s:Symbiotaphrina_kochii_SH021199.07FU(0.0600)	+	d:Fungi
Otu331	d:Fungi(1.0000),p:Ascomycota(0.8200),c:Eurotiomycetes(0.8200),o:Chaetothyriales(0.8200)	+	d:Fungi,p:Ascomycota,c:Eurotiomycetes,o:Chaetothyriales
Otu322	d:Fungi(1.0000),p:Ascomycota(0.8100),c:Dothideomycetes(0.8100),o:Pleosporales(0.6500),f:Lentitheciaceae(0.1400),g:Murilentithecium(0.1400),s:Murilentithecium_clematidis_SH531353.07FU(0.1400)	+	d:Fungi,p:Ascomycota,c:Dothideomycetes
Otu327	d:Fungi(1.0000),p:Ascomycota(1.0000),c:Leotiomycetes(1.0000),o:Helotiales(1.0000),f:Helotiaceae(1.0000),g:Articulospora(1.0000)	+	d:Fungi,p:Ascomycota,c:Leotiomycetes,o:Helotiales,f:Helotiaceae,g:Articulospora
Otu326	d:Fungi(1.0000),p:Ascomycota(0.9900),c:Leotiomycetes(0.9300),o:Helotiales(0.9300),f:Helotiaceae(0.3000),g:Helicodendron(0.2900),s:Helicodendron_luteoalbum_SH204485.07FU(0.2900)	+	d:Fungi,p:Ascomycota,c:Leotiomycetes,o:Helotiales
Otu328	d:Fungi(1.0000),p:Ascomycota(0.9800),c:Sordariomycetes(0.9800),o:Hypocreales(0.9800),f:Nectriaceae(0.9800),g:Fusarium(0.3900)	+	d:Fungi,p:Ascomycota,c:Sordariomycetes,o:Hypocreales,f:Nectriaceae
Otu335	d:Fungi(1.0000),p:Ascomycota(0.9900),c:Leotiomycetes(0.9900),o:Helotiales(0.9900),f:Hyaloscyphaceae(0.8300),g:Trichopeziza(0.7000),s:Trichopeziza_mollissima_SH196494.07FU(0.7000)	+	d:Fungi,p:Ascomycota,c:Leotiomycetes,o:Helotiales,f:Hyaloscyphaceae
Otu329	d:Fungi(1.0000),p:Ascomycota(0.7200),c:Eurotiomycetes(0.1600),o:Helotiales(0.1200),f:Herpotrichiellaceae(0.0500),g:Symbiotaphrina(0.0500),s:Symbiotaphrina_buchneri_SH643910.07FU(0.0300)	+	d:Fungi
Otu337	d:Fungi(1.0000),p:Ascomycota(0.9100),c:Dothideomycetes(0.8300),o:Pleosporales(0.7400),f:Lentitheciaceae(0.1100),g:Murilentithecium(0.1100),s:Murilentithecium_clematidis_SH531353.07FU(0.1100)	+	d:Fungi,p:Ascomycota,c:Dothideomycetes
Otu332	d:Fungi(1.0000),p:Ascomycota(0.7800),c:Dothideomycetes(0.7800),o:Pleosporales(0.7800),f:Leptosphaeriaceae(0.3900),g:Leptosphaeria(0.3900),s:Leptosphaeria_avenaria_SH183009.07FU(0.3900)	+	d:Fungi
Otu333	d:Fungi(1.0000),p:Basidiomycota(1.0000),c:Agaricomycetes(1.0000),o:Agaricales(1.0000),f:Tricholomataceae(1.0000),g:Calyptella(1.0000),s:Calyptella_capula_SH178424.07FU(1.0000)	+	d:Fungi,p:Basidiomycota,c:Agaricomycetes,o:Agaricales,f:Tricholomataceae,g:Calyptella,s:Calyptella_capula_SH178424.07FU
Otu336	d:Fungi(1.0000),p:Ascomycota(1.0000),c:Dothideomycetes(1.0000),o:Pleosporales(1.0000),f:Pleosporaceae(1.0000)	+	d:Fungi,p:Ascomycota,c:Dothideomycetes,o:Pleosporales,f:Pleosporaceae
Otu330	d:Fungi(1.0000),p:Ascomycota(0.9400),c:Leotiomycetes(0.9100),o:Helotiales(0.9100),f:Helotiaceae(0.8900),g:Articulospora(0.8700)	+	d:Fungi,p:Ascomycota,c:Leotiomycetes,o:Helotiales,f:Helotiaceae,g:Articulospora
Otu340	d:Fungi(1.0000),p:Basidiomycota(1.0000),c:Tremellomycetes(1.0000),o:Cystofilobasidiales(1.0000),f:Cystofilobasidiaceae(1.0000),g:Cystofilobasidium(1.0000),s:Cystofilobasidium_macerans_SH194012.07FU(0.9100)	+	d:Fungi,p:Basidiomycota,c:Tremellomycetes,o:Cystofilobasidiales,f:Cystofilobasidiaceae,g:Cystofilobasidium,s:Cystofilobasidium_macerans_SH194012.07FU
Otu343	d:Fungi(1.0000),p:Ascomycota(1.0000),c:Sordariomycetes(1.0000),o:Sordariales(1.0000),f:Lasiosphaeriaceae(1.0000),g:Cladorrhinum(1.0000)	+	d:Fungi,p:Ascomycota,c:Sordariomycetes,o:Sordariales,f:Lasiosphaeriaceae,g:Cladorrhinum
Otu338	d:Fungi(1.0000),p:Basidiomycota(1.0000),c:Microbotryomycetes(1.0000),o:Leucosporidiales(1.0000),f:Leucosporidiaceae(1.0000),g:Leucosporidium(1.0000),s:Leucosporidium_intermedium_SH193771.07FU(1.0000)	+	d:Fungi,p:Basidiomycota,c:Microbotryomycetes,o:Leucosporidiales,f:Leucosporidiaceae,g:Leucosporidium,s:Leucosporidium_intermedium_SH193771.07FU
Otu342	d:Fungi(1.0000),p:Ascomycota(0.2900),c:Dothideomycetes(0.2500),o:Pleosporales(0.2500),f:Didymellaceae(0.2400),g:Didymella(0.0800),s:Calophoma_aquilegiicola_SH186602.07FU(0.0100)	+	d:Fungi
Otu347	d:Fungi(1.0000),p:Basidiomycota(1.0000),c:Agaricomycetes(1.0000),o:Cantharellales(1.0000),f:Ceratobasidiaceae(1.0000),g:Thanatephorus(0.5100),s:Thanatephorus_cucumeris_SH218698.07FU(0.3000)	+	d:Fungi,p:Basidiomycota,c:Agaricomycetes,o:Cantharellales,f:Ceratobasidiaceae
Otu339	d:Fungi(1.0000),p:Basidiomycota(1.0000),c:Agaricomycetes(1.0000),o:Auriculariales(1.0000),f:Exidiaceae(0.9900)	+	d:Fungi,p:Basidiomycota,c:Agaricomycetes,o:Auriculariales,f:Exidiaceae
Otu351	d:Fungi(1.0000),p:Ascomycota(0.8000),c:Leotiomycetes(0.8000),o:Helotiales(0.8000),f:Helotiaceae(0.8000),g:Articulospora(0.2600),s:Articulospora_proliferata_SH083259.07FU(0.0200)	+	d:Fungi,p:Ascomycota,c:Leotiomycetes,o:Helotiales,f:Helotiaceae
Otu349	d:Fungi(1.0000),p:Ascomycota(0.8700),c:Lecanoromycetes(0.2400),o:Helotiales(0.1700),f:Symbiotaphrinaceae(0.0500),g:Symbiotaphrina(0.0500),s:Symbiotaphrina_kochii_SH021199.07FU(0.0300)	+	d:Fungi,p:Ascomycota
Otu341	d:Fungi(1.0000),p:Ascomycota(0.5800),c:Leotiomycetes(0.5300),o:Helotiales(0.5300),f:Helotiaceae(0.0100),g:Tetracladium(0.0100)	+	d:Fungi
Otu348	d:Fungi(1.0000),p:Ascomycota(0.9700),c:Leotiomycetes(0.6900),o:Helotiales(0.6900),f:Helotiaceae(0.6900),g:Articulospora(0.6500)	+	d:Fungi,p:Ascomycota
Otu345	d:Fungi(1.0000),p:Ascomycota(1.0000),c:Leotiomycetes(1.0000),o:Helotiales(0.5800),f:Dermateaceae(0.5700)	+	d:Fungi,p:Ascomycota,c:Leotiomycetes
Otu346	d:Fungi(1.0000),p:Basidiomycota(1.0000),c:Tremellomycetes(1.0000),o:Tremellales(1.0000),f:Bulleribasidiaceae(1.0000),g:Vishniacozyma(1.0000),s:Vishniacozyma_victoriae_SH181632.07FU(1.0000)	+	d:Fungi,p:Basidiomycota,c:Tremellomycetes,o:Tremellales,f:Bulleribasidiaceae,g:Vishniacozyma,s:Vishniacozyma_victoriae_SH181632.07FU
Otu344	d:Fungi(1.0000),p:Ascomycota(0.9800),c:Leotiomycetes(0.9700),o:Helotiales(0.9600),f:Helotiales_fam_Incertae_sedis(0.8200),g:Chalara(0.8200),s:Calloria_urticae_SH529064.07FU(0.0600)	+	d:Fungi,p:Ascomycota,c:Leotiomycetes,o:Helotiales,f:Helotiales_fam_Incertae_sedis,g:Chalara
Otu334	d:Fungi(1.0000),p:Ascomycota(0.2900),c:Dothideomycetes(0.2400),o:Pleosporales(0.2300),f:Phaeosphaeriaceae(0.2000),g:Chaetosphaeronema(0.0800),s:Nodulosphaeria_spectabilis_SH495073.07FU(0.0100)	+	d:Fungi
Otu353	d:Fungi(1.0000),p:Ascomycota(1.0000),c:Pezizomycetes(1.0000),o:Pezizales(1.0000),f:Pyronemataceae(1.0000),g:Tricharina(1.0000),s:Tricharina_groenlandica_SH194145.07FU(0.2800)	+	d:Fungi,p:Ascomycota,c:Pezizomycetes,o:Pezizales,f:Pyronemataceae,g:Tricharina
Otu350	d:Fungi(1.0000),p:Basidiomycota(0.9800),c:Microbotryomycetes(0.9800),o:Sporidiobolales(0.9800),f:Sporidiobolaceae(0.9800),g:Sporobolomyces(0.9800),s:Sporobolomyces_roseus_SH194973.07FU(0.9800)	+	d:Fungi,p:Basidiomycota,c:Microbotryomycetes,o:Sporidiobolales,f:Sporidiobolaceae,g:Sporobolomyces,s:Sporobolomyces_roseus_SH194973.07FU
Otu361	d:Fungi(1.0000),p:Ascomycota(0.8200),c:Dothideomycetes(0.8200),o:Pleosporales(0.8200),f:Didymellaceae(0.8100),g:Phoma(0.0800),s:Didymella_glomerata_SH008134.07FU(0.0300)	+	d:Fungi,p:Ascomycota,c:Dothideomycetes,o:Pleosporales,f:Didymellaceae
Otu352	d:Fungi(1.0000)	+	d:Fungi
Otu354	d:Fungi(1.0000),p:Ascomycota(1.0000),c:Sordariomycetes(1.0000),o:Sordariales(0.7400)	+	d:Fungi,p:Ascomycota,c:Sordariomycetes
Otu355	d:Fungi(1.0000),p:Ascomycota(0.9400),c:Leotiomycetes(0.9100),o:Helotiales(0.9100),f:Helotiaceae(0.8900),g:Articulospora(0.8700)	+	d:Fungi,p:Ascomycota,c:Leotiomycetes,o:Helotiales,f:Helotiaceae,g:Articulospora
Otu358	d:Fungi(1.0000),p:Basidiomycota(0.9000),c:Microbotryomycetes(0.8300),o:Sporidiobolales(0.7800),f:Sporidiobolaceae(0.7800),g:Sporobolomyces(0.7200),s:Mingxiaea_siamensis_SH001965.07FU(0.0100)	+	d:Fungi,p:Basidiomycota,c:Microbotryomycetes
Otu363	d:Fungi(1.0000),p:Ascomycota(0.9400),c:Leotiomycetes(0.9100),o:Helotiales(0.9100),f:Helotiaceae(0.8900),g:Articulospora(0.8700)	+	d:Fungi,p:Ascomycota,c:Leotiomycetes,o:Helotiales,f:Helotiaceae,g:Articulospora
Otu359	d:Fungi(1.0000),p:Ascomycota(1.0000),c:Dothideomycetes(1.0000),o:Pleosporales(1.0000),f:Leptosphaeriaceae(0.9700),g:Leptosphaeria(0.9700),s:Leptosphaeria_sclerotioides_SH206026.07FU(0.4100)	+	d:Fungi,p:Ascomycota,c:Dothideomycetes,o:Pleosporales,f:Leptosphaeriaceae,g:Leptosphaeria
Otu357	d:Fungi(1.0000),p:Ascomycota(0.9400),c:Leotiomycetes(0.9000),o:Helotiales(0.9000)	+	d:Fungi,p:Ascomycota,c:Leotiomycetes,o:Helotiales
Otu364	d:Fungi(1.0000),p:Chytridiomycota(0.3800),c:Agaricomycetes(0.1700),o:Agaricales(0.0800),f:Orbiliaceae(0.0500),g:Orbilia(0.0400),s:Synchytrium_collapsum_SH461865.07FU(0.0300)	+	d:Fungi
Otu356	d:Rhizaria(0.6700),p:Cercozoa(0.6700),c:Agaricomycetes(0.0500),o:Agaricales(0.0300),f:Symbiotaphrinaceae(0.0300),g:Symbiotaphrina(0.0300),s:Symbiotaphrina_kochii_SH021199.07FU(0.0200)	+	
Otu368	d:Fungi(1.0000),p:Ascomycota(0.8100),c:Dothideomycetes(0.8100),o:Pleosporales(0.7200),f:Didymosphaeriaceae(0.7000),g:Paraconiothyrium(0.7000),s:Paraconiothyrium_africanum_SH186939.07FU(0.6900)	+	d:Fungi,p:Ascomycota,c:Dothideomycetes
Otu365	d:Fungi(1.0000),p:Ascomycota(0.9800),c:Dothideomycetes(0.8700),o:Pleosporales(0.8600),f:Melanommataceae(0.8300),g:Alpinaria(0.4100),s:Alpinaria_rhododendri_SH106794.07FU(0.4100)	+	d:Fungi,p:Ascomycota,c:Dothideomycetes,o:Pleosporales,f:Melanommataceae
Otu362	d:Fungi(1.0000),p:Basidiomycota(1.0000),c:Tremellomycetes(1.0000),o:Tremellales(1.0000),f:Bulleribasidiaceae(1.0000),g:Vishniacozyma(1.0000),s:Vishniacozyma_victoriae_SH181632.07FU(1.0000)	+	d:Fungi,p:Basidiomycota,c:Tremellomycetes,o:Tremellales,f:Bulleribasidiaceae,g:Vishniacozyma,s:Vishniacozyma_victoriae_SH181632.07FU
Otu366	d:Eukaryota_kgd_Incertae_sedis(0.6700),p:Ascomycota(0.2800),c:Pezizomycetes(0.2800),o:Pezizales(0.0200),f:Pezizaceae(0.0200),g:Oedocephalum(0.0200)	+	
Otu360	d:Fungi(0.7100),p:Ascomycota(0.3900),c:Xylonomycetes(0.1400),o:Symbiotaphrinales(0.1400),f:Symbiotaphrinaceae(0.1400),g:Symbiotaphrina(0.1400),s:Symbiotaphrina_kochii_SH021199.07FU(0.0700)	+	
Otu367	d:Fungi(1.0000),p:Ascomycota(0.9500),c:Eurotiomycetes(0.9500),o:Chaetothyriales(0.9500),f:Herpotrichiellaceae(0.7100),g:Exophiala(0.6900),s:Exophiala_bonariae_SH197658.07FU(0.3700)	+	d:Fungi,p:Ascomycota,c:Eurotiomycetes,o:Chaetothyriales
Otu373	d:Fungi(1.0000),p:Ascomycota(0.9900),c:Orbiliomycetes(0.9800),o:Orbiliales(0.9800),f:Orbiliaceae(0.9800),g:Dactylaria(0.9800),s:Dactylaria_dimorphospora_SH025283.07FU(0.9800)	+	d:Fungi,p:Ascomycota,c:Orbiliomycetes,o:Orbiliales,f:Orbiliaceae,g:Dactylaria,s:Dactylaria_dimorphospora_SH025283.07FU
Otu369	d:Fungi(1.0000),p:Basidiomycota(1.0000),c:Agaricomycetes(1.0000),o:Cantharellales(1.0000),f:Ceratobasidiaceae(1.0000),g:Ceratobasidium(0.9200),s:Thanatephorus_cucumeris_SH220622.07FU(0.0600)	+	d:Fungi,p:Basidiomycota,c:Agaricomycetes,o:Cantharellales,f:Ceratobasidiaceae,g:Ceratobasidium
Otu370	d:Fungi(1.0000),p:Ascomycota(1.0000),c:Dothideomycetes(1.0000),o:Pleosporales(1.0000),f:Pleosporaceae(1.0000),g:Alternaria(1.0000),s:Alternaria_metachromatica_SH216783.07FU(0.8200)	+	d:Fungi,p:Ascomycota,c:Dothideomycetes,o:Pleosporales,f:Pleosporaceae,g:Alternaria,s:Alternaria_metachromatica_SH216783.07FU
Otu372	d:Fungi(1.0000)	+	d:Fungi
Otu371	d:Fungi(1.0000),p:Ascomycota(0.5700),c:Eurotiomycetes(0.5700),o:Chaetothyriales(0.5700),f:Herpotrichiellaceae(0.5700),g:Exophiala(0.0700),s:Exophiala_equina_SH197643.07FU(0.0400)	+	d:Fungi
Otu379	d:Fungi(1.0000),p:Ascomycota(1.0000),c:Leotiomycetes(1.0000),o:Helotiales(1.0000),f:Helotiaceae(1.0000),g:Articulospora(1.0000)	+	d:Fungi,p:Ascomycota,c:Leotiomycetes,o:Helotiales,f:Helotiaceae,g:Articulospora
Otu374	d:Fungi(1.0000),p:Ascomycota(0.9600),c:Dothideomycetes(0.6800),o:Pleosporales(0.6800),f:Melanommataceae(0.6800),g:Alpinaria(0.4600),s:Alpinaria_rhododendri_SH106794.07FU(0.4600)	+	d:Fungi,p:Ascomycota
Otu384	d:Fungi(1.0000),p:Ascomycota(1.0000),c:Dothideomycetes(0.9900),o:Pleosporales(0.9900),f:Teichosporaceae(0.8700),g:Teichospora(0.8700),s:Teichospora_viticola_SH495303.07FU(0.7400)	+	d:Fungi,p:Ascomycota,c:Dothideomycetes,o:Pleosporales,f:Teichosporaceae,g:Teichospora
Otu378	d:Fungi(1.0000),p:Ascomycota(0.9900),c:Leotiomycetes(0.9900),o:Helotiales(0.9900),f:Helotiales_fam_Incertae_sedis(0.7600),g:Mycoarthris(0.7500),s:Mycoarthris_corallina_SH198115.07FU(0.7500)	+	d:Fungi,p:Ascomycota,c:Leotiomycetes,o:Helotiales
Otu376	d:Fungi(1.0000),p:Ascomycota(0.9900),c:Leotiomycetes(0.9600),o:Helotiales(0.9600),f:Helotiales_fam_Incertae_sedis(0.8200),g:Chalara(0.8200),s:Calloria_urticae_SH529064.07FU(0.0300)	+	d:Fungi,p:Ascomycota,c:Leotiomycetes,o:Helotiales,f:Helotiales_fam_Incertae_sedis,g:Chalara
Otu381	d:Fungi(1.0000),p:Basidiomycota(0.9000),c:Microbotryomycetes(0.9000),o:Leucosporidiales(0.8700),f:Leucosporidiaceae(0.8600),g:Leucosporidium(0.7900),s:Leucosporidium_fragarium_SH193772.07FU(0.5400)	+	d:Fungi,p:Basidiomycota,c:Microbotryomycetes,o:Leucosporidiales,f:Leucosporidiaceae
Otu375	d:Fungi(1.0000),p:Basidiomycota(1.0000),c:Agaricomycetes(0.9900),o:Agaricales(0.9500)	+	d:Fungi,p:Basidiomycota,c:Agaricomycetes,o:Agaricales
Otu386	d:Fungi(1.0000),p:Basidiomycota(0.9900),c:Tremellomycetes(0.9900),o:Holtermanniales(0.9900),f:Holtermanniales_fam_Incertae_sedis(0.9900),g:Holtermanniella(0.9900),s:Holtermanniella_takashimae_SH526070.07FU(0.9900)	+	d:Fungi,p:Basidiomycota,c:Tremellomycetes,o:Holtermanniales,f:Holtermanniales_fam_Incertae_sedis,g:Holtermanniella,s:Holtermanniella_takashimae_SH526070.07FU
Otu380	d:Fungi(1.0000),p:Ascomycota(0.9800),c:Leotiomycetes(0.9700),o:Helotiales(0.9600),f:Helotiales_fam_Incertae_sedis(0.8200),g:Chalara(0.8200),s:Calloria_urticae_SH529064.07FU(0.0600)	+	d:Fungi,p:Ascomycota,c:Leotiomycetes,o:Helotiales,f:Helotiales_fam_Incertae_sedis,g:Chalara
Otu382	d:Fungi(1.0000),p:Ascomycota(0.9800),c:Dothideomycetes(0.8700),o:Pleosporales(0.8700),f:Melanommataceae(0.8400),g:Alpinaria(0.4200),s:Alpinaria_rhododendri_SH106794.07FU(0.4200)	+	d:Fungi,p:Ascomycota,c:Dothideomycetes,o:Pleosporales,f:Melanommataceae
Otu385	d:Fungi(1.0000),p:Ascomycota(0.9900),c:Dothideomycetes(0.6400),o:Pleosporales(0.6400),f:Melanommataceae(0.6400),g:Alpinaria(0.4200),s:Alpinaria_rhododendri_SH106794.07FU(0.4200)	+	d:Fungi,p:Ascomycota
Otu383	d:Fungi(1.0000),p:Ascomycota(1.0000),c:Leotiomycetes(1.0000),o:Helotiales(1.0000),f:Hyaloscyphaceae(0.0100),g:Cistella(0.0100)	+	d:Fungi,p:Ascomycota,c:Leotiomycetes,o:Helotiales
Otu387	d:Fungi(1.0000),p:Basidiomycota(1.0000),c:Tremellomycetes(1.0000),o:Tremellales(1.0000),f:Bulleribasidiaceae(1.0000),g:Vishniacozyma(1.0000),s:Vishniacozyma_victoriae_SH181632.07FU(1.0000)	+	d:Fungi,p:Basidiomycota,c:Tremellomycetes,o:Tremellales,f:Bulleribasidiaceae,g:Vishniacozyma,s:Vishniacozyma_victoriae_SH181632.07FU
Otu388	d:Fungi(1.0000),p:Basidiomycota(1.0000),c:Tremellomycetes(1.0000),o:Tremellales(1.0000),f:Bulleribasidiaceae(1.0000),g:Vishniacozyma(1.0000),s:Vishniacozyma_victoriae_SH181632.07FU(1.0000)	+	d:Fungi,p:Basidiomycota,c:Tremellomycetes,o:Tremellales,f:Bulleribasidiaceae,g:Vishniacozyma,s:Vishniacozyma_victoriae_SH181632.07FU
Otu377	d:Fungi(1.0000),p:Ascomycota(0.2700),c:Agaricomycetes(0.2200),o:GS02(0.1600),f:Inocybaceae(0.0800),g:Inocybe(0.0800),s:Inocybe_rimosa_SH198508.07FU(0.0300)	+	d:Fungi
Otu390	d:Fungi(1.0000),p:Basidiomycota(1.0000),c:Tremellomycetes(1.0000),o:Tremellales(1.0000),f:Bulleribasidiaceae(1.0000),g:Vishniacozyma(1.0000),s:Vishniacozyma_victoriae_SH181632.07FU(1.0000)	+	d:Fungi,p:Basidiomycota,c:Tremellomycetes,o:Tremellales,f:Bulleribasidiaceae,g:Vishniacozyma,s:Vishniacozyma_victoriae_SH181632.07FU
Otu389	d:Fungi(1.0000),p:Ascomycota(0.9900),c:Dothideomycetes(0.9900),o:Pleosporales(0.9900),f:Pleosporaceae(0.9900),g:Bipolaris(0.9200),s:Bipolaris_drechsleri_SH292488.07FU(0.4900)	+	d:Fungi,p:Ascomycota,c:Dothideomycetes,o:Pleosporales,f:Pleosporaceae,g:Bipolaris
Otu394	d:Fungi(1.0000),p:Ascomycota(1.0000),c:Taphrinomycetes(1.0000),o:Taphrinales(0.9600),f:Taphrinaceae(0.9600),g:Taphrina(0.9600),s:Taphrina_carpini_SH193600.07FU(0.9600)	+	d:Fungi,p:Ascomycota,c:Taphrinomycetes,o:Taphrinales,f:Taphrinaceae,g:Taphrina,s:Taphrina_carpini_SH193600.07FU
Otu392	d:Fungi(1.0000),p:Basidiomycota(0.9200),c:Microbotryomycetes(0.9200),o:Leucosporidiales(0.9100),f:Leucosporidiaceae(0.9100),g:Leucosporidium(0.9100),s:Leucosporidium_golubevii_SH193773.07FU(0.6600)	+	d:Fungi,p:Basidiomycota,c:Microbotryomycetes,o:Leucosporidiales,f:Leucosporidiaceae,g:Leucosporidium
Otu396	d:Fungi(1.0000),p:Ascomycota(0.9600),c:Dothideomycetes(0.6800),o:Pleosporales(0.6700),f:Melanommataceae(0.6700),g:Alpinaria(0.4500),s:Alpinaria_rhododendri_SH106794.07FU(0.4500)	+	d:Fungi,p:Ascomycota
Otu391	d:Fungi(1.0000),p:Ascomycota(0.9900),c:Leotiomycetes(0.9800),o:Helotiales(0.9800),f:Helotiales_fam_Incertae_sedis(0.1200),g:Leohumicola(0.1100)	+	d:Fungi,p:Ascomycota,c:Leotiomycetes,o:Helotiales
Otu395	d:Fungi(1.0000),p:Ascomycota(0.5800),c:Leotiomycetes(0.2700),o:Helotiales(0.2700),f:Hyaloscyphaceae(0.0600),g:Pezizella(0.0600),s:Pezizella_epithallina_SH020297.07FU(0.0600)	+	d:Fungi
Otu393	d:Fungi(1.0000),p:Ascomycota(0.9800),c:Dothideomycetes(0.9100),o:Pleosporales(0.6700),f:Lentitheciaceae(0.3800),g:Murilentithecium(0.2600),s:Murilentithecium_clematidis_SH531353.07FU(0.2600)	+	d:Fungi,p:Ascomycota,c:Dothideomycetes
Otu401	d:Fungi(1.0000),p:Chytridiomycota(0.5700),c:Spizellomycetes(0.4500),o:Spizellomycetales(0.4500),f:Orbiliaceae(0.0600),g:Orbilia(0.0400),s:Symbiotaphrina_buchneri_SH643910.07FU(0.0200)	+	d:Fungi
Otu397	d:Fungi(1.0000),p:Ascomycota(1.0000),c:Dothideomycetes(1.0000),o:Pleosporales(1.0000)	+	d:Fungi,p:Ascomycota,c:Dothideomycetes,o:Pleosporales
Otu403	d:Fungi(1.0000),p:Basidiomycota(0.9800),c:Agaricomycetes(0.2100),o:Agaricales(0.0400),f:Glomeraceae(0.0100),g:Piloderma(0.0100),s:Funneliformis_geosporum_SH179687.07FU(0.0100)	+	d:Fungi,p:Basidiomycota
Otu400	d:Fungi(1.0000),p:Ascomycota(0.9800),c:Eurotiomycetes(0.9700),o:Chaetothyriales(0.9700),f:Cyphellophoraceae(0.7900),g:Cyphellophora(0.7900),s:Cyphellophora_laciniata_SH197858.07FU(0.7400)	+	d:Fungi,p:Ascomycota,c:Eurotiomycetes,o:Chaetothyriales
Otu404	d:Fungi(1.0000),p:Basidiomycota(1.0000),c:Agaricomycetes(1.0000),o:Agaricales(1.0000),f:Tricholomataceae(1.0000),g:Calyptella(1.0000),s:Calyptella_capula_SH178424.07FU(0.9800)	+	d:Fungi,p:Basidiomycota,c:Agaricomycetes,o:Agaricales,f:Tricholomataceae,g:Calyptella,s:Calyptella_capula_SH178424.07FU
Otu399	d:Fungi(1.0000),p:Ascomycota(0.9900),c:Leotiomycetes(0.9600),o:Helotiales(0.9600),f:Helotiales_fam_Incertae_sedis(0.8200),g:Chalara(0.8200),s:Calloria_urticae_SH529064.07FU(0.0300)	+	d:Fungi,p:Ascomycota,c:Leotiomycetes,o:Helotiales,f:Helotiales_fam_Incertae_sedis,g:Chalara
Otu406	d:Fungi(1.0000)	+	d:Fungi
Otu405	d:Fungi(1.0000),p:Ascomycota(1.0000),c:Dothideomycetes(1.0000),o:Pleosporales(1.0000)	+	d:Fungi,p:Ascomycota,c:Dothideomycetes,o:Pleosporales
Otu402	d:Fungi(1.0000),p:Ascomycota(0.9800),c:Eurotiomycetes(0.9600),o:Chaetothyriales(0.9600),f:Cyphellophoraceae(0.7200),g:Cyphellophora(0.7200),s:Cyphellophora_laciniata_SH197858.07FU(0.6700)	+	d:Fungi,p:Ascomycota,c:Eurotiomycetes,o:Chaetothyriales
Otu407	d:Fungi(1.0000),p:Ascomycota(0.8400),c:Eurotiomycetes(0.4400),o:Chaetothyriales(0.3800),f:Symbiotaphrinaceae(0.1000),g:Symbiotaphrina(0.1000),s:Symbiotaphrina_buchneri_SH643910.07FU(0.0600)	+	d:Fungi,p:Ascomycota
Otu409	d:Fungi(1.0000),p:Basidiomycota(1.0000),c:Agaricomycetes(1.0000),o:Agaricales(1.0000),f:Tricholomataceae(1.0000),g:Calyptella(1.0000),s:Calyptella_capula_SH178424.07FU(0.9700)	+	d:Fungi,p:Basidiomycota,c:Agaricomycetes,o:Agaricales,f:Tricholomataceae,g:Calyptella,s:Calyptella_capula_SH178424.07FU
Otu408	d:Fungi(1.0000),p:Ascomycota(0.7400),c:Eurotiomycetes(0.2000),o:Chaetothyriales(0.1200),f:Herpotrichiellaceae(0.0600),g:Orbilia(0.0500),s:Astrosphaeriella_trochus_SH477356.07FU(0.0200)	+	d:Fungi
Otu398	d:Fungi(1.0000),p:Ascomycota(0.8900),c:Dothideomycetes(0.6000),o:Hypocreales(0.2900),f:Nectriaceae(0.2900),g:Gibberella(0.2400),s:Gibberella_intricans_SH204421.07FU(0.2300)	+	d:Fungi,p:Ascomycota
Otu414	d:Fungi(1.0000),p:Ascomycota(1.0000),c:Dothideomycetes(1.0000),o:Capnodiales(1.0000),f:Mycosphaerellaceae(1.0000),g:Ramularia(1.0000),s:Ramularia_armoraciae_SH206862.07FU(0.7800)	+	d:Fungi,p:Ascomycota,c:Dothideomycetes,o:Capnodiales,f:Mycosphaerellaceae,g:Ramularia
Otu410	d:Fungi(1.0000),p:Ascomycota(1.0000),c:Eurotiomycetes(1.0000),o:Chaetothyriales(1.0000),f:Herpotrichiellaceae(1.0000),g:Cladophialophora(1.0000),s:Cladophialophora_chaetospira_SH213263.07FU(1.0000)	+	d:Fungi,p:Ascomycota,c:Eurotiomycetes,o:Chaetothyriales,f:Herpotrichiellaceae,g:Cladophialophora,s:Cladophialophora_chaetospira_SH213263.07FU
Otu415	d:Fungi(1.0000),p:Chytridiomycota(0.9900),c:Chytridiomycetes(0.9900)	+	d:Fungi,p:Chytridiomycota,c:Chytridiomycetes
Otu416	d:Fungi(0.9400),p:Basidiomycota(0.3000),c:Agaricomycetes(0.2700),o:Agaricales(0.1200),f:Glomeraceae(0.0700),g:Symbiotaphrina(0.0700),s:Symbiotaphrina_kochii_SH021199.07FU(0.0600)	+	d:Fungi
Otu411	d:Fungi(1.0000),p:Ascomycota(1.0000),c:Dothideomycetes(1.0000),o:Capnodiales(0.9900),f:Mycosphaerellaceae(0.9900),g:Mycocentrospora(0.9900),s:Mycocentrospora_acerina_SH202165.07FU(0.9900)	+	d:Fungi,p:Ascomycota,c:Dothideomycetes,o:Capnodiales,f:Mycosphaerellaceae,g:Mycocentrospora,s:Mycocentrospora_acerina_SH202165.07FU
Otu417	d:Fungi(1.0000),p:Ascomycota(0.9500),c:Eurotiomycetes(0.9000),o:Verrucariales(0.8500),f:Verrucariaceae(0.6900),g:Verrucaria(0.3100),s:Verrucaria_funckii_SH187386.07FU(0.1400)	+	d:Fungi,p:Ascomycota,c:Eurotiomycetes,o:Verrucariales
Otu412	d:Fungi(1.0000),p:Basidiomycota(1.0000),c:Cystobasidiomycetes(0.5500),o:Cystobasidiomycetes_ord_Incertae_sedis(0.5500),f:Symmetrosporaceae(0.5500),g:Symmetrospora(0.5500),s:Sporobolomyces_oryzicola_SH205935.07FU(0.4500)	+	d:Fungi,p:Basidiomycota
Otu420	d:Fungi(1.0000),p:Ascomycota(1.0000),c:Dothideomycetes(1.0000),o:Pleosporales(1.0000),f:Torulaceae(1.0000),g:Dendryphion(1.0000),s:Dendryphion_europaeum_SH204976.07FU(1.0000)	+	d:Fungi,p:Ascomycota,c:Dothideomycetes,o:Pleosporales,f:Torulaceae,g:Dendryphion,s:Dendryphion_europaeum_SH204976.07FU
Otu427	d:Rhizaria(0.9800),p:Cercozoa(0.9800),c:Glomeromycetes(0.0100),o:Diversisporales(0.0100),f:Diversisporaceae(0.0100),g:Diversispora(0.0100),s:Diversispora_epigaea_SH196889.07FU(0.0100)	+	d:Rhizaria,p:Cercozoa
Otu413	d:Fungi(1.0000),p:Basidiomycota(1.0000),c:Tremellomycetes(1.0000),o:Tremellales(1.0000),f:Bulleribasidiaceae(1.0000),g:Vishniacozyma(1.0000),s:Vishniacozyma_victoriae_SH181632.07FU(1.0000)	+	d:Fungi,p:Basidiomycota,c:Tremellomycetes,o:Tremellales,f:Bulleribasidiaceae,g:Vishniacozyma,s:Vishniacozyma_victoriae_SH181632.07FU
Otu425	d:Fungi(1.0000),p:Basidiomycota(0.9900),c:Agaricomycetes(0.2600),o:Atheliales(0.0200),f:Atheliaceae(0.0200),g:Piloderma(0.0100),s:Athelia_pyriformis_SH018748.07FU(0.0100)	+	d:Fungi,p:Basidiomycota
Otu421	d:Fungi(1.0000),p:Ascomycota(0.7300),c:Dothideomycetes(0.6800),o:Pleosporales(0.6800),f:Phaeosphaeriaceae(0.4100),g:Phaeosphaeria(0.3900),s:Phaeosphaeria_podocarpi_SH182930.07FU(0.3900)	+	d:Fungi
Otu418	d:Fungi(1.0000),p:Ascomycota(0.5200),c:Sordariomycetes(0.5200),o:Sordariales(0.5200),f:Lasiosphaeriaceae(0.4800),g:Schizothecium(0.0500),s:Schizothecium_glutinans_SH201189.07FU(0.0400)	+	d:Fungi
Otu423	d:Fungi(1.0000),p:Ascomycota(0.8800),c:Sordariomycetes(0.7800),o:Hypocreales(0.7800),f:Stachybotryaceae(0.7500),g:Smaragdiniseta(0.3900),s:Smaragdiniseta_bisetosa_SH630182.07FU(0.3900)	+	d:Fungi,p:Ascomycota
Otu422	d:Rhizaria(0.5800),p:Cercozoa(0.5800),c:Glomeromycetes(0.0300),o:Symbiotaphrinales(0.0300),f:Symbiotaphrinaceae(0.0300),g:Symbiotaphrina(0.0300),s:Symbiotaphrina_buchneri_SH643910.07FU(0.0300)	+	
Otu429	d:Fungi(1.0000),p:Ascomycota(0.9100),c:Leotiomycetes(0.8800),o:Helotiales(0.8800),f:Helotiaceae(0.8700),g:Articulospora(0.8700),s:Calloria_urticae_SH529064.07FU(0.0100)	+	d:Fungi,p:Ascomycota,c:Leotiomycetes,o:Helotiales,f:Helotiaceae,g:Articulospora
Otu424	d:Fungi(1.0000),p:Ascomycota(1.0000),c:Leotiomycetes(1.0000),o:Helotiales(1.0000),f:Helotiales_fam_Incertae_sedis(0.3500),g:Mycoarthris(0.3200),s:Mycoarthris_corallina_SH198115.07FU(0.3200)	+	d:Fungi,p:Ascomycota,c:Leotiomycetes,o:Helotiales
Otu430	d:Fungi(1.0000),p:Ascomycota(0.9500),c:Leotiomycetes(0.9400),o:Helotiales(0.9400),f:Helotiales_fam_Incertae_sedis(0.6600),g:Cadophora(0.4500),s:Collembolispora_barbata_SH186791.07FU(0.0900)	+	d:Fungi,p:Ascomycota,c:Leotiomycetes,o:Helotiales
Otu433	d:Fungi(0.8900),p:Ascomycota(0.6300),c:Saccharomycetes(0.4000),o:Saccharomycetales(0.4000),f:Mycosphaerellaceae(0.0800),g:Stenella(0.0500),s:Stenella_araguata_SH631423.07FU(0.0500)	+	d:Fungi
Otu431	d:Fungi(1.0000),p:Ascomycota(1.0000)	+	d:Fungi,p:Ascomycota
Otu435	d:Fungi(0.5000),p:Cercozoa(0.5000),c:Agaricomycetes(0.1200),o:Agaricales(0.0500),f:Glomeraceae(0.0300),g:Inocybe(0.0200),s:Diutina_rugosa_SH180756.07FU(0.0200)	+	
Otu426	d:Fungi(1.0000),p:Ascomycota(1.0000),c:Leotiomycetes(1.0000),o:Helotiales(1.0000),f:Helotiaceae(0.9100),g:Glarea(0.0100)	+	d:Fungi,p:Ascomycota,c:Leotiomycetes,o:Helotiales,f:Helotiaceae
Otu434	d:Fungi(1.0000),p:Ascomycota(0.5200),c:Sordariomycetes(0.5200),o:Sordariales(0.5200),f:Lasiosphaeriaceae(0.4800),g:Schizothecium(0.0500),s:Schizothecium_glutinans_SH201189.07FU(0.0400)	+	d:Fungi
Otu438	d:Fungi(1.0000),p:Ascomycota(1.0000),c:Orbiliomycetes(1.0000),o:Orbiliales(0.9900)	+	d:Fungi,p:Ascomycota,c:Orbiliomycetes,o:Orbiliales
Otu428	d:Fungi(1.0000),p:Ascomycota(1.0000),c:Leotiomycetes(0.9700),o:Helotiales(0.9700),f:Helotiales_fam_Incertae_sedis(0.3200),g:Leohumicola(0.2600),s:Cistella_albidolutea_SH198116.07FU(0.1300)	+	d:Fungi,p:Ascomycota,c:Leotiomycetes,o:Helotiales
Otu419	d:Fungi(1.0000),p:Basidiomycota(0.8900),c:Microbotryomycetes(0.8200),o:Sporidiobolales(0.7600),f:Sporidiobolaceae(0.7600),g:Sporobolomyces(0.6700),s:Hamamotoa_lignophila_SH643727.07FU(0.0200)	+	d:Fungi,p:Basidiomycota,c:Microbotryomycetes
Otu439	d:Fungi(1.0000),p:Basidiomycota(1.0000),c:Tremellomycetes(1.0000),o:Tremellales(1.0000),f:Bulleribasidiaceae(1.0000),g:Vishniacozyma(1.0000),s:Vishniacozyma_victoriae_SH181632.07FU(1.0000)	+	d:Fungi,p:Basidiomycota,c:Tremellomycetes,o:Tremellales,f:Bulleribasidiaceae,g:Vishniacozyma,s:Vishniacozyma_victoriae_SH181632.07FU
Otu437	d:Fungi(1.0000),p:Ascomycota(0.9100),c:Sordariomycetes(0.6400),o:Hypocreales(0.6300),f:Stachybotryaceae(0.5800),g:Smaragdiniseta(0.2500),s:Smaragdiniseta_bisetosa_SH630182.07FU(0.2500)	+	d:Fungi,p:Ascomycota
Otu442	d:Fungi(1.0000),p:Basidiomycota(1.0000),c:Tremellomycetes(0.0300),o:Holtermanniales(0.0300),f:Holtermanniales_fam_Incertae_sedis(0.0300),g:Holtermanniella(0.0300),s:Holtermanniella_takashimae_SH190741.07FU(0.0300)	+	d:Fungi,p:Basidiomycota
Otu436	d:Fungi(1.0000),p:Ascomycota(0.0400),c:Dothideomycetes(0.0400),o:Pleosporales(0.0400),f:Pleosporales_fam_Incertae_sedis(0.0400),g:Pseudorobillarda(0.0400)	+	d:Fungi
Otu440	d:Fungi(1.0000),p:Ascomycota(1.0000),c:Sordariomycetes(1.0000),o:Sordariales(1.0000),f:Sordariaceae(1.0000),g:Gelasinospora(0.5300),s:Gelasinospora_cratophora_SH011221.07FU(0.5300)	+	d:Fungi,p:Ascomycota,c:Sordariomycetes,o:Sordariales,f:Sordariaceae
Otu432	d:Fungi(1.0000),p:Basidiomycota(1.0000),c:Tremellomycetes(1.0000),o:Tremellales(0.9900),f:Bulleribasidiaceae(0.9900),g:Vishniacozyma(0.9900),s:Vishniacozyma_carnescens_SH181629.07FU(0.9500)	+	d:Fungi,p:Basidiomycota,c:Tremellomycetes,o:Tremellales,f:Bulleribasidiaceae,g:Vishniacozyma,s:Vishniacozyma_carnescens_SH181629.07FU
Otu443	d:Fungi(1.0000),p:Basidiomycota(0.9900),c:Tremellomycetes(0.0400),o:Holtermanniales(0.0300),f:Holtermanniales_fam_Incertae_sedis(0.0300),g:Holtermanniella(0.0300),s:Holtermanniella_takashimae_SH190741.07FU(0.0300)	+	d:Fungi,p:Basidiomycota
Otu448	d:Rhizaria(0.5800),p:Cercozoa(0.5800),c:Agaricomycetes(0.1000),o:Agaricales(0.0500),f:Symbiotaphrinaceae(0.0500),g:Symbiotaphrina(0.0500),s:Symbiotaphrina_kochii_SH021199.07FU(0.0300)	+	
Otu449	d:Fungi(1.0000),p:Ascomycota(1.0000),c:Sordariomycetes(0.9900),o:Xylariales(0.0300),f:Xylariaceae(0.0100),g:Cercophora(0.0100),s:Anthostomella_leucospermi_SH013820.07FU(0.0100)	+	d:Fungi,p:Ascomycota,c:Sordariomycetes
Otu452	d:Fungi(1.0000),p:Ascomycota(0.5200),c:Sordariomycetes(0.5200),o:Sordariales(0.5200),f:Lasiosphaeriaceae(0.4800),g:Schizothecium(0.0500),s:Schizothecium_glutinans_SH201189.07FU(0.0400)	+	d:Fungi
Otu441	d:Fungi(1.0000),p:Ascomycota(0.9400),c:Leotiomycetes(0.6200),o:Helotiales(0.6200),f:Hyaloscyphaceae(0.2000),g:Lemonniera(0.1900),s:Lemonniera_centrosphaera_SH184435.07FU(0.0100)	+	d:Fungi,p:Ascomycota
Otu450	d:Fungi(1.0000),p:Basidiomycota(1.0000),c:Agaricostilbomycetes(1.0000),o:Agaricostilbales(1.0000),f:Kondoaceae(1.0000),g:Kondoa(1.0000)	+	d:Fungi,p:Basidiomycota,c:Agaricostilbomycetes,o:Agaricostilbales,f:Kondoaceae,g:Kondoa
Otu446	d:Fungi(1.0000),p:Ascomycota(0.8900),c:Lecanoromycetes(0.2800),o:Ostropales(0.2200),f:Orbiliaceae(0.0500),g:Orbilia(0.0400),s:Massaria_lantanae_SH461074.07FU(0.0400)	+	d:Fungi,p:Ascomycota
Otu447	d:Fungi(1.0000),p:Basidiomycota(0.9100),c:Tremellomycetes(0.8600),o:Tremellales(0.8300),f:Bulleribasidiaceae(0.8300),g:Vishniacozyma(0.8300),s:Vishniacozyma_dimennae_SH203801.07FU(0.6800)	+	d:Fungi,p:Basidiomycota,c:Tremellomycetes,o:Tremellales,f:Bulleribasidiaceae,g:Vishniacozyma
Otu455	d:Fungi(1.0000),p:Ascomycota(0.9400),c:Xylonomycetes(0.3400),o:Symbiotaphrinales(0.3400),f:Symbiotaphrinaceae(0.3400),g:Symbiotaphrina(0.3400),s:Symbiotaphrina_kochii_SH021199.07FU(0.1700)	+	d:Fungi,p:Ascomycota
Otu444	d:Fungi(1.0000),p:Basidiomycota(0.9000),c:Microbotryomycetes(0.8600),o:Sporidiobolales(0.7900),f:Sporidiobolaceae(0.7900),g:Sporobolomyces(0.6500),s:Rhodotorula_ingeniosa_SH213424.07FU(0.0200)	+	d:Fungi,p:Basidiomycota,c:Microbotryomycetes
Otu453	d:Fungi(1.0000)	+	d:Fungi
Otu454	d:Fungi(1.0000),p:Basidiomycota(1.0000),c:Agaricostilbomycetes(1.0000),o:Agaricostilbales(1.0000),f:Kondoaceae(1.0000),g:Kondoa(1.0000)	+	d:Fungi,p:Basidiomycota,c:Agaricostilbomycetes,o:Agaricostilbales,f:Kondoaceae,g:Kondoa
Otu451	d:Fungi(1.0000),p:Ascomycota(1.0000),c:Leotiomycetes(1.0000),o:Helotiales(1.0000),f:Helotiaceae(1.0000),g:Articulospora(0.0100)	+	d:Fungi,p:Ascomycota,c:Leotiomycetes,o:Helotiales,f:Helotiaceae
Otu457	d:Fungi(1.0000),p:Ascomycota(0.1100)	+	d:Fungi
Otu460	d:Fungi(1.0000),p:Basidiomycota(1.0000),c:Tremellomycetes(1.0000),o:Tremellales(1.0000),f:Bulleribasidiaceae(1.0000),g:Vishniacozyma(1.0000),s:Vishniacozyma_victoriae_SH181632.07FU(1.0000)	+	d:Fungi,p:Basidiomycota,c:Tremellomycetes,o:Tremellales,f:Bulleribasidiaceae,g:Vishniacozyma,s:Vishniacozyma_victoriae_SH181632.07FU
Otu445	d:Fungi(1.0000),p:Ascomycota(0.9900),c:Dothideomycetes(0.9200),o:Pleosporales(0.9200),f:Phaeosphaeriaceae(0.9200),g:Phaeosphaeria(0.9100),s:Phaeosphaeria_rousseliana_SH630633.07FU(0.0100)	+	d:Fungi,p:Ascomycota,c:Dothideomycetes,o:Pleosporales,f:Phaeosphaeriaceae,g:Phaeosphaeria
Otu458	d:Fungi(0.9500),p:Ascomycota(0.5700),c:Orbiliomycetes(0.1800),o:Orbiliales(0.1800),f:Orbiliaceae(0.1700),g:Orbilia(0.1100),s:Symbiotaphrina_buchneri_SH643910.07FU(0.0900)	+	d:Fungi
Otu459	d:Fungi(1.0000),p:Basidiomycota(0.1600),c:Agaricomycetes(0.1500),o:Agaricales(0.1200),f:Tricholomataceae(0.1100),g:Arrhenia(0.1000),s:Arrhenia_subglobispora_SH197391.07FU(0.0700)	+	d:Fungi
Otu466	d:Fungi(0.7600),p:Ascomycota(0.3100),c:Agaricomycetes(0.1200),o:Symbiotaphrinales(0.1000),f:Symbiotaphrinaceae(0.1000),g:Symbiotaphrina(0.1000),s:Symbiotaphrina_kochii_SH021199.07FU(0.0900)	+	
Otu462	d:Fungi(1.0000),p:Ascomycota(1.0000),c:Dothideomycetes(1.0000),o:Pleosporales(1.0000),f:Amniculicolaceae(1.0000),g:Murispora(1.0000),s:Murispora_cicognanii_SH488105.07FU(1.0000)	+	d:Fungi,p:Ascomycota,c:Dothideomycetes,o:Pleosporales,f:Amniculicolaceae,g:Murispora,s:Murispora_cicognanii_SH488105.07FU
Otu456	d:Fungi(1.0000),p:Ascomycota(0.8400),c:Dothideomycetes(0.8400),o:Pleosporales(0.8300),f:Sporormiaceae(0.7600),g:Preussia(0.6600),s:Camarographium_carpini_SH019479.07FU(0.0100)	+	d:Fungi,p:Ascomycota,c:Dothideomycetes,o:Pleosporales
Otu463	d:Fungi(1.0000),p:Ascomycota(1.0000),c:Orbiliomycetes(1.0000),o:Orbiliales(1.0000),f:Orbiliaceae(1.0000),g:Orbilia(1.0000),s:Orbilia_rectispora_SH206612.07FU(1.0000)	+	d:Fungi,p:Ascomycota,c:Orbiliomycetes,o:Orbiliales,f:Orbiliaceae,g:Orbilia,s:Orbilia_rectispora_SH206612.07FU
Otu470	d:Fungi(1.0000),p:Ascomycota(1.0000),c:Dothideomycetes(1.0000)	+	d:Fungi,p:Ascomycota,c:Dothideomycetes
Otu469	d:Fungi(1.0000),p:Ascomycota(0.8000),c:Dothideomycetes(0.8000),o:Pleosporales(0.8000),f:Didymellaceae(0.5700),g:Didymella(0.5700),s:Didymella_urticicola_SH186597.07FU(0.5700)	+	d:Fungi,p:Ascomycota,c:Dothideomycetes,o:Pleosporales
Otu464	d:Fungi(1.0000),p:Basidiomycota(1.0000),c:Agaricomycetes(1.0000),o:Agaricales(1.0000),f:Tricholomataceae(1.0000),g:Calyptella(1.0000),s:Calyptella_capula_SH178424.07FU(1.0000)	+	d:Fungi,p:Basidiomycota,c:Agaricomycetes,o:Agaricales,f:Tricholomataceae,g:Calyptella,s:Calyptella_capula_SH178424.07FU
Otu461	d:Fungi(1.0000),p:Ascomycota(0.0200),c:Dothideomycetes(0.0200)	+	d:Fungi
Otu474	d:Fungi(1.0000),p:Basidiomycota(1.0000),c:Agaricomycetes(1.0000),o:Agaricales(1.0000),f:Bolbitiaceae(1.0000),g:Agrocybe(1.0000),s:Agrocybe_praecox_SH176909.07FU(0.9400)	+	d:Fungi,p:Basidiomycota,c:Agaricomycetes,o:Agaricales,f:Bolbitiaceae,g:Agrocybe,s:Agrocybe_praecox_SH176909.07FU
Otu468	d:Fungi(1.0000),p:Ascomycota(1.0000),c:Dothideomycetes(1.0000),o:Pleosporales(0.1100),f:Phaeosphaeriaceae(0.0300)	+	d:Fungi,p:Ascomycota,c:Dothideomycetes
Otu471	d:Fungi(1.0000),p:Basidiomycota(1.0000),c:Agaricomycetes(1.0000),o:Cantharellales(1.0000),f:Ceratobasidiaceae(1.0000),g:Waitea(0.2800),s:Waitea_circinata_var._circinata_SH015963.07FU(0.2600)	+	d:Fungi,p:Basidiomycota,c:Agaricomycetes,o:Cantharellales,f:Ceratobasidiaceae
Otu475	d:Fungi(1.0000),p:Ascomycota(0.9700),c:Leotiomycetes(0.9700),o:Helotiales(0.9700),f:Helotiaceae(0.5400),g:Crocicreas(0.5300),s:Crocicreas_epicalamia_SH218630.07FU(0.5300)	+	d:Fungi,p:Ascomycota,c:Leotiomycetes,o:Helotiales
Otu478	d:Fungi(1.0000),p:Basidiomycota(0.0300),c:Agaricomycetes(0.0300),o:Agaricales(0.0300),f:Lyophyllaceae(0.0200),g:Termitomyces(0.0200),s:Pacispora_scintillans_SH204420.07FU(0.0100)	+	d:Fungi
Otu473	d:Fungi(1.0000),p:Ascomycota(1.0000),c:Orbiliomycetes(1.0000),o:Orbiliales(1.0000),f:Orbiliaceae(1.0000),g:Orbilia(1.0000)	+	d:Fungi,p:Ascomycota,c:Orbiliomycetes,o:Orbiliales,f:Orbiliaceae,g:Orbilia
Otu476	d:Fungi(1.0000),p:Basidiomycota(0.4200),c:Xylonomycetes(0.0200),o:Symbiotaphrinales(0.0200),f:Symbiotaphrinaceae(0.0200),g:Symbiotaphrina(0.0200),s:Symbiotaphrina_kochii_SH021199.07FU(0.0100)	+	d:Fungi
Otu472	d:Fungi(1.0000),p:Basidiomycota(0.0200),c:Tremellomycetes(0.0200),o:Holtermanniales(0.0200),f:Holtermanniales_fam_Incertae_sedis(0.0200),g:Holtermanniella(0.0200),s:Holtermanniella_takashimae_SH526070.07FU(0.0200)	+	d:Fungi
Otu482	d:Fungi(1.0000),p:Basidiomycota(1.0000),c:Tremellomycetes(1.0000),o:Tremellales(1.0000),f:Bulleribasidiaceae(1.0000),g:Vishniacozyma(1.0000),s:Vishniacozyma_victoriae_SH181632.07FU(1.0000)	+	d:Fungi,p:Basidiomycota,c:Tremellomycetes,o:Tremellales,f:Bulleribasidiaceae,g:Vishniacozyma,s:Vishniacozyma_victoriae_SH181632.07FU
Otu481	d:Fungi(1.0000),p:Basidiomycota(1.0000),c:Tremellomycetes(1.0000),o:Tremellales(1.0000),f:Bulleribasidiaceae(1.0000),g:Vishniacozyma(1.0000),s:Vishniacozyma_victoriae_SH181632.07FU(1.0000)	+	d:Fungi,p:Basidiomycota,c:Tremellomycetes,o:Tremellales,f:Bulleribasidiaceae,g:Vishniacozyma,s:Vishniacozyma_victoriae_SH181632.07FU
Otu480	d:Fungi(1.0000),p:Basidiomycota(0.8600),c:Tremellomycetes(0.8600),o:Filobasidiales(0.8600),f:Filobasidiaceae(0.8600),g:Filobasidium(0.8600),s:Filobasidium_oeirense_SH264590.07FU(0.8600)	+	d:Fungi,p:Basidiomycota,c:Tremellomycetes,o:Filobasidiales,f:Filobasidiaceae,g:Filobasidium,s:Filobasidium_oeirense_SH264590.07FU
Otu465	d:Fungi(1.0000),p:Ascomycota(1.0000),c:Dothideomycetes(1.0000),o:Pleosporales(1.0000),f:Cucurbitariaceae(0.2300),g:Pyrenochaeta(0.2300),s:Pyrenochaeta_inflorescentiae_SH217883.07FU(0.0100)	+	d:Fungi,p:Ascomycota,c:Dothideomycetes,o:Pleosporales
Otu479	d:Fungi(1.0000),p:Ascomycota(1.0000),c:Leotiomycetes(1.0000),o:Erysiphales(1.0000),f:Erysiphaceae(1.0000),g:Blumeria(1.0000),s:Blumeria_graminis_SH205389.07FU(1.0000)	+	d:Fungi,p:Ascomycota,c:Leotiomycetes,o:Erysiphales,f:Erysiphaceae,g:Blumeria,s:Blumeria_graminis_SH205389.07FU
Otu486	d:Fungi(1.0000),p:Ascomycota(1.0000),c:Sordariomycetes(0.9900),o:Hypocreales(0.9900),f:Ophiocordycipitaceae(0.5100),g:Ophiocordyceps(0.4400),s:Ophiocordyceps_xuefengensis_SH210595.07FU(0.2300)	+	d:Fungi,p:Ascomycota,c:Sordariomycetes,o:Hypocreales
Otu477	d:Fungi(1.0000),p:Ascomycota(1.0000),c:Saccharomycetes(1.0000),o:Saccharomycetales(1.0000)	+	d:Fungi,p:Ascomycota,c:Saccharomycetes,o:Saccharomycetales
Otu483	d:Fungi(1.0000),p:Ascomycota(0.9800),c:Dothideomycetes(0.9800),o:Pleosporales(0.9800)	+	d:Fungi,p:Ascomycota,c:Dothideomycetes,o:Pleosporales
Otu485	d:Fungi(1.0000),p:Ascomycota(0.9100),c:Sordariomycetes(0.6400),o:Hypocreales(0.6300),f:Stachybotryaceae(0.5800),g:Smaragdiniseta(0.2500),s:Smaragdiniseta_bisetosa_SH630182.07FU(0.2500)	+	d:Fungi,p:Ascomycota
Otu467	d:Fungi(1.0000),p:Basidiomycota(0.9100),c:Tremellomycetes(0.9100),o:Pleosporales(0.0800),f:Didymellaceae(0.0800),g:Stagonosporopsis(0.0100),s:Stagonosporopsis_andigena_SH186617.07FU(0.0100)	+	d:Fungi,p:Basidiomycota,c:Tremellomycetes
Otu484	d:Fungi(1.0000),p:Ascomycota(0.6200),c:Dothideomycetes(0.3300),o:Pleosporales(0.2700),f:Didymellaceae(0.0700),g:Ophiosphaerella(0.0600),s:Calloria_urticae_SH529064.07FU(0.0200)	+	d:Fungi
Otu491	d:Fungi(1.0000),p:Ascomycota(0.9100),c:Dothideomycetes(0.8800),o:Pleosporales(0.7300),f:Lentitheciaceae(0.1700),g:Murilentithecium(0.1600),s:Murilentithecium_clematidis_SH531353.07FU(0.1600)	+	d:Fungi,p:Ascomycota,c:Dothideomycetes
Otu488	d:Fungi(0.9500),p:Ascomycota(0.9200),c:Leotiomycetes(0.9200),o:Helotiales(0.9200),f:Helotiaceae(0.9200),g:Tetracladium(0.9200)	+	d:Fungi,p:Ascomycota,c:Leotiomycetes,o:Helotiales,f:Helotiaceae,g:Tetracladium
Otu487	d:Fungi(1.0000),p:Ascomycota(0.7200),c:Sordariomycetes(0.7200),o:Xylariales(0.7200),f:Microdochiaceae(0.0200),g:Microdochium(0.0200),s:Microdochium_lycopodinum_SH112161.07FU(0.0200)	+	d:Fungi
Otu496	d:Fungi(1.0000),p:Ascomycota(1.0000),c:Eurotiomycetes(1.0000),o:Verrucariales(1.0000),f:Verrucariaceae(0.8900),g:Verrucaria(0.8200),s:Verrucaria_nigrescens_SH205398.07FU(0.3700)	+	d:Fungi,p:Ascomycota,c:Eurotiomycetes,o:Verrucariales,f:Verrucariaceae,g:Verrucaria
Otu494	d:Fungi(1.0000),p:Ascomycota(1.0000),c:Pezizomycetes(1.0000),o:Pezizales(1.0000),f:Ascobolaceae(1.0000),g:Ascobolus(1.0000)	+	d:Fungi,p:Ascomycota,c:Pezizomycetes,o:Pezizales,f:Ascobolaceae,g:Ascobolus
Otu493	d:Fungi(1.0000),p:Ascomycota(0.3300),c:Dothideomycetes(0.3300),o:Pleosporales(0.3300)	+	d:Fungi
Otu490	d:Rhizaria(0.9900),p:Cercozoa(0.9900),c:Agaricomycetes(0.0100),o:Hymenochaetales(0.0100),f:Hymenochaetaceae(0.0100),g:Coltricia(0.0100)	+	d:Rhizaria,p:Cercozoa
Otu492	d:Fungi(1.0000),p:Ascomycota(0.9100),c:Sordariomycetes(0.9100),o:Xylariales(0.9100),f:Sporocadaceae(0.8800),g:Discosia(0.8700),s:Discosia_pseudoartocreas_SH278700.07FU(0.8700)	+	d:Fungi,p:Ascomycota,c:Sordariomycetes,o:Xylariales,f:Sporocadaceae,g:Discosia,s:Discosia_pseudoartocreas_SH278700.07FU
Otu500	d:Fungi(0.8500),p:Ascomycota(0.4000),c:Agaricomycetes(0.1500),o:Symbiotaphrinales(0.1400),f:Symbiotaphrinaceae(0.1400),g:Symbiotaphrina(0.1400),s:Symbiotaphrina_kochii_SH021199.07FU(0.0900)	+	d:Fungi
Otu498	d:Fungi(1.0000),p:Ascomycota(1.0000),c:Dothideomycetes(1.0000),o:Capnodiales(1.0000),f:Mycosphaerellaceae(1.0000),g:Zymoseptoria(0.9700),s:Zymoseptoria_verkleyi_SH195834.07FU(0.9400)	+	d:Fungi,p:Ascomycota,c:Dothideomycetes,o:Capnodiales,f:Mycosphaerellaceae,g:Zymoseptoria,s:Zymoseptoria_verkleyi_SH195834.07FU
Otu497	d:Fungi(1.0000),p:Basidiomycota(0.8500),c:Microbotryomycetes(0.8500),o:Leucosporidiales(0.7700),f:Leucosporidiaceae(0.7600),g:Leucosporidium(0.6900),s:Leucosporidium_fragarium_SH193772.07FU(0.4100)	+	d:Fungi,p:Basidiomycota,c:Microbotryomycetes
Otu489	d:Fungi(1.0000),p:Basidiomycota(0.9000),c:Microbotryomycetes(0.9000),o:Leucosporidiales(0.8700),f:Leucosporidiaceae(0.8600),g:Leucosporidium(0.7900),s:Leucosporidium_fragarium_SH193772.07FU(0.5400)	+	d:Fungi,p:Basidiomycota,c:Microbotryomycetes,o:Leucosporidiales,f:Leucosporidiaceae
Otu501	d:Fungi(1.0000),p:Ascomycota(0.2000),c:Pezizomycetes(0.2000),o:Pezizales(0.2000),f:Pyronemataceae(0.2000)	+	d:Fungi
Otu505	d:Fungi(1.0000),p:Ascomycota(0.9000),c:Taphrinomycetes(0.8000),o:Taphrinales(0.8000),f:Protomycetaceae(0.8000),g:Protomyces(0.8000),s:Protomyces_inouyei_SH211874.07FU(0.8000)	+	d:Fungi,p:Ascomycota,c:Taphrinomycetes,o:Taphrinales,f:Protomycetaceae,g:Protomyces,s:Protomyces_inouyei_SH211874.07FU
Otu506	d:Fungi(1.0000),p:Basidiomycota(1.0000),c:Tremellomycetes(1.0000),o:Tremellales(0.0700),f:Bulleribasidiaceae(0.0700),g:Vishniacozyma(0.0700),s:Vishniacozyma_victoriae_SH181632.07FU(0.0400)	+	d:Fungi,p:Basidiomycota,c:Tremellomycetes
Otu499	d:Fungi(1.0000),p:Basidiomycota(1.0000),c:Tremellomycetes(1.0000),o:Tremellales(1.0000),f:Bulleribasidiaceae(1.0000),g:Vishniacozyma(1.0000),s:Vishniacozyma_victoriae_SH181632.07FU(1.0000)	+	d:Fungi,p:Basidiomycota,c:Tremellomycetes,o:Tremellales,f:Bulleribasidiaceae,g:Vishniacozyma,s:Vishniacozyma_victoriae_SH181632.07FU
Otu510	d:Fungi(1.0000),p:Ascomycota(0.0300),c:Sordariomycetes(0.0300),o:Glomerellales(0.0300),f:Plectosphaerellaceae(0.0300),g:Plectosphaerella(0.0300),s:Plectosphaerella_oratosquillae_SH190975.07FU(0.0100)	+	d:Fungi
Otu495	d:Fungi(1.0000),p:Ascomycota(0.9900),c:Dothideomycetes(0.9300),o:Pleosporales(0.9300),f:Phaeosphaeriaceae(0.8300),g:Septoriella(0.6900),s:Septoriella_phragmitis_SH238525.07FU(0.6900)	+	d:Fungi,p:Ascomycota,c:Dothideomycetes,o:Pleosporales,f:Phaeosphaeriaceae
Otu502	d:Fungi(1.0000),p:Ascomycota(0.7700),c:Eurotiomycetes(0.2900),o:Chaetothyriales(0.1300),f:Verrucariaceae(0.0700),g:Verrucaria(0.0600),s:Diploschistes_actinostomus_SH192209.07FU(0.0200)	+	d:Fungi
Otu509	d:Fungi(1.0000),p:Ascomycota(1.0000),c:Leotiomycetes(1.0000),o:Helotiales(1.0000),f:Helotiaceae(1.0000),g:Articulospora(1.0000),s:Articulospora_proliferata_SH083259.07FU(0.0100)	+	d:Fungi,p:Ascomycota,c:Leotiomycetes,o:Helotiales,f:Helotiaceae,g:Articulospora
Otu513	d:Fungi(0.7900),p:Basidiomycota(0.2900),c:Agaricomycetes(0.2600),o:Agaricales(0.1000),f:Symbiotaphrinaceae(0.0600),g:Symbiotaphrina(0.0600),s:Symbiotaphrina_buchneri_SH643910.07FU(0.0500)	+	
Otu503	d:Fungi(1.0000),p:Ascomycota(1.0000),c:Eurotiomycetes(1.0000),o:Chaetothyriales(1.0000),f:Herpotrichiellaceae(1.0000),g:Exophiala(1.0000)	+	d:Fungi,p:Ascomycota,c:Eurotiomycetes,o:Chaetothyriales,f:Herpotrichiellaceae,g:Exophiala
Otu504	d:Fungi(1.0000),p:Ascomycota(1.0000),c:Eurotiomycetes(1.0000),o:Verrucariales(1.0000),f:Verrucariaceae(1.0000),g:Agonimia(0.2500),s:Agonimia_vouauxii_SH014401.07FU(0.2500)	+	d:Fungi,p:Ascomycota,c:Eurotiomycetes,o:Verrucariales,f:Verrucariaceae
Otu511	d:Fungi(1.0000),p:Ascomycota(0.9900),c:Dothideomycetes(0.6400),o:Pleosporales(0.6400),f:Melanommataceae(0.6400),g:Alpinaria(0.4200),s:Alpinaria_rhododendri_SH106794.07FU(0.4200)	+	d:Fungi,p:Ascomycota
Otu507	d:Fungi(1.0000),p:Ascomycota(0.8100),c:Dothideomycetes(0.8000),o:Pleosporales(0.8000),f:Phaeosphaeriaceae(0.0200),g:Phaeosphaeria(0.0200),s:Phaeosphaeria_podocarpi_SH182930.07FU(0.0200)	+	d:Fungi,p:Ascomycota,c:Dothideomycetes,o:Pleosporales
Otu515	d:Fungi(1.0000),p:Chytridiomycota(0.3400),c:Agaricomycetes(0.1300),o:Orbiliales(0.0600),f:Orbiliaceae(0.0600),g:Orbilia(0.0500),s:Lobulomyces_poculatus_SH029499.07FU(0.0200)	+	d:Fungi
Otu512	d:Fungi(1.0000),p:Ascomycota(1.0000),c:Pezizomycetes(1.0000),o:Pezizales(1.0000),f:Pyronemataceae(1.0000),g:Tricharina(1.0000),s:Tricharina_groenlandica_SH194145.07FU(0.2800)	+	d:Fungi,p:Ascomycota,c:Pezizomycetes,o:Pezizales,f:Pyronemataceae,g:Tricharina
Otu517	d:Fungi(1.0000),p:Basidiomycota(1.0000),c:Agaricomycetes(1.0000),o:Cantharellales(1.0000),f:Ceratobasidiaceae(1.0000)	+	d:Fungi,p:Basidiomycota,c:Agaricomycetes,o:Cantharellales,f:Ceratobasidiaceae
Otu518	d:Rhizaria(0.7100),p:Cercozoa(0.7100),c:Agaricomycetes(0.0300),o:Helotiales(0.0200),f:Symbiotaphrinaceae(0.0200),g:Symbiotaphrina(0.0200),s:Symbiotaphrina_kochii_SH021199.07FU(0.0200)	+	
Otu516	d:Fungi(1.0000),p:Chytridiomycota(0.5300),c:Agaricomycetes(0.1200),o:Rhizophydiales(0.1200),f:Bulleribasidiaceae(0.0300),g:Synchytrium(0.0300),s:Synchytrium_papillatum_SH487289.07FU(0.0300)	+	d:Fungi
Otu519	d:Fungi(1.0000),p:Basidiomycota(1.0000),c:Agaricomycetes(1.0000),o:Cantharellales(1.0000),f:Ceratobasidiaceae(1.0000),g:Ceratobasidium(0.7800),s:Thanatephorus_cucumeris_SH220622.07FU(0.2100)	+	d:Fungi,p:Basidiomycota,c:Agaricomycetes,o:Cantharellales,f:Ceratobasidiaceae
Otu508	d:Fungi(1.0000),p:Chytridiomycota(0.2700),c:Agaricomycetes(0.0700),o:Spizellomycetales(0.0500),f:Acaulosporaceae(0.0400),g:Acaulospora(0.0400),s:Acaulospora_alpina_SH201906.07FU(0.0400)	+	d:Fungi
Otu520	d:Fungi(1.0000),p:Ascomycota(1.0000),c:Pezizomycetes(1.0000),o:Pezizales(1.0000),f:Pyronemataceae(0.9500),g:Tricharina(0.9500),s:Tricharina_groenlandica_SH194145.07FU(0.2400)	+	d:Fungi,p:Ascomycota,c:Pezizomycetes,o:Pezizales,f:Pyronemataceae,g:Tricharina
Otu521	d:Fungi(0.9900),p:Ascomycota(0.2800),c:Agaricomycetes(0.1200),o:Symbiotaphrinales(0.0800),f:Symbiotaphrinaceae(0.0800),g:Symbiotaphrina(0.0800),s:Symbiotaphrina_kochii_SH021199.07FU(0.0400)	+	d:Fungi
Otu522	d:Fungi(1.0000),p:Basidiomycota(0.9700),c:Tremellomycetes(0.9700),o:Tremellales(0.9700),f:Bulleribasidiaceae(0.9600),g:Vishniacozyma(0.9600),s:Vishniacozyma_foliicola_SH236211.07FU(0.5400)	+	d:Fungi,p:Basidiomycota,c:Tremellomycetes,o:Tremellales,f:Bulleribasidiaceae,g:Vishniacozyma
Otu526	d:Fungi(1.0000),p:Basidiomycota(1.0000),c:Exobasidiomycetes(1.0000),o:Entylomatales(1.0000),f:Entylomataceae(0.0100),g:Entyloma(0.0100),s:Entyloma_microsporum_SH188096.07FU(0.0100)	+	d:Fungi,p:Basidiomycota,c:Exobasidiomycetes,o:Entylomatales
Otu525	d:Fungi(0.8300),p:Cercozoa(0.1700),c:Agaricomycetes(0.0800),o:Agaricales(0.0400),f:Orbiliaceae(0.0200),g:Inocybe(0.0200),s:Arthrobotrys_superba_SH221775.07FU(0.0200)	+	d:Fungi
Otu527	d:Fungi(0.7200),p:Cercozoa(0.2800),c:Agaricomycetes(0.1500),o:Agaricales(0.0400),f:Pyronemataceae(0.0300),g:Trechispora(0.0300),s:Diutina_rugosa_SH180756.07FU(0.0200)	+	
Otu523	d:Fungi(1.0000),p:Basidiomycota(0.9000),c:Microbotryomycetes(0.8500),o:Sporidiobolales(0.7800),f:Sporidiobolaceae(0.7800),g:Sporobolomyces(0.6500),s:Rhodotorula_ingeniosa_SH213424.07FU(0.0200)	+	d:Fungi,p:Basidiomycota,c:Microbotryomycetes
Otu524	d:Fungi(1.0000),p:Ascomycota(1.0000),c:Leotiomycetes(1.0000),o:Helotiales(1.0000),f:Dermateaceae(0.9900),g:Calloria(0.9900),s:Calloria_urticae_SH529064.07FU(0.9900)	+	d:Fungi,p:Ascomycota,c:Leotiomycetes,o:Helotiales,f:Dermateaceae,g:Calloria,s:Calloria_urticae_SH529064.07FU
Otu529	d:Fungi(1.0000),p:Basidiomycota(1.0000)	+	d:Fungi,p:Basidiomycota
Otu531	d:Fungi(1.0000),p:Ascomycota(1.0000),c:Leotiomycetes(1.0000),o:Helotiales(1.0000),f:Chaetomellaceae(1.0000),g:Pilidium(0.9800),s:Pilidium_concavum_SH182030.07FU(0.4900)	+	d:Fungi,p:Ascomycota,c:Leotiomycetes,o:Helotiales,f:Chaetomellaceae,g:Pilidium
Otu530	d:Fungi(1.0000),p:Chytridiomycota(0.6200),c:Agaricomycetes(0.1700),o:Agaricales(0.0700),f:Rhizophydiaceae(0.0300),g:Rhizophydium(0.0300),s:Symbiotaphrina_buchneri_SH643910.07FU(0.0200)	+	d:Fungi
Otu532	d:Fungi(1.0000),p:Basidiomycota(0.9900),c:Tremellomycetes(0.0500),o:Holtermanniales(0.0300),f:Holtermanniales_fam_Incertae_sedis(0.0300),g:Holtermanniella(0.0300),s:Holtermanniella_takashimae_SH190741.07FU(0.0300)	+	d:Fungi,p:Basidiomycota
Otu514	d:Fungi(1.0000),p:Basidiomycota(1.0000),c:Agaricomycetes(1.0000),o:Auriculariales(1.0000),f:Exidiaceae(1.0000)	+	d:Fungi,p:Basidiomycota,c:Agaricomycetes,o:Auriculariales,f:Exidiaceae
Otu536	d:Fungi(1.0000),p:Ascomycota(0.9500),c:Dothideomycetes(0.9500),o:Pleosporales(0.9500),f:Didymellaceae(0.4500),g:Neoascochyta(0.3300),s:Neoascochyta_graminicola_SH293210.07FU(0.2300)	+	d:Fungi,p:Ascomycota,c:Dothideomycetes,o:Pleosporales
Otu528	d:Fungi(0.7600),p:Ascomycota(0.3700),c:Agaricomycetes(0.1200),o:Symbiotaphrinales(0.1200),f:Symbiotaphrinaceae(0.1200),g:Symbiotaphrina(0.1200),s:Symbiotaphrina_kochii_SH021199.07FU(0.0700)	+	
Otu538	d:Fungi(1.0000),p:Ascomycota(1.0000),c:Dothideomycetes(1.0000),o:Pleosporales(1.0000)	+	d:Fungi,p:Ascomycota,c:Dothideomycetes,o:Pleosporales
Otu537	d:Fungi(1.0000),p:Basidiomycota(0.9900),c:Tremellomycetes(0.0500),o:Holtermanniales(0.0300),f:Holtermanniales_fam_Incertae_sedis(0.0300),g:Holtermanniella(0.0300),s:Holtermanniella_takashimae_SH190741.07FU(0.0300)	+	d:Fungi,p:Basidiomycota
Otu535	d:Fungi(1.0000),p:Ascomycota(1.0000),c:Dothideomycetes(1.0000),o:Pleosporales(1.0000)	+	d:Fungi,p:Ascomycota,c:Dothideomycetes,o:Pleosporales
Otu533	d:Fungi(1.0000),p:Ascomycota(1.0000),c:Taphrinomycetes(1.0000),o:Taphrinales(0.9600),f:Taphrinaceae(0.9600),g:Taphrina(0.9600),s:Taphrina_carpini_SH193600.07FU(0.9600)	+	d:Fungi,p:Ascomycota,c:Taphrinomycetes,o:Taphrinales,f:Taphrinaceae,g:Taphrina,s:Taphrina_carpini_SH193600.07FU
Otu540	d:Fungi(1.0000),p:Ascomycota(1.0000),c:Sordariomycetes(1.0000),o:Hypocreales(1.0000),f:Nectriaceae(1.0000),g:Gibberella(0.9800),s:Gibberella_fujikuroi_SH631251.07FU(0.8500)	+	d:Fungi,p:Ascomycota,c:Sordariomycetes,o:Hypocreales,f:Nectriaceae,g:Gibberella,s:Gibberella_fujikuroi_SH631251.07FU
Otu542	d:Fungi(1.0000),p:Ascomycota(1.0000),c:Dothideomycetes(1.0000),o:Pleosporales(1.0000),f:Pleosporaceae(1.0000),g:Embellisia(0.9500),s:Embellisia_phragmospora_SH434817.07FU(0.9500)	+	d:Fungi,p:Ascomycota,c:Dothideomycetes,o:Pleosporales,f:Pleosporaceae,g:Embellisia,s:Embellisia_phragmospora_SH434817.07FU
Otu534	d:Fungi(1.0000),p:Basidiomycota(0.0300),c:Tremellomycetes(0.0300),o:Filobasidiales(0.0200),f:Filobasidiaceae(0.0200),g:Filobasidium(0.0200),s:Filobasidium_chernovii_SH197624.07FU(0.0100)	+	d:Fungi
Otu545	d:Fungi(1.0000),p:Ascomycota(1.0000),c:Dothideomycetes(0.0300),o:Pleosporales(0.0300)	+	d:Fungi,p:Ascomycota
Otu544	d:Fungi(1.0000),p:Ascomycota(0.0800),c:Dothideomycetes(0.0800)	+	d:Fungi
Otu549	d:Fungi(1.0000),p:Ascomycota(1.0000),c:Dothideomycetes(1.0000)	+	d:Fungi,p:Ascomycota,c:Dothideomycetes
Otu548	d:Fungi(1.0000),p:Ascomycota(1.0000),c:Dothideomycetes(1.0000),o:Pleosporales(0.9800),f:Massarinaceae(0.0100),g:Stagonospora(0.0100),s:Stagonospora_pseudovitensis_SH182977.07FU(0.0100)	+	d:Fungi,p:Ascomycota,c:Dothideomycetes,o:Pleosporales
Otu539	d:Fungi(1.0000),p:Basidiomycota(1.0000),c:Tremellomycetes(1.0000),o:Tremellales(1.0000),f:Bulleribasidiaceae(1.0000),g:Vishniacozyma(1.0000),s:Vishniacozyma_victoriae_SH181632.07FU(1.0000)	+	d:Fungi,p:Basidiomycota,c:Tremellomycetes,o:Tremellales,f:Bulleribasidiaceae,g:Vishniacozyma,s:Vishniacozyma_victoriae_SH181632.07FU
Otu546	d:Fungi(1.0000),p:Ascomycota(0.9200),c:Dothideomycetes(0.9200),o:Pleosporales(0.8100),f:Lentitheciaceae(0.2300),g:Murilentithecium(0.2300),s:Murilentithecium_clematidis_SH531353.07FU(0.2300)	+	d:Fungi,p:Ascomycota,c:Dothideomycetes,o:Pleosporales
Otu551	d:Fungi(1.0000),p:Ascomycota(1.0000),c:Leotiomycetes(1.0000),o:Helotiales(1.0000),f:Helotiaceae(1.0000),g:Articulospora(1.0000),s:Articulospora_proliferata_SH083259.07FU(0.0500)	+	d:Fungi,p:Ascomycota,c:Leotiomycetes,o:Helotiales,f:Helotiaceae,g:Articulospora
Otu553	d:Fungi(1.0000),p:Ascomycota(0.9100),c:Sordariomycetes(0.6400),o:Hypocreales(0.6300),f:Stachybotryaceae(0.5800),g:Smaragdiniseta(0.2500),s:Smaragdiniseta_bisetosa_SH630182.07FU(0.2500)	+	d:Fungi,p:Ascomycota
Otu543	d:Fungi(1.0000),p:Basidiomycota(1.0000),c:Tremellomycetes(1.0000),o:Cystofilobasidiales(1.0000),f:Mrakiaceae(1.0000),g:Udeniomyces(1.0000),s:Udeniomyces_pyricola_SH192065.07FU(1.0000)	+	d:Fungi,p:Basidiomycota,c:Tremellomycetes,o:Cystofilobasidiales,f:Mrakiaceae,g:Udeniomyces,s:Udeniomyces_pyricola_SH192065.07FU
Otu554	d:Fungi(1.0000),p:Ascomycota(0.9700),c:Leotiomycetes(0.9100),o:Helotiales(0.9100),f:Helotiales_fam_Incertae_sedis(0.8600),g:Rhexocercosporidium(0.7000),s:Rhexocercosporidium_panacis_SH186775.07FU(0.6900)	+	d:Fungi,p:Ascomycota,c:Leotiomycetes,o:Helotiales,f:Helotiales_fam_Incertae_sedis
Otu547	d:Fungi(1.0000),p:Ascomycota(1.0000),c:Leotiomycetes(1.0000),o:Helotiales(1.0000),f:Helotiales_fam_Incertae_sedis(0.9700),g:Mycoarthris(0.9700),s:Mycoarthris_corallina_SH198115.07FU(0.9700)	+	d:Fungi,p:Ascomycota,c:Leotiomycetes,o:Helotiales,f:Helotiales_fam_Incertae_sedis,g:Mycoarthris,s:Mycoarthris_corallina_SH198115.07FU
Otu550	d:Fungi(1.0000),p:Basidiomycota(1.0000),c:Tremellomycetes(1.0000),o:Cystofilobasidiales(1.0000),f:Cystofilobasidiales_fam_Incertae_sedis(0.9700),g:Mrakiella(0.9700),s:Mrakiella_aquatica_SH202459.07FU(0.9700)	+	d:Fungi,p:Basidiomycota,c:Tremellomycetes,o:Cystofilobasidiales,f:Cystofilobasidiales_fam_Incertae_sedis,g:Mrakiella,s:Mrakiella_aquatica_SH202459.07FU
Otu557	d:Fungi(1.0000),p:Basidiomycota(1.0000),c:Tremellomycetes(1.0000),o:Cystofilobasidiales(1.0000),f:Cystofilobasidiales_fam_Incertae_sedis(0.9700),g:Mrakiella(0.9700),s:Mrakiella_aquatica_SH202459.07FU(0.9700)	+	d:Fungi,p:Basidiomycota,c:Tremellomycetes,o:Cystofilobasidiales,f:Cystofilobasidiales_fam_Incertae_sedis,g:Mrakiella,s:Mrakiella_aquatica_SH202459.07FU
Otu558	d:Eukaryota_kgd_Incertae_sedis(1.0000)	+	d:Eukaryota_kgd_Incertae_sedis
Otu541	d:Fungi(1.0000),p:Basidiomycota(0.8900),c:Microbotryomycetes(0.8200),o:Sporidiobolales(0.7600),f:Sporidiobolaceae(0.7600),g:Sporobolomyces(0.6700),s:Hamamotoa_lignophila_SH643727.07FU(0.0200)	+	d:Fungi,p:Basidiomycota,c:Microbotryomycetes
Otu564	d:Fungi(0.9900),p:Basidiomycota(0.0700),c:Agaricomycetes(0.0700),o:Agaricales(0.0600),f:Inocybaceae(0.0300),g:Inocybe(0.0300),s:Valsaria_lopadostomoides_SH521453.07FU(0.0100)	+	d:Fungi
Otu555	d:Fungi(1.0000),p:Ascomycota(0.3700),c:Sordariomycetes(0.3700),o:Hypocreales(0.3600),f:Nectriaceae(0.3500),g:Fusarium(0.0200),s:Fusarium_solani_SH205233.07FU(0.0100)	+	d:Fungi
Otu552	d:Fungi(1.0000),p:Ascomycota(0.9200),c:Eurotiomycetes(0.7500),o:Chaetothyriales(0.7300),f:Cyphellophoraceae(0.4700),g:Cyphellophora(0.4700),s:Cyphellophora_pauciseptata_SH630186.07FU(0.4300)	+	d:Fungi,p:Ascomycota
Otu560	d:Fungi(1.0000),p:Ascomycota(0.0200),c:Dothideomycetes(0.0200)	+	d:Fungi
Otu563	d:Fungi(1.0000),p:Ascomycota(1.0000),c:Dothideomycetes(1.0000),o:Pleosporales(1.0000),f:Phaeosphaeriaceae(1.0000),g:Paraphoma(1.0000),s:Paraphoma_chrysanthemicola_SH208737.07FU(0.9900)	+	d:Fungi,p:Ascomycota,c:Dothideomycetes,o:Pleosporales,f:Phaeosphaeriaceae,g:Paraphoma,s:Paraphoma_chrysanthemicola_SH208737.07FU
Otu566	d:Fungi(1.0000),p:Basidiomycota(1.0000),c:Agaricomycetes(1.0000),o:Cantharellales(1.0000),f:Ceratobasidiaceae(1.0000),g:Thanatephorus(0.5000),s:Thanatephorus_cucumeris_SH220622.07FU(0.5000)	+	d:Fungi,p:Basidiomycota,c:Agaricomycetes,o:Cantharellales,f:Ceratobasidiaceae
Otu556	d:Fungi(1.0000),p:Ascomycota(1.0000),c:Orbiliomycetes(1.0000),o:Orbiliales(1.0000),f:Orbiliaceae(1.0000),g:Orbilia(1.0000),s:Orbilia_rectispora_SH206612.07FU(1.0000)	+	d:Fungi,p:Ascomycota,c:Orbiliomycetes,o:Orbiliales,f:Orbiliaceae,g:Orbilia,s:Orbilia_rectispora_SH206612.07FU
Otu562	d:Fungi(1.0000),p:Ascomycota(1.0000),c:Dothideomycetes(1.0000),o:Pleosporales(1.0000)	+	d:Fungi,p:Ascomycota,c:Dothideomycetes,o:Pleosporales
Otu567	d:Fungi(1.0000),p:Ascomycota(0.9300),c:Leotiomycetes(0.9100),o:Helotiales(0.9100),f:Helotiales_fam_Incertae_sedis(0.6200),g:Cadophora(0.5100),s:Collembolispora_barbata_SH186791.07FU(0.0600)	+	d:Fungi,p:Ascomycota,c:Leotiomycetes,o:Helotiales
Otu570	d:Fungi(1.0000),p:Basidiomycota(1.0000),c:Agaricomycetes(1.0000),o:Agaricales(1.0000),f:Bolbitiaceae(1.0000),g:Agrocybe(1.0000),s:Agrocybe_praecox_SH176909.07FU(0.9200)	+	d:Fungi,p:Basidiomycota,c:Agaricomycetes,o:Agaricales,f:Bolbitiaceae,g:Agrocybe,s:Agrocybe_praecox_SH176909.07FU
Otu561	d:Fungi(1.0000),p:Ascomycota(0.9900),c:Dothideomycetes(0.9900),o:Pleosporales(0.9900),f:Pleosporaceae(0.9900),g:Bipolaris(0.9200),s:Bipolaris_drechsleri_SH292488.07FU(0.4900)	+	d:Fungi,p:Ascomycota,c:Dothideomycetes,o:Pleosporales,f:Pleosporaceae,g:Bipolaris
Otu569	d:Fungi(1.0000),p:Ascomycota(1.0000),c:Eurotiomycetes(1.0000),o:Verrucariales(1.0000),f:Verrucariaceae(1.0000),g:Psoroglaena(1.0000)	+	d:Fungi,p:Ascomycota,c:Eurotiomycetes,o:Verrucariales,f:Verrucariaceae,g:Psoroglaena
Otu571	d:Fungi(1.0000),p:Basidiomycota(1.0000),c:Tremellomycetes(0.0200),o:Holtermanniales(0.0100),f:Holtermanniales_fam_Incertae_sedis(0.0100),g:Holtermanniella(0.0100),s:Holtermanniella_takashimae_SH190741.07FU(0.0100)	+	d:Fungi,p:Basidiomycota
Otu559	d:Fungi(1.0000),p:Chytridiomycota(0.5200),c:Spizellomycetes(0.2000),o:Spizellomycetales(0.2000),f:Symbiotaphrinaceae(0.1400),g:Symbiotaphrina(0.1400),s:Symbiotaphrina_kochii_SH021199.07FU(0.1000)	+	d:Fungi
Otu568	d:Fungi(1.0000),p:Ascomycota(1.0000),c:Eurotiomycetes(1.0000),o:Chaetothyriales(1.0000),f:Herpotrichiellaceae(1.0000)	+	d:Fungi,p:Ascomycota,c:Eurotiomycetes,o:Chaetothyriales,f:Herpotrichiellaceae
Otu574	d:Fungi(1.0000),p:Ascomycota(1.0000),c:Leotiomycetes(1.0000),o:Helotiales(1.0000),f:Helotiaceae(1.0000),g:Tetracladium(1.0000)	+	d:Fungi,p:Ascomycota,c:Leotiomycetes,o:Helotiales,f:Helotiaceae,g:Tetracladium
Otu575	d:Fungi(1.0000),p:Ascomycota(0.8100),c:Leotiomycetes(0.7100),o:Helotiales(0.7100),f:Helotiaceae(0.6100),g:Tetracladium(0.6100),s:Pezizella_epithallina_SH020297.07FU(0.0300)	+	d:Fungi,p:Ascomycota
Otu573	d:Fungi(1.0000),p:Ascomycota(1.0000),c:Dothideomycetes(0.9600),o:Botryosphaeriales(0.9600)	+	d:Fungi,p:Ascomycota,c:Dothideomycetes,o:Botryosphaeriales
Otu578	d:Fungi(1.0000),p:Ascomycota(1.0000),c:Leotiomycetes(1.0000),o:Helotiales(1.0000),f:Helotiaceae(1.0000),g:Articulospora(0.0100)	+	d:Fungi,p:Ascomycota,c:Leotiomycetes,o:Helotiales,f:Helotiaceae
Otu577	d:Fungi(1.0000),p:Basidiomycota(1.0000),c:Tremellomycetes(1.0000),o:Tremellales(1.0000),f:Bulleribasidiaceae(1.0000),g:Vishniacozyma(1.0000),s:Vishniacozyma_victoriae_SH181632.07FU(1.0000)	+	d:Fungi,p:Basidiomycota,c:Tremellomycetes,o:Tremellales,f:Bulleribasidiaceae,g:Vishniacozyma,s:Vishniacozyma_victoriae_SH181632.07FU
Otu565	d:Fungi(1.0000),p:Ascomycota(0.7200),c:Eurotiomycetes(0.2800),o:Chaetothyriales(0.2000),f:Herpotrichiellaceae(0.0700),g:Orbilia(0.0500),s:Diploschistes_actinostomus_SH192209.07FU(0.0400)	+	d:Fungi
Otu576	d:Fungi(1.0000),p:Ascomycota(1.0000),c:Leotiomycetes(1.0000),o:Helotiales(1.0000),f:Helotiaceae(1.0000),g:Articulospora(1.0000)	+	d:Fungi,p:Ascomycota,c:Leotiomycetes,o:Helotiales,f:Helotiaceae,g:Articulospora
Otu581	d:Fungi(1.0000),p:Ascomycota(0.9900),c:Dothideomycetes(0.6400),o:Pleosporales(0.6400),f:Melanommataceae(0.6400),g:Alpinaria(0.4200),s:Alpinaria_rhododendri_SH106794.07FU(0.4200)	+	d:Fungi,p:Ascomycota
Otu584	d:Fungi(1.0000),p:Ascomycota(0.2800),c:Sordariomycetes(0.2800),o:Sordariales(0.2800),f:Lasiosphaeriaceae(0.2400),g:Schizothecium(0.0100),s:Schizothecium_glutinans_SH201210.07FU(0.0100)	+	d:Fungi
Otu580	d:Fungi(1.0000),p:Basidiomycota(1.0000),c:Agaricomycetes(1.0000),o:Auriculariales(1.0000),f:Exidiaceae(1.0000)	+	d:Fungi,p:Basidiomycota,c:Agaricomycetes,o:Auriculariales,f:Exidiaceae
Otu582	d:Fungi(1.0000),p:Basidiomycota(0.8900),c:Agaricomycetes(0.8700),o:Auriculariales(0.8300),f:Auriculariaceae(0.1300),g:Auricularia(0.1300),s:Oliveonia_pauxilla_SH024171.07FU(0.0400)	+	d:Fungi,p:Basidiomycota,c:Agaricomycetes,o:Auriculariales
Otu572	d:Fungi(1.0000),p:Basidiomycota(1.0000),c:Tremellomycetes(1.0000),o:Tremellales(1.0000),f:Bulleribasidiaceae(1.0000),g:Vishniacozyma(1.0000),s:Vishniacozyma_victoriae_SH181632.07FU(1.0000)	+	d:Fungi,p:Basidiomycota,c:Tremellomycetes,o:Tremellales,f:Bulleribasidiaceae,g:Vishniacozyma,s:Vishniacozyma_victoriae_SH181632.07FU
Otu585	d:Fungi(1.0000),p:Ascomycota(0.8500),c:Eurotiomycetes(0.7800),o:Chaetothyriales(0.7800),f:Herpotrichiellaceae(0.5800),g:Exophiala(0.2800),s:Knufia_peltigerae_SH180461.07FU(0.0400)	+	d:Fungi,p:Ascomycota
Otu588	d:Fungi(1.0000),p:Basidiomycota(1.0000),c:Agaricomycetes(1.0000),o:Agaricales(0.9600)	+	d:Fungi,p:Basidiomycota,c:Agaricomycetes,o:Agaricales
Otu583	d:Fungi(1.0000),p:Ascomycota(0.8700),c:Dothideomycetes(0.5900),o:Pleosporales(0.5900),f:Didymellaceae(0.5900),g:Phoma(0.0400),s:Didymella_glomerata_SH008134.07FU(0.0300)	+	d:Fungi,p:Ascomycota
Otu591	d:Fungi(1.0000),p:Ascomycota(1.0000),c:Sordariomycetes(1.0000),o:Sordariales(1.0000),f:Sordariaceae(1.0000)	+	d:Fungi,p:Ascomycota,c:Sordariomycetes,o:Sordariales,f:Sordariaceae
Otu594	d:Fungi(1.0000),p:Basidiomycota(0.9800),c:Agaricostilbomycetes(0.9800),o:Agaricostilbales(0.9800),f:Chionosphaeraceae(0.9800),g:Kurtzmanomyces(0.6900)	+	d:Fungi,p:Basidiomycota,c:Agaricostilbomycetes,o:Agaricostilbales,f:Chionosphaeraceae
Otu590	d:Fungi(1.0000),p:Basidiomycota(0.0500),c:Agaricomycetes(0.0500),o:Agaricales(0.0500),f:Tricholomataceae(0.0500),g:Arrhenia(0.0500),s:Arrhenia_auriscalpium_SH104559.07FU(0.0300)	+	d:Fungi
Otu587	d:Fungi(1.0000),p:Basidiomycota(0.5700),c:Agaricomycetes(0.5700),o:Russulales(0.5700),f:Auriscalpiaceae(0.5700),g:Auriscalpium(0.5700),s:Coniothyrina_agaves_SH017462.07FU(0.0100)	+	d:Fungi
Otu593	d:Fungi(0.9700),p:Ascomycota(0.3500),c:Rozellomycotina_cls_Incertae_sedis(0.1500),o:GS11(0.1000),f:Glomeraceae(0.0300),g:Serendipita(0.0300),s:Puccinia_recondita_SH189162.07FU(0.0200)	+	d:Fungi
Otu592	d:Fungi(1.0000),p:Basidiomycota(0.9600),c:Tremellomycetes(0.9300),o:Tremellales(0.9200),f:Bulleribasidiaceae(0.9200),g:Vishniacozyma(0.9200),s:Vishniacozyma_dimennae_SH203797.07FU(0.7300)	+	d:Fungi,p:Basidiomycota,c:Tremellomycetes,o:Tremellales,f:Bulleribasidiaceae,g:Vishniacozyma
Otu598	d:Fungi(1.0000),p:Ascomycota(0.9800),c:Sordariomycetes(0.9800),o:Xylariales(0.9800),f:Amphisphaeriaceae(0.9600),g:Seimatosporium(0.9600),s:Seimatosporium_hypericinum_SH206684.07FU(0.8100)	+	d:Fungi,p:Ascomycota,c:Sordariomycetes,o:Xylariales,f:Amphisphaeriaceae,g:Seimatosporium,s:Seimatosporium_hypericinum_SH206684.07FU
Otu579	d:Fungi(1.0000),p:Basidiomycota(1.0000),c:Tremellomycetes(1.0000),o:Tremellales(1.0000),f:Bulleribasidiaceae(1.0000),g:Vishniacozyma(1.0000),s:Vishniacozyma_victoriae_SH181632.07FU(1.0000)	+	d:Fungi,p:Basidiomycota,c:Tremellomycetes,o:Tremellales,f:Bulleribasidiaceae,g:Vishniacozyma,s:Vishniacozyma_victoriae_SH181632.07FU
Otu589	d:Fungi(1.0000),p:Basidiomycota(1.0000),c:Agaricomycetes(1.0000),o:Sebacinales(1.0000),f:Sebacinaceae(1.0000)	+	d:Fungi,p:Basidiomycota,c:Agaricomycetes,o:Sebacinales,f:Sebacinaceae
Otu597	d:Fungi(1.0000),p:Ascomycota(1.0000),c:Leotiomycetes(1.0000),o:Helotiales(1.0000),f:Helotiaceae(1.0000),g:Articulospora(1.0000)	+	d:Fungi,p:Ascomycota,c:Leotiomycetes,o:Helotiales,f:Helotiaceae,g:Articulospora
Otu602	d:Fungi(1.0000),p:Ascomycota(1.0000),c:Leotiomycetes(0.2100),o:Helotiales(0.2100),f:Helotiaceae(0.0400),g:Cistella(0.0200)	+	d:Fungi,p:Ascomycota
Otu586	d:Fungi(1.0000),p:Ascomycota(0.0600),c:Eurotiomycetes(0.0200),o:Chaetothyriales(0.0200),f:Herpotrichiellaceae(0.0200)	+	d:Fungi
Otu596	d:Fungi(1.0000),p:Ascomycota(0.9800),c:Eurotiomycetes(0.9700),o:Chaetothyriales(0.9700),f:Cyphellophoraceae(0.6900),g:Cyphellophora(0.6900),s:Cyphellophora_laciniata_SH197858.07FU(0.6500)	+	d:Fungi,p:Ascomycota,c:Eurotiomycetes,o:Chaetothyriales
Otu595	d:Fungi(1.0000),p:Ascomycota(0.6200),c:Sordariomycetes(0.6200),o:Sordariales(0.6200),f:Lasiosphaeriaceae(0.5600),g:Schizothecium(0.0300),s:Schizothecium_carpinicola_SH201192.07FU(0.0300)	+	d:Fungi
Otu600	d:Fungi(1.0000),p:Ascomycota(1.0000),c:Dothideomycetes(1.0000),o:Pleosporales(1.0000),f:Pleosporaceae(1.0000),g:Drechslera(1.0000),s:Drechslera_catenaria_SH629878.07FU(1.0000)	+	d:Fungi,p:Ascomycota,c:Dothideomycetes,o:Pleosporales,f:Pleosporaceae,g:Drechslera,s:Drechslera_catenaria_SH629878.07FU
Otu601	d:Fungi(1.0000),p:Basidiomycota(0.0300),c:Tremellomycetes(0.0300),o:Filobasidiales(0.0200),f:Filobasidiaceae(0.0200),g:Filobasidium(0.0200),s:Filobasidium_chernovii_SH197624.07FU(0.0100)	+	d:Fungi
Otu605	d:Fungi(1.0000),p:Ascomycota(0.9400),c:Leotiomycetes(0.9100),o:Helotiales(0.9100),f:Helotiaceae(0.8900),g:Articulospora(0.8700)	+	d:Fungi,p:Ascomycota,c:Leotiomycetes,o:Helotiales,f:Helotiaceae,g:Articulospora
Otu599	d:Fungi(1.0000),p:Ascomycota(0.9700),c:Dothideomycetes(0.9700),o:Pleosporales(0.9700),f:Pleosporales_fam_Incertae_sedis(0.9700),g:Pseudorobillarda(0.9700)	+	d:Fungi,p:Ascomycota,c:Dothideomycetes,o:Pleosporales,f:Pleosporales_fam_Incertae_sedis,g:Pseudorobillarda
Otu606	d:Fungi(1.0000),p:Ascomycota(0.9900),c:Dothideomycetes(0.9800),o:Pleosporales(0.9800),f:Leptosphaeriaceae(0.9800),g:Leptosphaeria(0.9800),s:Leptosphaeria_maculans_SH217286.07FU(0.9800)	+	d:Fungi,p:Ascomycota,c:Dothideomycetes,o:Pleosporales,f:Leptosphaeriaceae,g:Leptosphaeria,s:Leptosphaeria_maculans_SH217286.07FU
Otu604	d:Fungi(1.0000),p:Ascomycota(1.0000),c:Leotiomycetes(1.0000),o:Helotiales(1.0000)	+	d:Fungi,p:Ascomycota,c:Leotiomycetes,o:Helotiales
Otu612	d:Fungi(1.0000),p:Ascomycota(0.9800),c:Dothideomycetes(0.7600),o:Pleosporales(0.7100),f:Didymosphaeriaceae(0.6300),g:Alloconiothyrium(0.2100),s:Alloconiothyrium_aptrootii_SH186961.07FU(0.2100)	+	d:Fungi,p:Ascomycota
Otu608	d:Fungi(1.0000),p:Ascomycota(0.9800),c:Dothideomycetes(0.9800),o:Pleosporales(0.9800)	+	d:Fungi,p:Ascomycota,c:Dothideomycetes,o:Pleosporales
Otu610	d:Fungi(1.0000),p:Basidiomycota(1.0000),c:Agaricomycetes(1.0000),o:Sebacinales(1.0000),f:Sebacinaceae(1.0000),g:Paulisebacina(0.0200),s:Paulisebacina_allantoidea_SH212082.07FU(0.0200)	+	d:Fungi,p:Basidiomycota,c:Agaricomycetes,o:Sebacinales,f:Sebacinaceae
Otu611	d:Fungi(1.0000),p:Ascomycota(0.9400),c:Leotiomycetes(0.9100),o:Helotiales(0.9100),f:Helotiaceae(0.8900),g:Articulospora(0.8700)	+	d:Fungi,p:Ascomycota,c:Leotiomycetes,o:Helotiales,f:Helotiaceae,g:Articulospora
Otu616	d:Fungi(1.0000),p:Ascomycota(1.0000),c:Orbiliomycetes(0.9900),o:Orbiliales(0.9900),f:Orbiliaceae(0.9900),g:Orbilia(0.7100),s:Dactylella_cylindrospora_SH206627.07FU(0.0900)	+	d:Fungi,p:Ascomycota,c:Orbiliomycetes,o:Orbiliales,f:Orbiliaceae
Otu609	d:Fungi(1.0000),p:Ascomycota(1.0000),c:Eurotiomycetes(1.0000),o:Verrucariales(1.0000),f:Verrucariaceae(1.0000),g:Verrucaria(1.0000),s:Verrucaria_squamulosa_SH008654.07FU(1.0000)	+	d:Fungi,p:Ascomycota,c:Eurotiomycetes,o:Verrucariales,f:Verrucariaceae,g:Verrucaria,s:Verrucaria_squamulosa_SH008654.07FU
Otu614	d:Fungi(1.0000),p:Ascomycota(0.9600),c:Leotiomycetes(0.9400),o:Helotiales(0.9400),f:Helotiaceae(0.9000),g:Articulospora(0.6700),s:Articulospora_proliferata_SH083259.07FU(0.1000)	+	d:Fungi,p:Ascomycota,c:Leotiomycetes,o:Helotiales,f:Helotiaceae
Otu603	d:Fungi(1.0000),p:Ascomycota(0.0500),c:Sordariomycetes(0.0500),o:Glomerellales(0.0500),f:Plectosphaerellaceae(0.0500),g:Plectosphaerella(0.0500),s:Plectosphaerella_oratosquillae_SH190975.07FU(0.0200)	+	d:Fungi
Otu615	d:Fungi(1.0000),p:Ascomycota(1.0000),c:Leotiomycetes(1.0000),o:Helotiales(1.0000),f:Dermateaceae(0.9900),g:Calloria(0.9900),s:Calloria_urticae_SH529064.07FU(0.9900)	+	d:Fungi,p:Ascomycota,c:Leotiomycetes,o:Helotiales,f:Dermateaceae,g:Calloria,s:Calloria_urticae_SH529064.07FU
Otu617	d:Fungi(1.0000),p:Ascomycota(1.0000),c:Dothideomycetes(1.0000),o:Pleosporales(1.0000),f:Pleosporaceae(0.9600)	+	d:Fungi,p:Ascomycota,c:Dothideomycetes,o:Pleosporales,f:Pleosporaceae
Otu618	d:Fungi(1.0000),p:Ascomycota(0.9800),c:Orbiliomycetes(0.8700),o:Orbiliales(0.8600),f:Orbiliaceae(0.8400),g:Symbiotaphrina(0.0200),s:Pneumocystis_murina_SH473765.07FU(0.0100)	+	d:Fungi,p:Ascomycota,c:Orbiliomycetes,o:Orbiliales,f:Orbiliaceae
Otu607	d:Fungi(1.0000),p:Ascomycota(0.9400),c:Dothideomycetes(0.9300),o:Pleosporales(0.9300),f:Didymellaceae(0.9300)	+	d:Fungi,p:Ascomycota,c:Dothideomycetes,o:Pleosporales,f:Didymellaceae
Otu620	d:Fungi(1.0000),p:Ascomycota(1.0000)	+	d:Fungi,p:Ascomycota
Otu621	d:Fungi(1.0000),p:Ascomycota(0.9900),c:Eurotiomycetes(0.9900),o:Verrucariales(0.9900),f:Verrucariaceae(0.4800),g:Agonimia(0.2300),s:Agonimia_allobata_SH013907.07FU(0.2000)	+	d:Fungi,p:Ascomycota,c:Eurotiomycetes,o:Verrucariales
Otu613	d:Fungi(1.0000),p:Chytridiomycota(0.0200)	+	d:Fungi
Otu622	d:Fungi(1.0000),p:Basidiomycota(1.0000),c:Agaricomycetes(1.0000),o:Cantharellales(1.0000),f:Ceratobasidiaceae(1.0000),g:Thanatephorus(0.2400),s:Thanatephorus_cucumeris_SH002119.07FU(0.1800)	+	d:Fungi,p:Basidiomycota,c:Agaricomycetes,o:Cantharellales,f:Ceratobasidiaceae
Otu624	d:Fungi(0.7700),p:Glomeromycota(0.2500),c:Glomeromycetes(0.2200),o:Glomerales(0.1200),f:Glomeraceae(0.1200),g:Septoglomus(0.0700),s:Septoglomus_viscosum_SH216574.07FU(0.0500)	+	
Otu625	d:Fungi(1.0000),p:Basidiomycota(0.8800),c:Microbotryomycetes(0.8800),o:Leucosporidiales(0.8300),f:Leucosporidiaceae(0.7200),g:Leucosporidium(0.7200),s:Leucosporidium_muscorum_SH193769.07FU(0.2700)	+	d:Fungi,p:Basidiomycota,c:Microbotryomycetes,o:Leucosporidiales
Otu626	d:Fungi(1.0000),p:Mortierellomycota(0.9900),c:Mortierellomycetes(0.9900),o:Mortierellales(0.9900),f:Mortierellaceae(0.9500),g:Mortierella(0.4700),s:Mortierella_elongata_SH233489.07FU(0.0300)	+	d:Fungi,p:Mortierellomycota,c:Mortierellomycetes,o:Mortierellales,f:Mortierellaceae
Otu630	d:Fungi(1.0000),p:Ascomycota(1.0000),c:Dothideomycetes(1.0000),o:Pleosporales(1.0000),f:Phaeosphaeriaceae(1.0000),g:Paraphoma(1.0000),s:Paraphoma_chrysanthemicola_SH208737.07FU(0.9900)	+	d:Fungi,p:Ascomycota,c:Dothideomycetes,o:Pleosporales,f:Phaeosphaeriaceae,g:Paraphoma,s:Paraphoma_chrysanthemicola_SH208737.07FU
Otu628	d:Rhizaria(0.9600),p:Cercozoa(0.9600),c:Agaricomycetes(0.0100),o:Russulales(0.0100),f:Auriscalpiaceae(0.0100),g:Artomyces(0.0100)	+	d:Rhizaria,p:Cercozoa
Otu619	d:Fungi(1.0000),p:Ascomycota(0.9400),c:Leotiomycetes(0.9400),o:Helotiales(0.9400),f:Helotiaceae(0.9300),g:Articulospora(0.2200),s:Calloria_urticae_SH529064.07FU(0.0100)	+	d:Fungi,p:Ascomycota,c:Leotiomycetes,o:Helotiales,f:Helotiaceae
Otu627	d:Fungi(1.0000),p:Ascomycota(1.0000),c:Saccharomycetes(1.0000),o:Saccharomycetales(1.0000),f:Debaryomycetaceae(0.6600),g:Debaryomyces(0.4200),s:Debaryomyces_prosopidis_SH190089.07FU(0.4000)	+	d:Fungi,p:Ascomycota,c:Saccharomycetes,o:Saccharomycetales
Otu635	d:Fungi(1.0000),p:Basidiomycota(1.0000),c:Agaricomycetes(1.0000),o:Russulales(0.4200),f:Bondarzewiaceae(0.4200),g:Heterobasidion(0.4200),s:Heterobasidion_araucariae_SH201109.07FU(0.2000)	+	d:Fungi,p:Basidiomycota,c:Agaricomycetes
Otu629	d:Fungi(1.0000),p:Ascomycota(1.0000),c:Dothideomycetes(1.0000),o:Pleosporales(1.0000),f:Phaeosphaeriaceae(1.0000),g:Paraphoma(1.0000),s:Paraphoma_chrysanthemicola_SH208737.07FU(0.9900)	+	d:Fungi,p:Ascomycota,c:Dothideomycetes,o:Pleosporales,f:Phaeosphaeriaceae,g:Paraphoma,s:Paraphoma_chrysanthemicola_SH208737.07FU
Otu637	d:Fungi(1.0000),p:Basidiomycota(0.9100),c:Microbotryomycetes(0.7900),o:Sporidiobolales(0.7200),f:Sporidiobolaceae(0.7200),g:Sporobolomyces(0.6500),s:Hamamotoa_lignophila_SH643727.07FU(0.0300)	+	d:Fungi,p:Basidiomycota
Otu631	d:Fungi(1.0000),p:Basidiomycota(0.0300),c:Tremellomycetes(0.0300),o:Filobasidiales(0.0200),f:Filobasidiaceae(0.0200),g:Filobasidium(0.0200),s:Filobasidium_chernovii_SH197624.07FU(0.0100)	+	d:Fungi
Otu633	d:Fungi(1.0000),p:Ascomycota(0.9700),c:Eurotiomycetes(0.9400),o:Chaetothyriales(0.9400),f:Herpotrichiellaceae(0.7100),g:Capronia(0.3900),s:Knufia_peltigerae_SH180461.07FU(0.0400)	+	d:Fungi,p:Ascomycota,c:Eurotiomycetes,o:Chaetothyriales
Otu639	d:Fungi(1.0000),p:Ascomycota(0.9900),c:Eurotiomycetes(0.9800),o:Chaetothyriales(0.9800),f:Herpotrichiellaceae(0.5100),g:Exophiala(0.4900),s:Exophiala_cancerae_SH197646.07FU(0.1800)	+	d:Fungi,p:Ascomycota,c:Eurotiomycetes,o:Chaetothyriales
Otu636	d:Fungi(1.0000),p:Basidiomycota(0.9600),c:Tremellomycetes(0.9400),o:Tremellales(0.9400),f:Bulleribasidiaceae(0.9400),g:Vishniacozyma(0.9400),s:Vishniacozyma_dimennae_SH203797.07FU(0.7500)	+	d:Fungi,p:Basidiomycota,c:Tremellomycetes,o:Tremellales,f:Bulleribasidiaceae,g:Vishniacozyma
Otu632	d:Fungi(1.0000),p:Ascomycota(1.0000),c:Leotiomycetes(0.1600),o:Helotiales(0.1600),f:Sclerotiniaceae(0.1500),g:Sclerotinia(0.1300),s:Sclerotinia_sclerotiorum_SH490510.07FU(0.1100)	+	d:Fungi,p:Ascomycota
Otu634	d:Fungi(1.0000),p:Ascomycota(0.9400),c:Dothideomycetes(0.8900),o:Pleosporales(0.8900),f:Didymellaceae(0.8900)	+	d:Fungi,p:Ascomycota,c:Dothideomycetes,o:Pleosporales,f:Didymellaceae
Otu644	d:Fungi(1.0000),p:Basidiomycota(0.9900),c:Agaricomycetes(0.9900),o:Russulales(0.9700),f:Bondarzewiaceae(0.9700),g:Heterobasidion(0.9700),s:Heterobasidion_abietinum_SH201106.07FU(0.8100)	+	d:Fungi,p:Basidiomycota,c:Agaricomycetes,o:Russulales,f:Bondarzewiaceae,g:Heterobasidion,s:Heterobasidion_abietinum_SH201106.07FU
Otu643	d:Fungi(1.0000),p:Ascomycota(1.0000),c:Dothideomycetes(1.0000),o:Pleosporales(1.0000)	+	d:Fungi,p:Ascomycota,c:Dothideomycetes,o:Pleosporales
Otu648	d:Plantae(1.0000)	+	d:Plantae
Otu638	d:Fungi(1.0000),p:Basidiomycota(0.9100),c:Microbotryomycetes(0.7900),o:Sporidiobolales(0.7200),f:Sporidiobolaceae(0.7200),g:Sporobolomyces(0.6500),s:Hamamotoa_lignophila_SH643727.07FU(0.0300)	+	d:Fungi,p:Basidiomycota
Otu640	d:Fungi(1.0000),p:Ascomycota(0.9900),c:Leotiomycetes(0.9900),o:Helotiales(0.9900),f:Hyaloscyphaceae(0.8300),g:Trichopeziza(0.7100),s:Trichopeziza_mollissima_SH196494.07FU(0.7100)	+	d:Fungi,p:Ascomycota,c:Leotiomycetes,o:Helotiales,f:Hyaloscyphaceae
Otu645	d:Fungi(0.8000),p:Ascomycota(0.4000),c:Agaricomycetes(0.1300),o:Symbiotaphrinales(0.1300),f:Symbiotaphrinaceae(0.1300),g:Symbiotaphrina(0.1300),s:Symbiotaphrina_kochii_SH021199.07FU(0.0800)	+	d:Fungi
Otu623	d:Fungi(1.0000),p:Ascomycota(0.8400),c:Leotiomycetes(0.8400),o:Helotiales(0.8300),f:Helotiaceae(0.4100),g:Hymenoscyphus(0.0100)	+	d:Fungi,p:Ascomycota,c:Leotiomycetes,o:Helotiales
Otu641	d:Fungi(1.0000),p:Ascomycota(0.0200),c:Dothideomycetes(0.0200),o:Pleosporales(0.0200),f:Pleosporales_fam_Incertae_sedis(0.0200),g:Pseudorobillarda(0.0200)	+	d:Fungi
Otu642	d:Fungi(1.0000),p:Ascomycota(1.0000),c:Pezizomycetes(1.0000),o:Pezizales(1.0000),f:Pezizaceae(1.0000),g:Oedocephalum(1.0000)	+	d:Fungi,p:Ascomycota,c:Pezizomycetes,o:Pezizales,f:Pezizaceae,g:Oedocephalum
Otu646	d:Fungi(1.0000),p:Ascomycota(0.7800),c:Sordariomycetes(0.7400),o:Sordariales(0.7400),f:Lasiosphaeriaceae(0.7400),g:Schizothecium(0.3800),s:Schizothecium_conicum_SH201185.07FU(0.1800)	+	d:Fungi
Otu647	d:Fungi(1.0000),p:Ascomycota(0.7200),c:Sordariomycetes(0.7000),o:Sordariales(0.7000),f:Lasiosphaeriaceae(0.6800),g:Schizothecium(0.4500),s:Schizothecium_carpinicola_SH201192.07FU(0.2600)	+	d:Fungi
Otu649	d:Fungi(1.0000),p:Ascomycota(0.7000),c:Dothideomycetes(0.7000),o:Pleosporales(0.7000),f:Pleosporales_fam_Incertae_sedis(0.7000),g:Pseudorobillarda(0.7000)	+	d:Fungi
Otu650	d:Fungi(1.0000),p:Ascomycota(0.0500),c:Dothideomycetes(0.0500),o:Pleosporales(0.0500),f:Phaeosphaeriaceae(0.0400),g:Phaeosphaeria(0.0200),s:Nodulosphaeria_spectabilis_SH495073.07FU(0.0100)	+	d:Fungi
Otu653	d:Fungi(1.0000),p:Ascomycota(1.0000),c:Dothideomycetes(1.0000),o:Pleosporales(1.0000),f:Leptosphaeriaceae(1.0000)	+	d:Fungi,p:Ascomycota,c:Dothideomycetes,o:Pleosporales,f:Leptosphaeriaceae
Otu652	d:Fungi(1.0000),p:Ascomycota(1.0000),c:Pezizomycetes(1.0000),o:Pezizales(1.0000),f:Pyronemataceae(1.0000),g:Scutellinia(0.2300),s:Scutellinia_scutellata_SH215678.07FU(0.2300)	+	d:Fungi,p:Ascomycota,c:Pezizomycetes,o:Pezizales,f:Pyronemataceae
Otu656	d:Fungi(1.0000),p:Ascomycota(0.9900),c:Dothideomycetes(0.9000),o:Pleosporales(0.8900),f:Phaeosphaeriaceae(0.8900),g:Phaeosphaeria(0.8900),s:Phaeosphaeria_triglochinicola_SH208537.07FU(0.8900)	+	d:Fungi,p:Ascomycota,c:Dothideomycetes,o:Pleosporales,f:Phaeosphaeriaceae,g:Phaeosphaeria,s:Phaeosphaeria_triglochinicola_SH208537.07FU
Otu651	d:Fungi(1.0000),p:Ascomycota(0.5000),c:Dothideomycetes(0.5000),o:Pleosporales(0.5000),f:Phaeosphaeriaceae(0.5000),g:Guehomyces(0.4900),s:Guehomyces_pullulans_SH212824.07FU(0.4900)	+	d:Fungi
Otu657	d:Fungi(1.0000),p:Olpidiomycota(0.1100),c:Olpidiomycetes(0.1100),o:Olpidiales(0.1100),f:Olpidiaceae(0.0600),g:Olpidium(0.0600),s:Olpidium_brassicae_SH194417.07FU(0.0600)	+	d:Fungi
Otu658	d:Fungi(1.0000),p:Ascomycota(0.8600),c:Dothideomycetes(0.8600),o:Pleosporales(0.8600),f:Phaeosphaeriaceae(0.7100),g:Parastagonospora(0.4200),s:Sclerostagonospora_opuntiae_SH182980.07FU(0.1400)	+	d:Fungi,p:Ascomycota,c:Dothideomycetes,o:Pleosporales
Otu655	d:Fungi(1.0000),p:Ascomycota(0.9700),c:Dothideomycetes(0.9700),o:Pleosporales(0.9700),f:Pleosporales_fam_Incertae_sedis(0.9700),g:Pseudorobillarda(0.9700)	+	d:Fungi,p:Ascomycota,c:Dothideomycetes,o:Pleosporales,f:Pleosporales_fam_Incertae_sedis,g:Pseudorobillarda
Otu661	d:Fungi(1.0000),p:Basidiomycota(0.0300),c:Tremellomycetes(0.0300),o:Filobasidiales(0.0200),f:Filobasidiaceae(0.0200),g:Filobasidium(0.0200),s:Filobasidium_chernovii_SH197624.07FU(0.0100)	+	d:Fungi
Otu660	d:Fungi(1.0000),p:Basidiomycota(1.0000),c:Tremellomycetes(1.0000)	+	d:Fungi,p:Basidiomycota,c:Tremellomycetes
Otu662	d:Fungi(0.7700),p:Ascomycota(0.3100),c:Glomeromycetes(0.1600),o:Glomerales(0.0700),f:Glomeraceae(0.0700),g:Symbiotaphrina(0.0700),s:Symbiotaphrina_kochii_SH021199.07FU(0.0600)	+	
Otu665	d:Fungi(1.0000),p:Ascomycota(1.0000),c:Dothideomycetes(1.0000),o:Pleosporales(1.0000),f:Leptosphaeriaceae(0.7200),g:Plenodomus(0.7200),s:Plenodomus_biglobosus_SH200447.07FU(0.7200)	+	d:Fungi,p:Ascomycota,c:Dothideomycetes,o:Pleosporales
Otu659	d:Fungi(1.0000),p:Ascomycota(0.8600),c:Eurotiomycetes(0.6300),o:Chaetothyriales(0.6200),f:Cyphellophoraceae(0.3300),g:Cyphellophora(0.3300),s:Cyphellophora_pauciseptata_SH630186.07FU(0.3200)	+	d:Fungi,p:Ascomycota
Otu666	d:Fungi(1.0000),p:Chytridiomycota(0.5400),c:Agaricomycetes(0.1000),o:Spizellomycetales(0.0800),f:Diversisporaceae(0.0400),g:Globomyces(0.0300),s:Globomyces_pollinis-pini_SH183917.07FU(0.0200)	+	d:Fungi
Otu668	d:Fungi(1.0000),p:Ascomycota(0.9900),c:Dothideomycetes(0.9900),o:Pleosporales(0.7300),f:Pleosporaceae(0.7200),g:Curvularia(0.6900),s:Curvularia_inaequalis_SH187566.07FU(0.3600)	+	d:Fungi,p:Ascomycota,c:Dothideomycetes
Otu669	d:Fungi(1.0000),p:Ascomycota(0.0700),c:Agaricomycetes(0.0600),o:Agaricales(0.0500),f:Symbiotaphrinaceae(0.0500),g:Symbiotaphrina(0.0500),s:Symbiotaphrina_kochii_SH021199.07FU(0.0400)	+	d:Fungi
Otu663	d:Fungi(1.0000),p:Basidiomycota(1.0000),c:Tremellomycetes(1.0000),o:Tremellales(0.0700),f:Bulleribasidiaceae(0.0700),g:Vishniacozyma(0.0700),s:Vishniacozyma_victoriae_SH181632.07FU(0.0400)	+	d:Fungi,p:Basidiomycota,c:Tremellomycetes
Otu664	d:Fungi(1.0000),p:Ascomycota(0.6200),c:Sordariomycetes(0.6200),o:Sordariales(0.6200),f:Lasiosphaeriaceae(0.5600),g:Schizothecium(0.0300),s:Schizothecium_carpinicola_SH201192.07FU(0.0300)	+	d:Fungi
Otu654	d:Fungi(1.0000),p:Ascomycota(0.9800),c:Dothideomycetes(0.0300),o:Orbiliales(0.0200),f:Orbiliaceae(0.0200),g:Lophium(0.0200),s:Lophium_mytilinum_SH206523.07FU(0.0200)	+	d:Fungi,p:Ascomycota
Otu671	d:Fungi(1.0000),p:Basidiomycota(1.0000),c:Agaricomycetes(0.9800),o:Cantharellales(0.9800),f:Ceratobasidiaceae(0.9700),g:Ceratobasidium(0.1100),s:Ceratobasidium_cereale_SH032241.07FU(0.0800)	+	d:Fungi,p:Basidiomycota,c:Agaricomycetes,o:Cantharellales,f:Ceratobasidiaceae
Otu670	d:Fungi(1.0000),p:Basidiomycota(0.4200),c:Agaricomycetes(0.2500),o:Agaricales(0.1300),f:Tetragoniomycetaceae(0.0700),g:Cryptotrichosporon(0.0700),s:Cryptotrichosporon_tibetense_SH533912.07FU(0.0700)	+	d:Fungi
Otu674	d:Fungi(1.0000),p:Ascomycota(0.5300),c:Sordariomycetes(0.5200),o:Sordariales(0.5200),f:Lasiosphaeriaceae(0.5100),g:Schizothecium(0.4500),s:Schizothecium_carpinicola_SH201192.07FU(0.2500)	+	d:Fungi
Otu673	d:Fungi(1.0000),p:Ascomycota(1.0000),c:Eurotiomycetes(1.0000),o:Chaetothyriales(1.0000)	+	d:Fungi,p:Ascomycota,c:Eurotiomycetes,o:Chaetothyriales
Otu675	d:Fungi(1.0000),p:Basidiomycota(0.2900),c:Agaricostilbomycetes(0.2900),o:Agaricostilbales(0.2900),f:Kondoaceae(0.2900),g:Kondoa(0.2500),s:Kondoa_changbaiensis_SH496897.07FU(0.0700)	+	d:Fungi
Otu667	d:Fungi(1.0000)	+	d:Fungi
Otu677	d:Fungi(1.0000),p:Ascomycota(1.0000),c:Eurotiomycetes(1.0000),o:Chaetothyriales(1.0000)	+	d:Fungi,p:Ascomycota,c:Eurotiomycetes,o:Chaetothyriales
Otu672	d:Fungi(1.0000),p:Basidiomycota(0.9600),c:Tremellomycetes(0.2800),o:Tremellales(0.2800),f:Tremellaceae(0.2800),g:Cryptococcus(0.2800)	+	d:Fungi,p:Basidiomycota
Otu679	d:Fungi(1.0000),p:Ascomycota(0.2800),c:Sordariomycetes(0.2800),o:Sordariales(0.2800),f:Lasiosphaeriaceae(0.2400),g:Schizothecium(0.0100),s:Schizothecium_glutinans_SH201210.07FU(0.0100)	+	d:Fungi
Otu676	d:Fungi(1.0000),p:Ascomycota(0.0500),c:Eurotiomycetes(0.0200),o:Chaetothyriales(0.0200),f:Herpotrichiellaceae(0.0200)	+	d:Fungi
Otu683	d:Fungi(1.0000),p:Ascomycota(1.0000),c:Orbiliomycetes(1.0000),o:Orbiliales(1.0000),f:Orbiliaceae(1.0000),g:Orbilia(0.8100),s:Orbilia_auricolor_SH221776.07FU(0.8100)	+	d:Fungi,p:Ascomycota,c:Orbiliomycetes,o:Orbiliales,f:Orbiliaceae,g:Orbilia,s:Orbilia_auricolor_SH221776.07FU
Otu682	d:Fungi(1.0000),p:Basidiomycota(1.0000),c:Tremellomycetes(1.0000),o:Cystofilobasidiales(1.0000),f:Cystofilobasidiales_fam_Incertae_sedis(0.9900),g:Mrakiella(0.9900),s:Mrakiella_aquatica_SH202459.07FU(0.9900)	+	d:Fungi,p:Basidiomycota,c:Tremellomycetes,o:Cystofilobasidiales,f:Cystofilobasidiales_fam_Incertae_sedis,g:Mrakiella,s:Mrakiella_aquatica_SH202459.07FU
Otu680	d:Fungi(1.0000),p:Ascomycota(0.4100),c:Sordariomycetes(0.4100),o:Sordariales(0.4100),f:Sordariaceae(0.3800)	+	d:Fungi
Otu685	d:Fungi(0.7900),p:Basidiomycota(0.2700),c:Agaricomycetes(0.2500),o:Glomerales(0.1100),f:Glomeraceae(0.1100),g:Septoglomus(0.0500),s:Septoglomus_viscosum_SH216574.07FU(0.0400)	+	
Otu686	d:Fungi(1.0000),p:Basidiomycota(1.0000),c:Agaricomycetes(1.0000),o:Agaricales(1.0000),f:Strophariaceae(1.0000),g:Hypholoma(1.0000),s:Hypholoma_capnoides_SH219736.07FU(1.0000)	+	d:Fungi,p:Basidiomycota,c:Agaricomycetes,o:Agaricales,f:Strophariaceae,g:Hypholoma,s:Hypholoma_capnoides_SH219736.07FU
Otu687	d:Fungi(1.0000),p:Ascomycota(0.9700),c:Dothideomycetes(0.9700),o:Pleosporales(0.9700),f:Pleosporales_fam_Incertae_sedis(0.9700),g:Pseudorobillarda(0.9700)	+	d:Fungi,p:Ascomycota,c:Dothideomycetes,o:Pleosporales,f:Pleosporales_fam_Incertae_sedis,g:Pseudorobillarda
Otu681	d:Rhizaria(0.7700),p:Cercozoa(0.7700),c:Agaricomycetes(0.0400),o:Symbiotaphrinales(0.0300),f:Symbiotaphrinaceae(0.0300),g:Symbiotaphrina(0.0300),s:Symbiotaphrina_kochii_SH021199.07FU(0.0200)	+	
Otu689	d:Fungi(1.0000),p:Basidiomycota(0.3800),c:Agaricomycetes(0.2000),o:Trichosporonales(0.1000),f:Trichosporonaceae(0.0600),g:Vanrija(0.0600),s:Vanrija_fragicola_SH211665.07FU(0.0600)	+	d:Fungi
Otu684	d:Fungi(1.0000),p:Basidiomycota(0.9700),c:Tremellomycetes(0.9400),o:Tremellales(0.9400),f:Bulleribasidiaceae(0.9400),g:Vishniacozyma(0.9400),s:Vishniacozyma_dimennae_SH203797.07FU(0.7500)	+	d:Fungi,p:Basidiomycota,c:Tremellomycetes,o:Tremellales,f:Bulleribasidiaceae,g:Vishniacozyma
Otu690	d:Fungi(1.0000),p:Basidiomycota(1.0000),c:Cystobasidiomycetes(1.0000),o:Cystobasidiomycetes_ord_Incertae_sedis(1.0000),f:Buckleyzymaceae(1.0000),g:Buckleyzyma(1.0000),s:Buckleyzyma_aurantiaca_SH207116.07FU(1.0000)	+	d:Fungi,p:Basidiomycota,c:Cystobasidiomycetes,o:Cystobasidiomycetes_ord_Incertae_sedis,f:Buckleyzymaceae,g:Buckleyzyma,s:Buckleyzyma_aurantiaca_SH207116.07FU
Otu691	d:Fungi(1.0000),p:Ascomycota(1.0000),c:Lecanoromycetes(1.0000),o:Caliciales(1.0000),f:Physciaceae(1.0000),g:Physcia(1.0000),s:Physcia_biziana_SH005006.07FU(0.3900)	+	d:Fungi,p:Ascomycota,c:Lecanoromycetes,o:Caliciales,f:Physciaceae,g:Physcia
Otu678	d:Fungi(1.0000),p:Ascomycota(0.7000),c:Dothideomycetes(0.7000),o:Pleosporales(0.7000),f:Pleosporales_fam_Incertae_sedis(0.7000),g:Pseudorobillarda(0.7000)	+	d:Fungi
Otu688	d:Fungi(1.0000),p:Ascomycota(0.9700),c:Dothideomycetes(0.9700),o:Pleosporales(0.9700),f:Pleosporales_fam_Incertae_sedis(0.9700),g:Pseudorobillarda(0.9700)	+	d:Fungi,p:Ascomycota,c:Dothideomycetes,o:Pleosporales,f:Pleosporales_fam_Incertae_sedis,g:Pseudorobillarda
Otu695	d:Fungi(1.0000),p:Chytridiomycota(0.6700),c:Spizellomycetes(0.4400),o:Spizellomycetales(0.4400),f:Spizellomycetaceae(0.1100),g:Spizellomyces(0.1100),s:Spizellomyces_lactosolyticus_SH210195.07FU(0.0600)	+	d:Fungi
Otu692	d:Fungi(1.0000),p:Ascomycota(0.5800),c:Dothideomycetes(0.3500),o:Pleosporales(0.2500),f:Symbiotaphrinaceae(0.0800),g:Symbiotaphrina(0.0800),s:Symbiotaphrina_buchneri_SH643910.07FU(0.0500)	+	d:Fungi
Otu694	d:Fungi(1.0000),p:Ascomycota(0.9900),c:Dothideomycetes(0.9900),o:Pleosporales(0.9900),f:Cucurbitariaceae(0.4900),g:Pyrenochaeta(0.4900),s:Pyrenochaeta_inflorescentiae_SH217883.07FU(0.0200)	+	d:Fungi,p:Ascomycota,c:Dothideomycetes,o:Pleosporales
Otu698	d:Fungi(1.0000),p:Ascomycota(1.0000),c:Dothideomycetes(1.0000),o:Pleosporales(1.0000),f:Phaeosphaeriaceae(0.9900),g:Paraphoma(0.9900),s:Paraphoma_chrysanthemicola_SH208737.07FU(0.1800)	+	d:Fungi,p:Ascomycota,c:Dothideomycetes,o:Pleosporales,f:Phaeosphaeriaceae,g:Paraphoma
Otu696	d:Fungi(1.0000),p:Basidiomycota(0.8300),c:Cystobasidiomycetes(0.8000),o:Mortierellales(0.0600),f:Mortierellaceae(0.0600),g:Buckleyzyma(0.0100),s:Buckleyzyma_armeniaca_SH207118.07FU(0.0100)	+	d:Fungi,p:Basidiomycota,c:Cystobasidiomycetes
Otu693	d:Fungi(1.0000),p:Basidiomycota(0.9100),c:Microbotryomycetes(0.7900),o:Sporidiobolales(0.7200),f:Sporidiobolaceae(0.7200),g:Sporobolomyces(0.6500),s:Hamamotoa_lignophila_SH643727.07FU(0.0300)	+	d:Fungi,p:Basidiomycota
Otu699	d:Fungi(1.0000),p:Ascomycota(1.0000),c:Dothideomycetes(1.0000),o:Pleosporales(1.0000),f:Didymellaceae(0.2500),g:Phoma(0.2500),s:Coniothyrina_agaves_SH017462.07FU(0.0300)	+	d:Fungi,p:Ascomycota,c:Dothideomycetes,o:Pleosporales
Otu697	d:Fungi(1.0000),p:Ascomycota(1.0000),c:Eurotiomycetes(0.9100),o:Chaetothyriales(0.9100),f:Herpotrichiellaceae(0.5300),g:Knufia(0.3800),s:Knufia_tsunedae_SH180481.07FU(0.3800)	+	d:Fungi,p:Ascomycota,c:Eurotiomycetes,o:Chaetothyriales
Otu701	d:Fungi(1.0000),p:Ascomycota(1.0000),c:Dothideomycetes(1.0000),o:Pleosporales(0.9400)	+	d:Fungi,p:Ascomycota,c:Dothideomycetes,o:Pleosporales
Otu702	d:Fungi(1.0000),p:Ascomycota(1.0000),c:Dothideomycetes(1.0000),o:Pleosporales(1.0000),f:Teichosporaceae(0.8400),g:Teichospora(0.8400),s:Teichospora_viticola_SH495303.07FU(0.7800)	+	d:Fungi,p:Ascomycota,c:Dothideomycetes,o:Pleosporales,f:Teichosporaceae,g:Teichospora
Otu705	d:Fungi(1.0000),p:Basidiomycota(0.9400),c:Tremellomycetes(0.9100),o:Tremellales(0.8900),f:Bulleribasidiaceae(0.8900),g:Vishniacozyma(0.8900),s:Vishniacozyma_dimennae_SH203801.07FU(0.7600)	+	d:Fungi,p:Basidiomycota,c:Tremellomycetes,o:Tremellales,f:Bulleribasidiaceae,g:Vishniacozyma
Otu707	d:Fungi(0.9700),p:Basidiomycota(0.3700),c:Agaricomycetes(0.3100),o:Agaricales(0.1800),f:Pleosporaceae(0.0600),g:Alternaria(0.0600),s:Alternaria_brassicicola_SH486316.07FU(0.0600)	+	d:Fungi
Otu704	d:Fungi(1.0000),p:Ascomycota(0.6200),c:Sordariomycetes(0.6200),o:Sordariales(0.6200),f:Lasiosphaeriaceae(0.5600),g:Schizothecium(0.0300),s:Schizothecium_carpinicola_SH201192.07FU(0.0300)	+	d:Fungi
Otu703	d:Fungi(1.0000),p:Ascomycota(0.3500),c:Sordariomycetes(0.1200),o:Hypocreales(0.1200)	+	d:Fungi
Otu708	d:Fungi(1.0000),p:Ascomycota(0.9900),c:Dothideomycetes(0.9900),o:Capnodiales(0.1700),f:Mycosphaerellaceae(0.1700),g:Septoria(0.1700),s:Septoria_arundinacea_SH491502.07FU(0.1700)	+	d:Fungi,p:Ascomycota,c:Dothideomycetes
Otu700	d:Fungi(1.0000),p:Basidiomycota(0.9600),c:Tremellomycetes(0.9400),o:Tremellales(0.9400),f:Bulleribasidiaceae(0.9400),g:Vishniacozyma(0.9400),s:Vishniacozyma_dimennae_SH203797.07FU(0.7500)	+	d:Fungi,p:Basidiomycota,c:Tremellomycetes,o:Tremellales,f:Bulleribasidiaceae,g:Vishniacozyma
Otu706	d:Fungi(1.0000),p:Ascomycota(1.0000),c:Leotiomycetes(1.0000),o:Helotiales(1.0000),f:Hyaloscyphaceae(0.9600),g:Lachnum(0.9400),s:Proliferodiscus_tricolor_SH014732.07FU(0.0100)	+	d:Fungi,p:Ascomycota,c:Leotiomycetes,o:Helotiales,f:Hyaloscyphaceae,g:Lachnum
Otu711	d:Fungi(1.0000),p:Ascomycota(1.0000),c:Dothideomycetes(1.0000),o:Pleosporales(1.0000),f:Phaeosphaeriaceae(0.9600),g:Paraphoma(0.9600),s:Paraphoma_chrysanthemicola_SH211091.07FU(0.8800)	+	d:Fungi,p:Ascomycota,c:Dothideomycetes,o:Pleosporales,f:Phaeosphaeriaceae,g:Paraphoma,s:Paraphoma_chrysanthemicola_SH211091.07FU
Otu709	d:Fungi(1.0000),p:Ascomycota(0.1400),c:Dothideomycetes(0.1400),o:Pleosporales(0.1400),f:Sporormiaceae(0.1300),g:Preussia(0.1300),s:Preussia_africana_SH184194.07FU(0.0100)	+	d:Fungi
Otu712	d:Fungi(1.0000),p:Ascomycota(0.3700),c:Dothideomycetes(0.3700)	+	d:Fungi
Otu710	d:Fungi(1.0000),p:Ascomycota(1.0000),c:Eurotiomycetes(1.0000),o:Verrucariales(1.0000),f:Verrucariaceae(1.0000),g:Agonimia(0.2300),s:Agonimia_vouauxii_SH014401.07FU(0.2300)	+	d:Fungi,p:Ascomycota,c:Eurotiomycetes,o:Verrucariales,f:Verrucariaceae
Otu720	d:Fungi(1.0000)	+	d:Fungi
Otu719	d:Fungi(1.0000),p:Ascomycota(0.9900),c:Leotiomycetes(0.9900),o:Helotiales(0.9900),f:Helotiaceae(0.0100),g:Tetracladium(0.0100)	+	d:Fungi,p:Ascomycota,c:Leotiomycetes,o:Helotiales
Otu721	d:Fungi(1.0000),p:Ascomycota(0.7900),c:Dothideomycetes(0.1200),o:Chaetothyriales(0.0500),f:Symbiotaphrinaceae(0.0300),g:Symbiotaphrina(0.0300),s:Symbiotaphrina_kochii_SH021199.07FU(0.0300)	+	d:Fungi
Otu718	d:Fungi(0.7700),p:Ascomycota(0.3900),c:Xylonomycetes(0.1300),o:Symbiotaphrinales(0.1300),f:Symbiotaphrinaceae(0.1300),g:Symbiotaphrina(0.1300),s:Symbiotaphrina_kochii_SH021199.07FU(0.1100)	+	
Otu714	d:Fungi(1.0000),p:Basidiomycota(0.9700),c:Tremellomycetes(0.9400),o:Tremellales(0.9400),f:Bulleribasidiaceae(0.9400),g:Vishniacozyma(0.9400),s:Vishniacozyma_dimennae_SH203797.07FU(0.7500)	+	d:Fungi,p:Basidiomycota,c:Tremellomycetes,o:Tremellales,f:Bulleribasidiaceae,g:Vishniacozyma
Otu715	d:Fungi(1.0000),p:Basidiomycota(1.0000),c:Agaricomycetes(1.0000),o:Cantharellales(1.0000),f:Ceratobasidiaceae(1.0000),g:Thanatephorus(0.1800),s:Thanatephorus_cucumeris_SH002119.07FU(0.1300)	+	d:Fungi,p:Basidiomycota,c:Agaricomycetes,o:Cantharellales,f:Ceratobasidiaceae
Otu717	d:Fungi(1.0000),p:Ascomycota(1.0000),c:Dothideomycetes(1.0000),o:Pleosporales(1.0000)	+	d:Fungi,p:Ascomycota,c:Dothideomycetes,o:Pleosporales
Otu724	d:Fungi(1.0000),p:Basidiomycota(0.9400),c:Agaricomycetes(0.9400),o:Agaricales(0.7300),f:Tricholomataceae(0.6300),g:Arrhenia(0.4400),s:Arrhenia_velutipes_SH461977.07FU(0.2900)	+	d:Fungi,p:Basidiomycota,c:Agaricomycetes
Otu722	d:Fungi(1.0000),p:Ascomycota(1.0000),c:Dothideomycetes(1.0000),o:Pleosporales(0.0500),f:Didymellaceae(0.0400),g:Phoma(0.0400),s:Septoria_arundinacea_SH491502.07FU(0.0400)	+	d:Fungi,p:Ascomycota,c:Dothideomycetes
Otu713	d:Fungi(1.0000),p:Ascomycota(1.0000),c:Sordariomycetes(1.0000),o:Sordariales(1.0000),f:Lasiosphaeriaceae(1.0000),g:Cladorrhinum(0.9900)	+	d:Fungi,p:Ascomycota,c:Sordariomycetes,o:Sordariales,f:Lasiosphaeriaceae,g:Cladorrhinum
Otu723	d:Fungi(0.8200),p:Ascomycota(0.3800),c:Agaricomycetes(0.1600),o:Symbiotaphrinales(0.1500),f:Symbiotaphrinaceae(0.1500),g:Symbiotaphrina(0.1500),s:Symbiotaphrina_kochii_SH021199.07FU(0.1000)	+	d:Fungi
Otu716	d:Fungi(1.0000),p:Chytridiomycota(1.0000)	+	d:Fungi,p:Chytridiomycota
Otu725	d:Fungi(1.0000),p:Basidiomycota(0.5700),c:Agaricomycetes(0.5300),o:Agaricales(0.3600),f:Inocybaceae(0.1100),g:Entorrhiza(0.1000),s:Clavulicium_globosum_SH463713.07FU(0.0800)	+	d:Fungi
Otu730	d:Fungi(1.0000),p:Ascomycota(1.0000),c:Sordariomycetes(1.0000),o:Sordariales(1.0000),f:Lasiosphaeriaceae(1.0000),g:Cladorrhinum(1.0000),s:Cladorrhinum_flexuosum_SH181894.07FU(1.0000)	+	d:Fungi,p:Ascomycota,c:Sordariomycetes,o:Sordariales,f:Lasiosphaeriaceae,g:Cladorrhinum,s:Cladorrhinum_flexuosum_SH181894.07FU
Otu731	d:Fungi(1.0000),p:Ascomycota(1.0000),c:Leotiomycetes(0.9800),o:Helotiales(0.9800),f:Helotiales_fam_Incertae_sedis(0.3500),g:Leohumicola(0.2900),s:Cistella_albidolutea_SH198116.07FU(0.0700)	+	d:Fungi,p:Ascomycota,c:Leotiomycetes,o:Helotiales
Otu726	d:Fungi(1.0000),p:Ascomycota(1.0000),c:Leotiomycetes(1.0000),o:Helotiales(1.0000),f:Helotiales_fam_Incertae_sedis(0.0600),g:Mycoarthris(0.0600),s:Mycoarthris_corallina_SH198115.07FU(0.0600)	+	d:Fungi,p:Ascomycota,c:Leotiomycetes,o:Helotiales
Otu727	d:Fungi(1.0000),p:Ascomycota(0.9800),c:Dothideomycetes(0.9800),o:Pleosporales(0.9800),f:Phaeosphaeriaceae(0.9600),g:Chaetosphaeronema(0.9400)	+	d:Fungi,p:Ascomycota,c:Dothideomycetes,o:Pleosporales,f:Phaeosphaeriaceae,g:Chaetosphaeronema
Otu732	d:Fungi(1.0000),p:Ascomycota(0.6000),c:Dothideomycetes(0.6000),o:Dothideales(0.6000),f:Aureobasidiaceae(0.3500),g:Aureobasidium(0.3400),s:Selenophoma_mahoniae_SH103325.07FU(0.2300)	+	d:Fungi
Otu736	d:Fungi(1.0000),p:Ascomycota(1.0000),c:Leotiomycetes(1.0000),o:Helotiales(1.0000),f:Hyaloscyphaceae(1.0000),g:Lemonniera(1.0000),s:Lemonniera_centrosphaera_SH184435.07FU(0.0100)	+	d:Fungi,p:Ascomycota,c:Leotiomycetes,o:Helotiales,f:Hyaloscyphaceae,g:Lemonniera
Otu735	d:Fungi(1.0000),p:Ascomycota(1.0000),c:Dothideomycetes(1.0000),o:Pleosporales(1.0000),f:Pleosporaceae(1.0000),g:Embellisia(0.9300),s:Embellisia_phragmospora_SH434817.07FU(0.9300)	+	d:Fungi,p:Ascomycota,c:Dothideomycetes,o:Pleosporales,f:Pleosporaceae,g:Embellisia,s:Embellisia_phragmospora_SH434817.07FU
Otu728	d:Fungi(1.0000),p:Ascomycota(0.2800),c:Sordariomycetes(0.2800),o:Sordariales(0.2800),f:Lasiosphaeriaceae(0.2400),g:Schizothecium(0.0100),s:Schizothecium_glutinans_SH201210.07FU(0.0100)	+	d:Fungi
Otu737	d:Fungi(1.0000),p:Ascomycota(0.7900),c:Leotiomycetes(0.6300),o:Helotiales(0.5600),f:Helotiaceae(0.1200),g:Leohumicola(0.0800),s:Pezoloma_ericae_SH181116.07FU(0.0300)	+	d:Fungi
Otu734	d:Rhizaria(0.6200),p:Cercozoa(0.6200),c:Agaricomycetes(0.0500),o:Symbiotaphrinales(0.0500),f:Symbiotaphrinaceae(0.0500),g:Symbiotaphrina(0.0500),s:Symbiotaphrina_kochii_SH021199.07FU(0.0400)	+	
Otu733	d:Fungi(0.9800),p:Ascomycota(0.3800),c:Agaricomycetes(0.2800),o:Orbiliales(0.1300),f:Orbiliaceae(0.1300),g:Orbilia(0.0700),s:Dactylella_cylindrospora_SH206627.07FU(0.0400)	+	d:Fungi
Otu738	d:Fungi(1.0000),p:Ascomycota(0.0500),c:Dothideomycetes(0.0500),o:Pleosporales(0.0500),f:Pleosporaceae(0.0500),g:Alternaria(0.0500)	+	d:Fungi
Otu739	d:Fungi(1.0000),p:Basidiomycota(1.0000),c:Agaricomycetes(1.0000),o:Trechisporales(1.0000)	+	d:Fungi,p:Basidiomycota,c:Agaricomycetes,o:Trechisporales
Otu741	d:Fungi(1.0000),p:Basidiomycota(1.0000),c:Exobasidiomycetes(1.0000),o:Entylomatales(1.0000),f:Entylomataceae(0.0700),g:Entyloma(0.0700),s:Entyloma_linariae_SH009063.07FU(0.0500)	+	d:Fungi,p:Basidiomycota,c:Exobasidiomycetes,o:Entylomatales
Otu729	d:Fungi(1.0000),p:Ascomycota(0.7000),c:Sordariomycetes(0.7000),o:Xylariales(0.6100),f:Hyponectriaceae(0.2200),g:Monographella(0.2200),s:Monographella_nivalis_SH213511.07FU(0.2200)	+	d:Fungi
Otu742	d:Fungi(1.0000),p:Ascomycota(1.0000),c:Sordariomycetes(0.9800),o:Sordariales(0.9300),f:Chaetomiaceae(0.9300),g:Myrmecridium(0.0500)	+	d:Fungi,p:Ascomycota,c:Sordariomycetes,o:Sordariales,f:Chaetomiaceae
Otu740	d:Fungi(1.0000),p:Ascomycota(0.0100),c:Sordariomycetes(0.0100),o:Sordariales(0.0100),f:Chaetomiaceae(0.0100),g:Chaetomium(0.0100)	+	d:Fungi
Otu744	d:Fungi(1.0000),p:Ascomycota(0.9700),c:Dothideomycetes(0.9700),o:Pleosporales(0.9700),f:Pleosporales_fam_Incertae_sedis(0.9700),g:Pseudorobillarda(0.9700)	+	d:Fungi,p:Ascomycota,c:Dothideomycetes,o:Pleosporales,f:Pleosporales_fam_Incertae_sedis,g:Pseudorobillarda
Otu749	d:Fungi(0.9900),p:Ascomycota(0.1600),c:Agaricomycetes(0.0700),o:Symbiotaphrinales(0.0600),f:Symbiotaphrinaceae(0.0600),g:Symbiotaphrina(0.0600),s:Symbiotaphrina_kochii_SH021199.07FU(0.0500)	+	d:Fungi
Otu745	d:Fungi(1.0000),p:Chytridiomycota(0.3300),c:Agaricomycetes(0.1500),o:Lobulomycetales(0.0800),f:Lobulomycetaceae(0.0800),g:Lobulomyces(0.0800),s:Lobulomyces_poculatus_SH029498.07FU(0.0400)	+	d:Fungi
Otu747	d:Fungi(0.5800),p:Cercozoa(0.4200),c:Agaricomycetes(0.1700),o:Agaricales(0.0900),f:Inocybaceae(0.0300),g:Inocybe(0.0300),s:Anungitopsis_speciosa_SH479078.07FU(0.0200)	+	
Otu743	d:Fungi(1.0000),p:Basidiomycota(1.0000),c:Agaricomycetes(1.0000),o:Cantharellales(1.0000),f:Ceratobasidiaceae(1.0000),g:Waitea(0.2800),s:Waitea_circinata_var._circinata_SH015963.07FU(0.2600)	+	d:Fungi,p:Basidiomycota,c:Agaricomycetes,o:Cantharellales,f:Ceratobasidiaceae
Otu748	d:Fungi(1.0000),p:Ascomycota(1.0000),c:Dothideomycetes(1.0000),o:Pleosporales(1.0000),f:Pleosporaceae(1.0000),g:Alternaria(1.0000),s:Alternaria_cinerariae_SH216796.07FU(1.0000)	+	d:Fungi,p:Ascomycota,c:Dothideomycetes,o:Pleosporales,f:Pleosporaceae,g:Alternaria,s:Alternaria_cinerariae_SH216796.07FU
Otu752	d:Fungi(1.0000),p:Ascomycota(1.0000),c:Dothideomycetes(1.0000),o:Pleosporales(1.0000),f:Pleosporaceae(1.0000),g:Alternaria(1.0000),s:Alternaria_metachromatica_SH216783.07FU(0.0400)	+	d:Fungi,p:Ascomycota,c:Dothideomycetes,o:Pleosporales,f:Pleosporaceae,g:Alternaria
Otu753	d:Fungi(1.0000),p:Ascomycota(0.9600),c:Dothideomycetes(0.9600),o:Pleosporales(0.9600),f:Pleosporaceae(0.9600),g:Alternaria(0.9200),s:Alternaria_terricola_SH434798.07FU(0.8400)	+	d:Fungi,p:Ascomycota,c:Dothideomycetes,o:Pleosporales,f:Pleosporaceae,g:Alternaria,s:Alternaria_terricola_SH434798.07FU
Otu751	d:Fungi(1.0000),p:Ascomycota(0.8800),c:Dothideomycetes(0.8800),o:Pleosporales(0.8800),f:Phaeosphaeriaceae(0.8800),g:Phaeosphaeria(0.8800)	+	d:Fungi,p:Ascomycota,c:Dothideomycetes,o:Pleosporales,f:Phaeosphaeriaceae,g:Phaeosphaeria
Otu746	d:Fungi(1.0000),p:Ascomycota(0.8900),c:Dothideomycetes(0.8700),o:Pleosporales(0.8700),f:Massarinaceae(0.5500),g:Stagonospora(0.5500),s:Phaeosphaeria_podocarpi_SH182930.07FU(0.1600)	+	d:Fungi,p:Ascomycota,c:Dothideomycetes,o:Pleosporales
Otu750	d:Fungi(1.0000),p:Ascomycota(0.9900),c:Dothideomycetes(0.9700),o:Pleosporales(0.9700),f:Phaeosphaeriaceae(0.9600),g:Septoriella(0.9600),s:Septoriella_phragmitis_SH238525.07FU(0.6400)	+	d:Fungi,p:Ascomycota,c:Dothideomycetes,o:Pleosporales,f:Phaeosphaeriaceae,g:Septoriella
Otu756	d:Fungi(1.0000),p:Basidiomycota(1.0000),c:Agaricomycetes(1.0000),o:Agaricales(1.0000),f:Stephanosporaceae(1.0000),g:Cristinia(0.0100)	+	d:Fungi,p:Basidiomycota,c:Agaricomycetes,o:Agaricales,f:Stephanosporaceae
Otu758	d:Fungi(1.0000),p:Ascomycota(1.0000),c:Sordariomycetes(1.0000),o:Sordariales(1.0000),f:Lasiosphaeriaceae(1.0000),g:Podospora(0.9800)	+	d:Fungi,p:Ascomycota,c:Sordariomycetes,o:Sordariales,f:Lasiosphaeriaceae,g:Podospora
Otu760	d:Fungi(1.0000),p:Ascomycota(1.0000),c:Sordariomycetes(1.0000),o:Myrmecridiales(0.5500),f:Myrmecridiaceae(0.5500),g:Myrmecridium(0.5500),s:Myrmecridium_schulzeri_SH218826.07FU(0.0100)	+	d:Fungi,p:Ascomycota,c:Sordariomycetes
Otu757	d:Fungi(1.0000),p:Ascomycota(1.0000),c:Dothideomycetes(1.0000),o:Pleosporales(1.0000)	+	d:Fungi,p:Ascomycota,c:Dothideomycetes,o:Pleosporales
Otu754	d:Fungi(1.0000),p:Ascomycota(1.0000),c:Sordariomycetes(1.0000),o:Phomatosporales(0.9900),f:Phomatosporaceae(0.9900),g:Phomatospora(0.9900),s:Phomatospora_dinemasporium_SH208943.07FU(0.9900)	+	d:Fungi,p:Ascomycota,c:Sordariomycetes,o:Phomatosporales,f:Phomatosporaceae,g:Phomatospora,s:Phomatospora_dinemasporium_SH208943.07FU
Otu761	d:Fungi(1.0000),p:Ascomycota(0.8800),c:Sordariomycetes(0.8500),o:Hypocreales(0.6200),f:Bionectriaceae(0.3500),g:Stromatonectria(0.2700),s:Stromatonectria_caraganae_SH192543.07FU(0.2700)	+	d:Fungi,p:Ascomycota,c:Sordariomycetes
Otu762	d:Fungi(1.0000),p:Basidiomycota(1.0000),c:Agaricomycetes(1.0000),o:Cantharellales(1.0000),f:Ceratobasidiaceae(1.0000)	+	d:Fungi,p:Basidiomycota,c:Agaricomycetes,o:Cantharellales,f:Ceratobasidiaceae
Otu765	d:Fungi(1.0000),p:Ascomycota(0.8000),c:Eurotiomycetes(0.2900),o:Chaetothyriales(0.1800),f:Herpotrichiellaceae(0.0700),g:Orbilia(0.0500),s:Trimmatothelopsis_gordensis_SH527327.07FU(0.0100)	+	d:Fungi,p:Ascomycota
Otu755	d:Fungi(1.0000),p:Ascomycota(1.0000),c:Leotiomycetes(1.0000),o:Helotiales(1.0000),f:Helotiaceae(0.8400),g:Helicodendron(0.8400),s:Helicodendron_luteoalbum_SH204485.07FU(0.8400)	+	d:Fungi,p:Ascomycota,c:Leotiomycetes,o:Helotiales,f:Helotiaceae,g:Helicodendron,s:Helicodendron_luteoalbum_SH204485.07FU
Otu759	d:Fungi(0.9900),p:Ascomycota(0.0900),c:Agaricomycetes(0.0500),o:Agaricales(0.0400),f:Symbiotaphrinaceae(0.0300),g:Symbiotaphrina(0.0300),s:Symbiotaphrina_buchneri_SH643910.07FU(0.0200)	+	d:Fungi
Otu769	d:Fungi(1.0000),p:Chytridiomycota(0.4100),c:Agaricomycetes(0.0800),o:Spizellomycetales(0.0700),f:Symbiotaphrinaceae(0.0700),g:Symbiotaphrina(0.0700),s:Symbiotaphrina_buchneri_SH643910.07FU(0.0500)	+	d:Fungi
Otu766	d:Fungi(1.0000),p:Basidiomycota(0.9700),c:Tremellomycetes(0.9400),o:Tremellales(0.9400),f:Bulleribasidiaceae(0.9400),g:Vishniacozyma(0.9400),s:Vishniacozyma_dimennae_SH203797.07FU(0.7500)	+	d:Fungi,p:Basidiomycota,c:Tremellomycetes,o:Tremellales,f:Bulleribasidiaceae,g:Vishniacozyma
Otu770	d:Fungi(1.0000),p:Ascomycota(0.8400),c:Eurotiomycetes(0.7100),o:Chaetothyriales(0.7100),f:Herpotrichiellaceae(0.4700),g:Capronia(0.3900),s:Knufia_cryptophialidica_SH193969.07FU(0.0400)	+	d:Fungi,p:Ascomycota
Otu774	d:Fungi(0.9900),p:Basidiomycota(0.3300),c:Agaricomycetes(0.2700),o:Agaricales(0.1200),f:Glomeraceae(0.0600),g:Mycena(0.0300),s:Mycena_urania_SH220753.07FU(0.0200)	+	d:Fungi
Otu764	d:Fungi(1.0000),p:Ascomycota(1.0000),c:Leotiomycetes(1.0000),o:Helotiales(1.0000),f:Rutstroemiaceae(0.0100),g:Lambertella(0.0100),s:Lambertella_corni-maris_SH177345.07FU(0.0100)	+	d:Fungi,p:Ascomycota,c:Leotiomycetes,o:Helotiales
Otu771	d:Fungi(1.0000),p:Ascomycota(0.8100),c:Eurotiomycetes(0.4300),o:Chaetothyriales(0.4200),f:Symbiotaphrinaceae(0.2700),g:Symbiotaphrina(0.2700),s:Symbiotaphrina_kochii_SH021199.07FU(0.2700)	+	d:Fungi,p:Ascomycota
Otu773	d:Fungi(1.0000),p:Ascomycota(1.0000),c:Eurotiomycetes(1.0000),o:Verrucariales(1.0000),f:Verrucariaceae(1.0000),g:Agonimia(1.0000),s:Agonimia_vouauxii_SH014401.07FU(1.0000)	+	d:Fungi,p:Ascomycota,c:Eurotiomycetes,o:Verrucariales,f:Verrucariaceae,g:Agonimia,s:Agonimia_vouauxii_SH014401.07FU
Otu763	d:Fungi(1.0000),p:Chytridiomycota(0.5800),c:Rhizophydiomycetes(0.1000),o:Rhizophydiales(0.1000),f:Gigasporaceae(0.0400),g:Orbilia(0.0300),s:Synchytrium_papillatum_SH487289.07FU(0.0300)	+	d:Fungi
Otu767	d:Fungi(0.9800),p:Basidiomycota(0.2200),c:Agaricomycetes(0.1400),o:Agaricales(0.0700),f:Bulleraceae(0.0500),g:Bullera(0.0500),s:Derxomyces_linzhiensis_SH025443.07FU(0.0200)	+	d:Fungi
Otu768	d:Fungi(1.0000)	+	d:Fungi
Otu777	d:Rhizaria(0.5600),p:Cercozoa(0.5600),c:Xylonomycetes(0.1000),o:Symbiotaphrinales(0.1000),f:Symbiotaphrinaceae(0.1000),g:Symbiotaphrina(0.1000),s:Symbiotaphrina_kochii_SH021199.07FU(0.0500)	+	
Otu779	d:Fungi(1.0000),p:Ascomycota(0.9400),c:Dothideomycetes(0.7400),o:Pleosporales(0.7400)	+	d:Fungi,p:Ascomycota
Otu780	d:Fungi(1.0000),p:Ascomycota(1.0000),c:Eurotiomycetes(1.0000),o:Verrucariales(0.9900),f:Verrucariaceae(0.9100),g:Verrucaria(0.4600),s:Verrucaria_humida_SH525688.07FU(0.1600)	+	d:Fungi,p:Ascomycota,c:Eurotiomycetes,o:Verrucariales,f:Verrucariaceae
Otu785	d:Fungi(1.0000),p:Chytridiomycota(0.2500)	+	d:Fungi
Otu775	d:Fungi(1.0000),p:Ascomycota(0.8600),c:Dothideomycetes(0.2300),o:Lecanorales(0.1600),f:Parmeliaceae(0.1600),g:Radulidium(0.1400),s:Hypotrachyna_britannica_SH208074.07FU(0.0300)	+	d:Fungi,p:Ascomycota
Otu784	d:Fungi(1.0000),p:Ascomycota(0.9500),c:Leotiomycetes(0.7200),o:Helotiales(0.6900),f:Helotiaceae(0.6900),g:Articulospora(0.6400)	+	d:Fungi,p:Ascomycota
Otu772	d:Fungi(1.0000),p:Ascomycota(0.9400),c:Sordariomycetes(0.8500),o:Hypocreales(0.7300),f:Bionectriaceae(0.2700),g:Geosmithia(0.1500),s:Geosmithia_microcorthyli_SH193097.07FU(0.1200)	+	d:Fungi,p:Ascomycota,c:Sordariomycetes
Otu778	d:Fungi(1.0000),p:Basidiomycota(1.0000),c:Tremellomycetes(1.0000),o:Tremellales(0.2100),f:Bulleribasidiaceae(0.2100),g:Vishniacozyma(0.2100),s:Vishniacozyma_victoriae_SH181628.07FU(0.1800)	+	d:Fungi,p:Basidiomycota,c:Tremellomycetes
Otu776	d:Fungi(1.0000),p:Ascomycota(1.0000),c:Leotiomycetes(1.0000),o:Helotiales(1.0000),f:Hyaloscyphaceae(0.9600),g:Lachnum(0.9400),s:Proliferodiscus_tricolor_SH014732.07FU(0.0100)	+	d:Fungi,p:Ascomycota,c:Leotiomycetes,o:Helotiales,f:Hyaloscyphaceae,g:Lachnum
Otu787	d:Fungi(1.0000),p:Ascomycota(1.0000),c:Dothideomycetes(1.0000),o:Pleosporales(1.0000),f:Phaeosphaeriaceae(0.1900),g:Chaetosphaeronema(0.1100)	+	d:Fungi,p:Ascomycota,c:Dothideomycetes,o:Pleosporales
Otu783	d:Fungi(1.0000),p:Ascomycota(1.0000),c:Sordariomycetes(1.0000),o:Sordariales(1.0000),f:Lasiosphaeriaceae(1.0000),g:Cladorrhinum(1.0000),s:Cladorrhinum_flexuosum_SH181894.07FU(1.0000)	+	d:Fungi,p:Ascomycota,c:Sordariomycetes,o:Sordariales,f:Lasiosphaeriaceae,g:Cladorrhinum,s:Cladorrhinum_flexuosum_SH181894.07FU
Otu786	d:Fungi(1.0000),p:Ascomycota(0.9700),c:Dothideomycetes(0.9700),o:Pleosporales(0.9700),f:Pleosporales_fam_Incertae_sedis(0.9700),g:Pseudorobillarda(0.9700)	+	d:Fungi,p:Ascomycota,c:Dothideomycetes,o:Pleosporales,f:Pleosporales_fam_Incertae_sedis,g:Pseudorobillarda
Otu789	d:Fungi(1.0000),p:Ascomycota(1.0000),c:Leotiomycetes(0.5900),o:Helotiales(0.5900),f:Helotiaceae(0.0200),g:Cistella(0.0100)	+	d:Fungi,p:Ascomycota
Otu781	d:Fungi(1.0000),p:Mortierellomycota(1.0000),c:Mortierellomycetes(1.0000),o:Mortierellales(1.0000),f:Mortierellaceae(1.0000),g:Mortierella(1.0000),s:Mortierella_capitata_SH217581.07FU(0.9600)	+	d:Fungi,p:Mortierellomycota,c:Mortierellomycetes,o:Mortierellales,f:Mortierellaceae,g:Mortierella,s:Mortierella_capitata_SH217581.07FU
Otu795	d:Fungi(0.7900),p:Ascomycota(0.2700),c:Agaricomycetes(0.2300),o:Agaricales(0.0700),f:Atheliaceae(0.0400),g:Piloderma(0.0400),s:Inocybe_leucoloma_SH209539.07FU(0.0200)	+	
Otu792	d:Fungi(1.0000),p:Ascomycota(1.0000),c:Dothideomycetes(0.0800),o:Pleosporales(0.0800),f:Phaeosphaeriaceae(0.0100),g:Parastagonospora(0.0100)	+	d:Fungi,p:Ascomycota
Otu788	d:Fungi(1.0000),p:Ascomycota(1.0000),c:Orbiliomycetes(1.0000),o:Orbiliales(1.0000),f:Orbiliaceae(1.0000)	+	d:Fungi,p:Ascomycota,c:Orbiliomycetes,o:Orbiliales,f:Orbiliaceae
Otu782	d:Fungi(1.0000),p:Ascomycota(0.9900),c:Lecanoromycetes(0.9300),o:Lecanorales(0.9300),f:Lecanoraceae(0.9200),g:Scoliciosporum(0.9100),s:Scoliciosporum_umbrinum_SH631601.07FU(0.9100)	+	d:Fungi,p:Ascomycota,c:Lecanoromycetes,o:Lecanorales,f:Lecanoraceae,g:Scoliciosporum,s:Scoliciosporum_umbrinum_SH631601.07FU
Otu791	d:Fungi(1.0000),p:Basidiomycota(0.9900),c:Agaricomycetes(0.9900),o:Auriculariales(0.9900),f:Auriculariaceae(0.9900),g:Auricularia(0.9900)	+	d:Fungi,p:Basidiomycota,c:Agaricomycetes,o:Auriculariales,f:Auriculariaceae,g:Auricularia
Otu797	d:Fungi(1.0000),p:Ascomycota(0.2600),c:Dothideomycetes(0.2400),o:Pleosporales(0.2400),f:Didymellaceae(0.1900),g:Stagonosporopsis(0.1700),s:Stagonosporopsis_tanaceti_SH245101.07FU(0.1600)	+	d:Fungi
Otu798	d:Fungi(1.0000),p:Basidiomycota(0.0200),c:Tremellomycetes(0.0200),o:Filobasidiales(0.0200),f:Filobasidiaceae(0.0200),g:Filobasidium(0.0200),s:Filobasidium_chernovii_SH197624.07FU(0.0100)	+	d:Fungi
Otu793	d:Fungi(1.0000),p:Ascomycota(0.6100),c:Leotiomycetes(0.1700),o:Helotiales(0.1500),f:Symbiotaphrinaceae(0.0900),g:Symbiotaphrina(0.0900),s:Symbiotaphrina_buchneri_SH643910.07FU(0.0600)	+	d:Fungi
Otu794	d:Fungi(1.0000),p:Basidiomycota(1.0000),c:Agaricomycetes(1.0000),o:Sebacinales(1.0000),f:Sebacinaceae(1.0000)	+	d:Fungi,p:Basidiomycota,c:Agaricomycetes,o:Sebacinales,f:Sebacinaceae
Otu803	d:Fungi(1.0000),p:Ascomycota(0.8000),c:Sordariomycetes(0.1300),o:Helotiales(0.1100),f:Symbiotaphrinaceae(0.0800),g:Symbiotaphrina(0.0800),s:Symbiotaphrina_buchneri_SH643910.07FU(0.0800)	+	d:Fungi,p:Ascomycota
Otu799	d:Fungi(1.0000),p:Chytridiomycota(0.6800),c:Agaricomycetes(0.1300),o:Spizellomycetales(0.1200),f:Spizellomycetaceae(0.0500),g:Spizellomyces(0.0500),s:Omphalina_rivulicola_SH010548.07FU(0.0200)	+	d:Fungi
Otu796	d:Fungi(1.0000),p:Basidiomycota(1.0000),c:Tremellomycetes(1.0000),o:Tremellales(1.0000),f:Bulleribasidiaceae(0.9800),g:Vishniacozyma(0.9800),s:Vishniacozyma_heimaeyensis_SH181631.07FU(0.9800)	+	d:Fungi,p:Basidiomycota,c:Tremellomycetes,o:Tremellales,f:Bulleribasidiaceae,g:Vishniacozyma,s:Vishniacozyma_heimaeyensis_SH181631.07FU
Otu804	d:Fungi(1.0000),p:Chytridiomycota(0.6400),c:Spizellomycetes(0.3800),o:Spizellomycetales(0.3800),f:Spizellomycetaceae(0.0900),g:Spizellomyces(0.0900),s:Spizellomyces_lactosolyticus_SH210195.07FU(0.0600)	+	d:Fungi
Otu800	d:Fungi(1.0000),p:Ascomycota(0.9600),c:Dothideomycetes(0.9600),o:Pleosporales(0.9600),f:Pleosporaceae(0.9600),g:Alternaria(0.9200),s:Alternaria_terricola_SH434798.07FU(0.8400)	+	d:Fungi,p:Ascomycota,c:Dothideomycetes,o:Pleosporales,f:Pleosporaceae,g:Alternaria,s:Alternaria_terricola_SH434798.07FU
Otu790	d:Fungi(1.0000),p:Ascomycota(0.7000),c:Dothideomycetes(0.7000),o:Pleosporales(0.7000),f:Pleosporales_fam_Incertae_sedis(0.7000),g:Pseudorobillarda(0.7000)	+	d:Fungi
Otu807	d:Fungi(1.0000),p:Basidiomycota(1.0000),c:Agaricomycetes(1.0000),o:Sebacinales(1.0000),f:Sebacinaceae(1.0000),g:Paulisebacina(0.0200),s:Paulisebacina_allantoidea_SH212082.07FU(0.0200)	+	d:Fungi,p:Basidiomycota,c:Agaricomycetes,o:Sebacinales,f:Sebacinaceae
Otu810	d:Fungi(1.0000),p:Basidiomycota(1.0000),c:Tremellomycetes(1.0000),o:Cystofilobasidiales(1.0000),f:Cystofilobasidiales_fam_Incertae_sedis(0.9900),g:Mrakiella(0.9900),s:Mrakiella_aquatica_SH202459.07FU(0.9900)	+	d:Fungi,p:Basidiomycota,c:Tremellomycetes,o:Cystofilobasidiales,f:Cystofilobasidiales_fam_Incertae_sedis,g:Mrakiella,s:Mrakiella_aquatica_SH202459.07FU
Otu802	d:Fungi(1.0000),p:Ascomycota(0.9900),c:Dothideomycetes(0.9900),o:Pleosporales(0.9900),f:Phaeosphaeriaceae(0.9600),g:Septoriella(0.9400),s:Septoriella_phragmitis_SH238525.07FU(0.9400)	+	d:Fungi,p:Ascomycota,c:Dothideomycetes,o:Pleosporales,f:Phaeosphaeriaceae,g:Septoriella,s:Septoriella_phragmitis_SH238525.07FU
Otu808	d:Fungi(1.0000),p:Chytridiomycota(0.4700),c:Spizellomycetes(0.2200),o:Spizellomycetales(0.2200),f:Symbiotaphrinaceae(0.1100),g:Symbiotaphrina(0.1100),s:Symbiotaphrina_kochii_SH021199.07FU(0.0700)	+	d:Fungi
Otu805	d:Fungi(1.0000),p:Basidiomycota(1.0000),c:Agaricomycetes(1.0000),o:Sebacinales(1.0000),f:Sebacinaceae(1.0000)	+	d:Fungi,p:Basidiomycota,c:Agaricomycetes,o:Sebacinales,f:Sebacinaceae
Otu806	d:Fungi(1.0000),p:Ascomycota(1.0000),c:Dothideomycetes(1.0000),o:Pleosporales(1.0000),f:Pleosporaceae(1.0000),g:Alternaria(1.0000),s:Alternaria_eureka_SH199529.07FU(0.9900)	+	d:Fungi,p:Ascomycota,c:Dothideomycetes,o:Pleosporales,f:Pleosporaceae,g:Alternaria,s:Alternaria_eureka_SH199529.07FU
Otu813	d:Fungi(1.0000),p:Ascomycota(0.9800),c:Sordariomycetes(0.9800),o:Hypocreales(0.9800),f:Nectriaceae(0.9400)	+	d:Fungi,p:Ascomycota,c:Sordariomycetes,o:Hypocreales,f:Nectriaceae
Otu811	d:Fungi(1.0000),p:Ascomycota(1.0000),c:Dothideomycetes(1.0000),o:Pleosporales(1.0000),f:Leptosphaeriaceae(1.0000),g:Leptosphaeria(1.0000),s:Leptosphaeria_rubefaciens_SH213843.07FU(1.0000)	+	d:Fungi,p:Ascomycota,c:Dothideomycetes,o:Pleosporales,f:Leptosphaeriaceae,g:Leptosphaeria,s:Leptosphaeria_rubefaciens_SH213843.07FU
Otu814	d:Fungi(1.0000),p:Ascomycota(1.0000),c:Leotiomycetes(0.1000),o:Helotiales(0.1000),f:Helotiaceae(0.0600),g:Hymenoscyphus(0.0600),s:Hymenoscyphus_lepismoides_SH497063.07FU(0.0300)	+	d:Fungi,p:Ascomycota
Otu801	d:Fungi(1.0000),p:Ascomycota(0.7600),c:Eurotiomycetes(0.2900),o:Chaetothyriales(0.1400),f:Verrucariaceae(0.1100),g:Symbiotaphrina(0.0800),s:Catapyrenium_waltheri_SH202826.07FU(0.0600)	+	d:Fungi
Otu819	d:Fungi(0.9700),p:Ascomycota(0.3200),c:Rozellomycotina_cls_Incertae_sedis(0.1400),o:GS11(0.1000),f:Symbiotaphrinaceae(0.0600),g:Symbiotaphrina(0.0600),s:Symbiotaphrina_kochii_SH021199.07FU(0.0300)	+	d:Fungi
Otu809	d:Fungi(1.0000),p:Ascomycota(0.7900),c:Dothideomycetes(0.6600),o:Pleosporales(0.6600),f:Phaeosphaeriaceae(0.6600),g:Leptospora(0.6600),s:Leptospora_rubella_SH200463.07FU(0.6500)	+	d:Fungi
Otu816	d:Fungi(1.0000),p:Ascomycota(0.9900),c:Orbiliomycetes(0.9600),o:Orbiliales(0.9600),f:Orbiliaceae(0.9600),g:Arthrobotrys(0.0200),s:Arthrobotrys_oligospora_SH221773.07FU(0.0200)	+	d:Fungi,p:Ascomycota,c:Orbiliomycetes,o:Orbiliales,f:Orbiliaceae
Otu815	d:Fungi(1.0000),p:Basidiomycota(0.5200),c:Agaricomycetes(0.3100),o:Agaricales(0.1600),f:Bulleribasidiaceae(0.1100),g:Derxomyces(0.1100),s:Cryptotrichosporon_tibetense_SH533912.07FU(0.0500)	+	d:Fungi
Otu821	d:Fungi(1.0000),p:Ascomycota(0.9900),c:Eurotiomycetes(0.9900),o:Chaetothyriales(0.9900),f:Trichomeriaceae(0.9000),g:Knufia(0.9000),s:Knufia_karalitana_SH523092.07FU(0.7500)	+	d:Fungi,p:Ascomycota,c:Eurotiomycetes,o:Chaetothyriales,f:Trichomeriaceae,g:Knufia
Otu823	d:Fungi(1.0000),p:Chytridiomycota(0.5600),c:Rhizophydiomycetes(0.2500),o:Rhizophydiales(0.2500),f:Rhizophydiaceae(0.2500),g:Rhizophydium(0.2500),s:Psathyrella_romellii_SH494477.07FU(0.0300)	+	d:Fungi
Otu818	d:Fungi(1.0000),p:Basidiomycota(0.1000),c:Agaricomycetes(0.0800),o:Agaricales(0.0300),f:Gigasporaceae(0.0200),g:Symbiotaphrina(0.0200),s:Placopsis_fusciduloides_SH492093.07FU(0.0100)	+	d:Fungi
Otu817	d:Fungi(1.0000),p:Ascomycota(0.8100),c:Eurotiomycetes(0.3100),o:Chaetothyriales(0.1900),f:Verrucariaceae(0.0600),g:Verrucaria(0.0400),s:Symbiotaphrina_kochii_SH021199.07FU(0.0300)	+	d:Fungi,p:Ascomycota
Otu820	d:Fungi(1.0000),p:Ascomycota(1.0000),c:Dothideomycetes(1.0000),o:Pleosporales(1.0000),f:Didymosphaeriaceae(1.0000),g:Paraphaeosphaeria(1.0000),s:Paraphaeosphaeria_michotii_SH186934.07FU(1.0000)	+	d:Fungi,p:Ascomycota,c:Dothideomycetes,o:Pleosporales,f:Didymosphaeriaceae,g:Paraphaeosphaeria,s:Paraphaeosphaeria_michotii_SH186934.07FU
Otu828	d:Fungi(1.0000),p:Basidiomycota(1.0000),c:Agaricomycetes(1.0000),o:Agaricales(1.0000),f:Psathyrellaceae(0.0100),g:Coprinellus(0.0100),s:Coprinellus_curtus_SH220395.07FU(0.0100)	+	d:Fungi,p:Basidiomycota,c:Agaricomycetes,o:Agaricales
Otu825	d:Fungi(1.0000),p:Ascomycota(1.0000),c:Eurotiomycetes(0.9100),o:Chaetothyriales(0.9100),f:Herpotrichiellaceae(0.5300),g:Knufia(0.3800),s:Knufia_tsunedae_SH180481.07FU(0.3800)	+	d:Fungi,p:Ascomycota,c:Eurotiomycetes,o:Chaetothyriales
Otu812	d:Fungi(1.0000),p:Basidiomycota(1.0000),c:Agaricomycetes(1.0000),o:Sebacinales(1.0000),f:Sebacinaceae(1.0000),g:Paulisebacina(0.0200),s:Paulisebacina_allantoidea_SH212082.07FU(0.0200)	+	d:Fungi,p:Basidiomycota,c:Agaricomycetes,o:Sebacinales,f:Sebacinaceae
Otu827	d:Fungi(1.0000),p:Ascomycota(1.0000),c:Dothideomycetes(1.0000),o:Pleosporales(1.0000),f:Pleosporaceae(1.0000),g:Alternaria(1.0000),s:Alternaria_cinerariae_SH216796.07FU(1.0000)	+	d:Fungi,p:Ascomycota,c:Dothideomycetes,o:Pleosporales,f:Pleosporaceae,g:Alternaria,s:Alternaria_cinerariae_SH216796.07FU
Otu826	d:Fungi(1.0000),p:Ascomycota(0.0900),c:Dothideomycetes(0.0900),o:Pleosporales(0.0900),f:Pleosporaceae(0.0900),g:Alternaria(0.0900)	+	d:Fungi
Otu829	d:Fungi(1.0000),p:Basidiomycota(1.0000),c:Agaricomycetes(1.0000),o:Trechisporales(0.7300),f:Peniophoraceae(0.1800),g:Subulicystidium(0.1800),s:Subulicystidium_perlongisporum_SH494691.07FU(0.1700)	+	d:Fungi,p:Basidiomycota,c:Agaricomycetes
Otu832	d:Fungi(1.0000),p:Ascomycota(0.9900)	+	d:Fungi,p:Ascomycota
Otu824	d:Fungi(1.0000),p:Basidiomycota(0.8900),c:Tremellomycetes(0.8900),o:Tremellales(0.0100),f:Bulleribasidiaceae(0.0100),g:Hannaella(0.0100),s:Hannaella_oryzae_SH219460.07FU(0.0100)	+	d:Fungi,p:Basidiomycota,c:Tremellomycetes
Otu833	d:Fungi(1.0000),p:Ascomycota(1.0000),c:Dothideomycetes(1.0000)	+	d:Fungi,p:Ascomycota,c:Dothideomycetes
Otu831	d:Fungi(1.0000),p:Ascomycota(1.0000),c:Dothideomycetes(1.0000),o:Pleosporales(1.0000),f:Phaeosphaeriaceae(1.0000),g:Setophaeosphaeria(1.0000),s:Setophaeosphaeria_badalingensis_SH211028.07FU(1.0000)	+	d:Fungi,p:Ascomycota,c:Dothideomycetes,o:Pleosporales,f:Phaeosphaeriaceae,g:Setophaeosphaeria,s:Setophaeosphaeria_badalingensis_SH211028.07FU
Otu830	d:Fungi(0.9900),p:Ascomycota(0.4600),c:Agaricomycetes(0.2000),o:Symbiotaphrinales(0.2000),f:Symbiotaphrinaceae(0.2000),g:Symbiotaphrina(0.2000),s:Symbiotaphrina_kochii_SH021199.07FU(0.1900)	+	d:Fungi
Otu835	d:Fungi(1.0000),p:Ascomycota(0.7400),c:Eurotiomycetes(0.2000),o:Helotiales(0.1100),f:Orbiliaceae(0.0400),g:Orbilia(0.0400),s:Diploschistes_actinostomus_SH192209.07FU(0.0200)	+	d:Fungi
Otu822	d:Fungi(1.0000),p:Ascomycota(0.5700),c:Sordariomycetes(0.5400),o:Sordariales(0.5400),f:Lasiosphaeriaceae(0.5300),g:Schizothecium(0.3000),s:Schizothecium_glutinans_SH201210.07FU(0.1700)	+	d:Fungi
Otu837	d:Fungi(1.0000),p:Basidiomycota(1.0000),c:Tremellomycetes(1.0000),o:Tremellales(0.2100),f:Bulleribasidiaceae(0.2100),g:Vishniacozyma(0.2100),s:Vishniacozyma_victoriae_SH181628.07FU(0.1800)	+	d:Fungi,p:Basidiomycota,c:Tremellomycetes
Otu836	d:Fungi(0.6700),p:Cercozoa(0.3200),c:Agaricomycetes(0.1400),o:Glomerales(0.1100),f:Glomeraceae(0.1100),g:Glomus(0.0500),s:Meliniomyces_variabilis_SH012890.07FU(0.0100)	+	
Otu840	d:Fungi(0.9500),p:Glomeromycota(0.2900),c:Glomeromycetes(0.2400),o:Glomerales(0.1900),f:Glomeraceae(0.1600),g:Acaulospora(0.0300),s:Heliocephala_natarajanii_SH468648.07FU(0.0300)	+	d:Fungi
Otu838	d:Fungi(1.0000),p:Ascomycota(1.0000),c:Leotiomycetes(1.0000),o:Helotiales(1.0000),f:Dermateaceae(0.9900),g:Calloria(0.9900),s:Calloria_urticae_SH529064.07FU(0.9900)	+	d:Fungi,p:Ascomycota,c:Leotiomycetes,o:Helotiales,f:Dermateaceae,g:Calloria,s:Calloria_urticae_SH529064.07FU
Otu841	d:Fungi(1.0000),p:Basidiomycota(1.0000),c:Tremellomycetes(1.0000),o:Cystofilobasidiales(1.0000),f:Cystofilobasidiales_fam_Incertae_sedis(0.9900),g:Mrakiella(0.9900),s:Mrakiella_aquatica_SH202459.07FU(0.9900)	+	d:Fungi,p:Basidiomycota,c:Tremellomycetes,o:Cystofilobasidiales,f:Cystofilobasidiales_fam_Incertae_sedis,g:Mrakiella,s:Mrakiella_aquatica_SH202459.07FU
Otu843	d:Fungi(1.0000),p:Ascomycota(1.0000),c:Eurotiomycetes(1.0000),o:Chaetothyriales(1.0000),f:Herpotrichiellaceae(0.9800),g:Cladophialophora(0.9700)	+	d:Fungi,p:Ascomycota,c:Eurotiomycetes,o:Chaetothyriales,f:Herpotrichiellaceae,g:Cladophialophora
Otu842	d:Fungi(1.0000),p:Ascomycota(1.0000),c:Dothideomycetes(1.0000),o:Pleosporales(1.0000),f:Phaeosphaeriaceae(1.0000)	+	d:Fungi,p:Ascomycota,c:Dothideomycetes,o:Pleosporales,f:Phaeosphaeriaceae
Otu847	d:Fungi(0.7500),p:Cercozoa(0.2300),c:Agaricomycetes(0.1400),o:Agaricales(0.1200),f:Glomeraceae(0.0700),g:Inocybe(0.0500),s:Symbiotaphrina_buchneri_SH643910.07FU(0.0400)	+	
Otu834	d:Fungi(1.0000),p:Basidiomycota(1.0000),c:Agaricomycetes(1.0000),o:Sebacinales(1.0000),f:Sebacinaceae(1.0000),g:Paulisebacina(0.0200),s:Paulisebacina_allantoidea_SH212082.07FU(0.0200)	+	d:Fungi,p:Basidiomycota,c:Agaricomycetes,o:Sebacinales,f:Sebacinaceae
Otu845	d:Fungi(1.0000),p:Ascomycota(0.9900)	+	d:Fungi,p:Ascomycota
Otu846	d:Fungi(1.0000),p:Chytridiomycota(0.6900),c:Rhizophydiomycetes(0.5600),o:Rhizophydiales(0.5600),f:Protrudomycetaceae(0.4200),g:Protrudomyces(0.4200),s:Protrudomyces_lateralis_SH210255.07FU(0.4200)	+	d:Fungi
Otu852	d:Fungi(1.0000),p:Ascomycota(0.9800),c:Leotiomycetes(0.9700),o:Helotiales(0.9700),f:Helotiales_fam_Incertae_sedis(0.9700),g:Cadophora(0.9700),s:Polyscytalum_pustulans_SH186796.07FU(0.0100)	+	d:Fungi,p:Ascomycota,c:Leotiomycetes,o:Helotiales,f:Helotiales_fam_Incertae_sedis,g:Cadophora
Otu839	d:Fungi(1.0000),p:Basidiomycota(0.0200),c:Tremellomycetes(0.0200),o:Filobasidiales(0.0200),f:Filobasidiaceae(0.0200),g:Filobasidium(0.0200),s:Filobasidium_chernovii_SH197624.07FU(0.0100)	+	d:Fungi
Otu849	d:Fungi(0.8300),p:Ascomycota(0.3700),c:Agaricomycetes(0.1400),o:Chaetothyriales(0.0900),f:Symbiotaphrinaceae(0.0900),g:Symbiotaphrina(0.0900),s:Symbiotaphrina_kochii_SH021199.07FU(0.0700)	+	d:Fungi
Otu851	d:Fungi(0.7400),p:Glomeromycota(0.2800),c:Agaricomycetes(0.1900),o:Agaricales(0.1100),f:Glomeraceae(0.1000),g:Acaulospora(0.0400),s:Septoglomus_viscosum_SH216574.07FU(0.0300)	+	
Otu844	d:Fungi(1.0000),p:Ascomycota(0.9000),c:Leotiomycetes(0.9000),o:Helotiales(0.9000),f:Helotiaceae(0.1000)	+	d:Fungi,p:Ascomycota,c:Leotiomycetes,o:Helotiales
Otu850	d:Fungi(1.0000),p:Basidiomycota(1.0000),c:Agaricomycetes(1.0000),o:Auriculariales(1.0000),f:Exidiaceae(0.8900)	+	d:Fungi,p:Basidiomycota,c:Agaricomycetes,o:Auriculariales,f:Exidiaceae
Otu848	d:Fungi(1.0000),p:Ascomycota(0.9900),c:Dothideomycetes(0.9900),o:Pleosporales(0.9900),f:Leptosphaeriaceae(0.9900),g:Leptosphaeria(0.9900)	+	d:Fungi,p:Ascomycota,c:Dothideomycetes,o:Pleosporales,f:Leptosphaeriaceae,g:Leptosphaeria
Otu853	d:Fungi(1.0000),p:Ascomycota(0.9500),c:Leotiomycetes(0.9300),o:Helotiales(0.9300),f:Helotiaceae(0.9200),g:Articulospora(0.7300),s:Articulospora_proliferata_SH083259.07FU(0.0500)	+	d:Fungi,p:Ascomycota,c:Leotiomycetes,o:Helotiales,f:Helotiaceae
Otu856	d:Fungi(1.0000),p:Ascomycota(0.9900),c:Eurotiomycetes(0.8600),o:Verrucariales(0.8200),f:Verrucariaceae(0.7200),g:Verrucaria(0.2500),s:Agonimia_allobata_SH013907.07FU(0.0900)	+	d:Fungi,p:Ascomycota,c:Eurotiomycetes,o:Verrucariales
Otu854	d:Fungi(1.0000),p:Basidiomycota(0.2600),c:Agaricomycetes(0.2000),o:Glomerales(0.1500),f:Glomeraceae(0.1400),g:Symbiotaphrina(0.0900),s:Symbiotaphrina_kochii_SH021199.07FU(0.0800)	+	d:Fungi
Otu855	d:Fungi(1.0000),p:Ascomycota(1.0000),c:Leotiomycetes(1.0000),o:Helotiales(1.0000),f:Helotiales_fam_Incertae_sedis(0.7700),g:Mycoarthris(0.7600),s:Mycoarthris_corallina_SH198115.07FU(0.7600)	+	d:Fungi,p:Ascomycota,c:Leotiomycetes,o:Helotiales
Otu859	d:Fungi(1.0000),p:Ascomycota(0.9800),c:Sordariomycetes(0.9800),o:Xylariales(0.9800),f:Amphisphaeriaceae(0.9100),g:Monochaetia(0.8900),s:Monochaetia_kansensis_SH200158.07FU(0.8900)	+	d:Fungi,p:Ascomycota,c:Sordariomycetes,o:Xylariales,f:Amphisphaeriaceae,g:Monochaetia,s:Monochaetia_kansensis_SH200158.07FU
Otu858	d:Fungi(1.0000),p:Ascomycota(1.0000),c:Dothideomycetes(1.0000),o:Pleosporales(1.0000),f:Phaeosphaeriaceae(0.4000),g:Paraphoma(0.4000),s:Paraphoma_chrysanthemicola_SH208737.07FU(0.1100)	+	d:Fungi,p:Ascomycota,c:Dothideomycetes,o:Pleosporales
Otu860	d:Fungi(0.9900),p:Ascomycota(0.4600),c:Agaricomycetes(0.1900),o:Symbiotaphrinales(0.1700),f:Symbiotaphrinaceae(0.1700),g:Symbiotaphrina(0.1700),s:Symbiotaphrina_kochii_SH021199.07FU(0.1600)	+	d:Fungi
Otu862	d:Fungi(1.0000),p:Basidiomycota(0.9600),c:Tremellomycetes(0.9200),o:Tremellales(0.9100),f:Bulleribasidiaceae(0.9100),g:Vishniacozyma(0.9100),s:Vishniacozyma_dimennae_SH203801.07FU(0.7800)	+	d:Fungi,p:Basidiomycota,c:Tremellomycetes,o:Tremellales,f:Bulleribasidiaceae,g:Vishniacozyma
Otu864	d:Fungi(1.0000),p:Basidiomycota(1.0000),c:Tremellomycetes(1.0000),o:Tremellales(1.0000),f:Bulleribasidiaceae(1.0000),g:Vishniacozyma(1.0000),s:Vishniacozyma_victoriae_SH181632.07FU(1.0000)	+	d:Fungi,p:Basidiomycota,c:Tremellomycetes,o:Tremellales,f:Bulleribasidiaceae,g:Vishniacozyma,s:Vishniacozyma_victoriae_SH181632.07FU
Otu857	d:Fungi(1.0000),p:Ascomycota(0.9700),c:Leotiomycetes(0.6900),o:Helotiales(0.6900),f:Helotiaceae(0.6900),g:Articulospora(0.6500)	+	d:Fungi,p:Ascomycota
Otu863	d:Fungi(1.0000),p:Ascomycota(0.9700),c:Lecanoromycetes(0.9500),o:Acarosporales(0.0200),f:Acarosporaceae(0.0200),g:Acarospora(0.0100),s:Pleopsidium_chlorophanum_SH191943.07FU(0.0100)	+	d:Fungi,p:Ascomycota,c:Lecanoromycetes
Otu861	d:Fungi(1.0000),p:Ascomycota(0.9700),c:Sordariomycetes(0.9700),o:Xylariales(0.9700),f:Amphisphaeriaceae(0.9300),g:Seimatosporium(0.9300),s:Truncatella_angustata_SH206705.07FU(0.0100)	+	d:Fungi,p:Ascomycota,c:Sordariomycetes,o:Xylariales,f:Amphisphaeriaceae,g:Seimatosporium
Otu867	d:Fungi(1.0000),p:Ascomycota(0.9100),c:Sordariomycetes(0.9100),o:Hypocreales(0.8800),f:Plectosphaerellaceae(0.0200),g:Verticillium(0.0100),s:Verticillium_dahliae_SH466940.07FU(0.0100)	+	d:Fungi,p:Ascomycota,c:Sordariomycetes,o:Hypocreales
Otu865	d:Fungi(1.0000),p:Basidiomycota(0.0200),c:Tremellomycetes(0.0200),o:Filobasidiales(0.0200),f:Filobasidiaceae(0.0200),g:Filobasidium(0.0200),s:Filobasidium_chernovii_SH197624.07FU(0.0100)	+	d:Fungi
Otu866	d:Fungi(1.0000),p:Mortierellomycota(1.0000),c:Mortierellomycetes(1.0000),o:Mortierellales(1.0000),f:Mortierellaceae(1.0000),g:Mortierella(1.0000),s:Mortierella_minutissima_SH196780.07FU(0.0200)	+	d:Fungi,p:Mortierellomycota,c:Mortierellomycetes,o:Mortierellales,f:Mortierellaceae,g:Mortierella
Otu868	d:Fungi(1.0000),p:Ascomycota(0.9000),c:Lecanoromycetes(0.3000),o:Ostropales(0.2200),f:Orbiliaceae(0.0400),g:Orbilia(0.0300),s:Symbiotaphrina_kochii_SH021199.07FU(0.0200)	+	d:Fungi,p:Ascomycota
Otu869	d:Fungi(1.0000),p:Ascomycota(0.8900),c:Sordariomycetes(0.8900),o:Sordariales(0.8900),f:Lasiosphaeriaceae(0.8800),g:Schizothecium(0.0600),s:Schizothecium_glutinans_SH201189.07FU(0.0600)	+	d:Fungi,p:Ascomycota,c:Sordariomycetes,o:Sordariales,f:Lasiosphaeriaceae
Otu871	d:Fungi(1.0000),p:Ascomycota(1.0000)	+	d:Fungi,p:Ascomycota
Otu873	d:Fungi(1.0000),p:Chytridiomycota(0.1200),c:Spizellomycetes(0.0400),o:Spizellomycetales(0.0400),f:Verrucariaceae(0.0200),g:Verrucaria(0.0200),s:Verrucaria_margacea_SH187389.07FU(0.0100)	+	d:Fungi
Otu876	d:Fungi(1.0000),p:Basidiomycota(1.0000),c:Tremellomycetes(1.0000),o:Tremellales(1.0000),f:Bulleribasidiaceae(1.0000),g:Vishniacozyma(1.0000),s:Vishniacozyma_victoriae_SH181632.07FU(1.0000)	+	d:Fungi,p:Basidiomycota,c:Tremellomycetes,o:Tremellales,f:Bulleribasidiaceae,g:Vishniacozyma,s:Vishniacozyma_victoriae_SH181632.07FU
Otu874	d:Fungi(1.0000),p:Basidiomycota(0.5800),c:Tremellomycetes(0.5800),o:Tremellales(0.5800),f:Bulleraceae(0.4800),g:Bullera(0.4800),s:Bullera_crocea_SH209709.07FU(0.4800)	+	d:Fungi
Otu870	d:Fungi(1.0000),p:Ascomycota(1.0000),c:Dothideomycetes(1.0000),o:Pleosporales(1.0000),f:Pleosporaceae(1.0000),g:Alternaria(1.0000),s:Alternaria_eureka_SH199529.07FU(0.9900)	+	d:Fungi,p:Ascomycota,c:Dothideomycetes,o:Pleosporales,f:Pleosporaceae,g:Alternaria,s:Alternaria_eureka_SH199529.07FU
Otu882	d:Fungi(1.0000),p:Ascomycota(1.0000),c:Eurotiomycetes(1.0000),o:Chaetothyriales(1.0000),f:Herpotrichiellaceae(0.5800),g:Exophiala(0.5700),s:Exophiala_cancerae_SH197646.07FU(0.2900)	+	d:Fungi,p:Ascomycota,c:Eurotiomycetes,o:Chaetothyriales
Otu875	d:Fungi(1.0000),p:Basidiomycota(1.0000),c:Tremellomycetes(1.0000),o:Tremellales(1.0000),f:Bulleribasidiaceae(1.0000),g:Vishniacozyma(1.0000),s:Vishniacozyma_victoriae_SH181632.07FU(1.0000)	+	d:Fungi,p:Basidiomycota,c:Tremellomycetes,o:Tremellales,f:Bulleribasidiaceae,g:Vishniacozyma,s:Vishniacozyma_victoriae_SH181632.07FU
Otu880	d:Fungi(1.0000),p:Ascomycota(0.8900),c:Sordariomycetes(0.8900),o:Sordariales(0.8900),f:Lasiosphaeriaceae(0.8800),g:Schizothecium(0.0600),s:Schizothecium_glutinans_SH201189.07FU(0.0600)	+	d:Fungi,p:Ascomycota,c:Sordariomycetes,o:Sordariales,f:Lasiosphaeriaceae
Otu884	d:Fungi(1.0000),p:Ascomycota(1.0000),c:Eurotiomycetes(1.0000),o:Chaetothyriales(1.0000),f:Herpotrichiellaceae(0.9800),g:Exophiala(0.9800)	+	d:Fungi,p:Ascomycota,c:Eurotiomycetes,o:Chaetothyriales,f:Herpotrichiellaceae,g:Exophiala
Otu883	d:Fungi(1.0000),p:Basidiomycota(0.0300),c:Tremellomycetes(0.0300),o:Filobasidiales(0.0200),f:Filobasidiaceae(0.0200),g:Filobasidium(0.0200),s:Filobasidium_chernovii_SH197624.07FU(0.0100)	+	d:Fungi
Otu879	d:Fungi(1.0000),p:Basidiomycota(0.9900),c:Tremellomycetes(0.9300),o:Cystofilobasidiales(0.9300),f:Cystofilobasidiaceae(0.9300),g:Cystofilobasidium(0.9300),s:Cystofilobasidium_macerans_SH194016.07FU(0.3300)	+	d:Fungi,p:Basidiomycota,c:Tremellomycetes,o:Cystofilobasidiales,f:Cystofilobasidiaceae,g:Cystofilobasidium
Otu872	d:Fungi(1.0000),p:Ascomycota(1.0000),c:Dothideomycetes(0.9800),o:Pleosporales(0.9800),f:Sporormiaceae(0.9800)	+	d:Fungi,p:Ascomycota,c:Dothideomycetes,o:Pleosporales,f:Sporormiaceae
Otu878	d:Fungi(1.0000),p:Basidiomycota(0.0300),c:Tremellomycetes(0.0300),o:Filobasidiales(0.0200),f:Filobasidiaceae(0.0200),g:Filobasidium(0.0200),s:Filobasidium_chernovii_SH197624.07FU(0.0100)	+	d:Fungi
Otu885	d:Fungi(1.0000),p:Basidiomycota(0.5500),c:Cystobasidiomycetes(0.3100),o:Mortierellales(0.1700),f:Mortierellaceae(0.1700),g:Buckleyzyma(0.0100),s:Buckleyzyma_aurantiaca_SH207116.07FU(0.0100)	+	d:Fungi
Otu877	d:Fungi(1.0000),p:Ascomycota(0.9500),c:Eurotiomycetes(0.8900),o:Chaetothyriales(0.8900),f:Herpotrichiellaceae(0.8900),g:Rhinocladiella(0.8900),s:Phylliscum_demangeonii_SH199272.07FU(0.0600)	+	d:Fungi,p:Ascomycota,c:Eurotiomycetes,o:Chaetothyriales,f:Herpotrichiellaceae,g:Rhinocladiella
Otu881	d:Fungi(1.0000),p:Basidiomycota(1.0000),c:Agaricomycetes(1.0000),o:Sebacinales(1.0000),f:Sebacinaceae(1.0000)	+	d:Fungi,p:Basidiomycota,c:Agaricomycetes,o:Sebacinales,f:Sebacinaceae
Otu888	d:Fungi(1.0000),p:Basidiomycota(0.0300),c:Tremellomycetes(0.0300),o:Filobasidiales(0.0300),f:Filobasidiaceae(0.0300),g:Filobasidium(0.0300),s:Filobasidium_chernovii_SH197624.07FU(0.0100)	+	d:Fungi
Otu887	d:Fungi(1.0000),p:Ascomycota(0.9600),c:Leotiomycetes(0.9400),o:Helotiales(0.9400),f:Helotiaceae(0.9000),g:Articulospora(0.6700),s:Articulospora_proliferata_SH083259.07FU(0.1000)	+	d:Fungi,p:Ascomycota,c:Leotiomycetes,o:Helotiales,f:Helotiaceae
Otu889	d:Fungi(1.0000),p:Basidiomycota(0.1100),c:Agaricomycetes(0.1000),o:Agaricales(0.0800),f:Tricholomataceae(0.0800),g:Arrhenia(0.0700),s:Arrhenia_subglobispora_SH197391.07FU(0.0500)	+	d:Fungi
Otu893	d:Fungi(1.0000),p:Ascomycota(1.0000),c:Orbiliomycetes(1.0000),o:Orbiliales(1.0000),f:Orbiliaceae(1.0000),g:Orbilia(1.0000)	+	d:Fungi,p:Ascomycota,c:Orbiliomycetes,o:Orbiliales,f:Orbiliaceae,g:Orbilia
Otu886	d:Fungi(1.0000),p:Ascomycota(0.8900),c:Sordariomycetes(0.8900),o:Sordariales(0.8900),f:Lasiosphaeriaceae(0.8800),g:Schizothecium(0.0600),s:Schizothecium_glutinans_SH201189.07FU(0.0600)	+	d:Fungi,p:Ascomycota,c:Sordariomycetes,o:Sordariales,f:Lasiosphaeriaceae
Otu896	d:Fungi(1.0000),p:Ascomycota(0.8700),c:Dothideomycetes(0.8700),o:Pleosporales(0.8700)	+	d:Fungi,p:Ascomycota,c:Dothideomycetes,o:Pleosporales
Otu892	d:Fungi(1.0000),p:Rozellomycota(0.5300),c:Agaricomycetes(0.0400),o:Sebacinales(0.0300),f:Symbiotaphrinaceae(0.0200),g:Symbiotaphrina(0.0200),s:Valsaria_lopadostomoides_SH521453.07FU(0.0100)	+	d:Fungi
Otu897	d:Fungi(1.0000),p:Ascomycota(0.6800),c:Leotiomycetes(0.5800),o:Helotiales(0.5800),f:Helotiales_fam_Incertae_sedis(0.5300),g:Cadophora(0.5300),s:Polyscytalum_pustulans_SH186796.07FU(0.0800)	+	d:Fungi
Otu903	d:Fungi(1.0000),p:Chytridiomycota(0.6600),c:Spizellomycetes(0.4900),o:Spizellomycetales(0.4900),f:Synchytriaceae(0.0300),g:Synchytrium(0.0300),s:Synchytrium_cupulatum_SH009047.07FU(0.0300)	+	d:Fungi
Otu901	d:Fungi(1.0000),p:Basidiomycota(0.3300),c:Agaricomycetes(0.2700),o:Pezizales(0.1400),f:Pezizaceae(0.1400),g:Peziza(0.0900),s:Peziza_ellipsospora_SH181526.07FU(0.0400)	+	d:Fungi
Otu891	d:Fungi(1.0000),p:Basidiomycota(1.0000),c:Agaricomycetes(1.0000),o:Agaricales(1.0000),f:Strophariaceae(1.0000),g:Hypholoma(1.0000),s:Hypholoma_brunneum_SH201444.07FU(0.4200)	+	d:Fungi,p:Basidiomycota,c:Agaricomycetes,o:Agaricales,f:Strophariaceae,g:Hypholoma
Otu898	d:Fungi(1.0000),p:Ascomycota(1.0000),c:Sordariomycetes(1.0000),o:Glomerellales(1.0000),f:Glomerellaceae(1.0000),g:Colletotrichum(1.0000),s:Colletotrichum_circinans_SH195659.07FU(0.8100)	+	d:Fungi,p:Ascomycota,c:Sordariomycetes,o:Glomerellales,f:Glomerellaceae,g:Colletotrichum,s:Colletotrichum_circinans_SH195659.07FU
Otu899	d:Fungi(1.0000),p:Basidiomycota(1.0000),c:Agaricomycetes(1.0000),o:Cantharellales(1.0000),f:Ceratobasidiaceae(1.0000),g:Thanatephorus(0.2100),s:Thanatephorus_cucumeris_SH002119.07FU(0.1800)	+	d:Fungi,p:Basidiomycota,c:Agaricomycetes,o:Cantharellales,f:Ceratobasidiaceae
Otu890	d:Fungi(1.0000),p:Ascomycota(1.0000),c:Dothideomycetes(1.0000),o:Pleosporales(1.0000),f:Pleosporaceae(1.0000),g:Alternaria(1.0000),s:Alternaria_breviramosa_SH199530.07FU(0.8300)	+	d:Fungi,p:Ascomycota,c:Dothideomycetes,o:Pleosporales,f:Pleosporaceae,g:Alternaria,s:Alternaria_breviramosa_SH199530.07FU
Otu894	d:Fungi(1.0000),p:Basidiomycota(1.0000),c:Tremellomycetes(0.0100),o:Holtermanniales(0.0100),f:Holtermanniales_fam_Incertae_sedis(0.0100),g:Holtermanniella(0.0100),s:Holtermanniella_takashimae_SH190741.07FU(0.0100)	+	d:Fungi,p:Basidiomycota
Otu900	d:Fungi(1.0000),p:Ascomycota(1.0000),c:Dothideomycetes(0.9400),o:Pleosporales(0.9300),f:Phaeosphaeriaceae(0.9300),g:Phaeosphaeria(0.9300),s:Phaeosphaeria_triglochinicola_SH208537.07FU(0.9300)	+	d:Fungi,p:Ascomycota,c:Dothideomycetes,o:Pleosporales,f:Phaeosphaeriaceae,g:Phaeosphaeria,s:Phaeosphaeria_triglochinicola_SH208537.07FU
Otu905	d:Fungi(1.0000),p:Ascomycota(1.0000),c:Dothideomycetes(1.0000),o:Pleosporales(1.0000),f:Amniculicolaceae(1.0000),g:Murispora(1.0000),s:Murispora_cicognanii_SH488105.07FU(1.0000)	+	d:Fungi,p:Ascomycota,c:Dothideomycetes,o:Pleosporales,f:Amniculicolaceae,g:Murispora,s:Murispora_cicognanii_SH488105.07FU
Otu904	d:Fungi(1.0000),p:Ascomycota(0.9800)	+	d:Fungi,p:Ascomycota
Otu902	d:Fungi(1.0000),p:Basidiomycota(1.0000),c:Tremellomycetes(1.0000),o:Tremellales(1.0000),f:Bulleribasidiaceae(1.0000),g:Vishniacozyma(1.0000),s:Vishniacozyma_victoriae_SH181632.07FU(1.0000)	+	d:Fungi,p:Basidiomycota,c:Tremellomycetes,o:Tremellales,f:Bulleribasidiaceae,g:Vishniacozyma,s:Vishniacozyma_victoriae_SH181632.07FU
Otu908	d:Fungi(1.0000),p:Basidiomycota(0.3800),c:Agaricomycetes(0.3300),o:Agaricales(0.2000),f:Inocybaceae(0.0700),g:Inocybe(0.0700),s:Alternaria_brassicicola_SH486316.07FU(0.0400)	+	d:Fungi
Otu907	d:Fungi(1.0000),p:Basidiomycota(1.0000),c:Agaricomycetes(1.0000),o:Sebacinales(1.0000),f:Sebacinaceae(1.0000),g:Paulisebacina(0.0200),s:Paulisebacina_allantoidea_SH212082.07FU(0.0200)	+	d:Fungi,p:Basidiomycota,c:Agaricomycetes,o:Sebacinales,f:Sebacinaceae
Otu895	d:Fungi(1.0000),p:Mortierellomycota(1.0000),c:Mortierellomycetes(1.0000),o:Mortierellales(1.0000),f:Mortierellaceae(1.0000),g:Mortierella(1.0000)	+	d:Fungi,p:Mortierellomycota,c:Mortierellomycetes,o:Mortierellales,f:Mortierellaceae,g:Mortierella
Otu915	d:Fungi(1.0000),p:Ascomycota(1.0000),c:Dothideomycetes(1.0000),o:Pleosporales(1.0000),f:Didymosphaeriaceae(0.9500),g:Paraphaeosphaeria(0.9400),s:Paraphaeosphaeria_sardoa_SH092425.07FU(0.6200)	+	d:Fungi,p:Ascomycota,c:Dothideomycetes,o:Pleosporales,f:Didymosphaeriaceae,g:Paraphaeosphaeria
Otu911	d:Fungi(1.0000),p:Chytridiomycota(1.0000)	+	d:Fungi,p:Chytridiomycota
Otu914	d:Fungi(1.0000),p:Ascomycota(1.0000),c:Eurotiomycetes(1.0000),o:Verrucariales(1.0000),f:Verrucariaceae(1.0000),g:Agonimia(0.7600),s:Agonimia_vouauxii_SH014401.07FU(0.7600)	+	d:Fungi,p:Ascomycota,c:Eurotiomycetes,o:Verrucariales,f:Verrucariaceae
Otu912	d:Fungi(1.0000),p:Basidiomycota(0.0200),c:Tremellomycetes(0.0200),o:Filobasidiales(0.0200),f:Filobasidiaceae(0.0200),g:Filobasidium(0.0200),s:Filobasidium_chernovii_SH197624.07FU(0.0100)	+	d:Fungi
Otu916	d:Fungi(1.0000),p:Ascomycota(0.1800),c:Dothideomycetes(0.1600),o:Pleosporales(0.1600),f:Phaeosphaeriaceae(0.1200),g:Nodulosphaeria(0.0500),s:Nodulosphaeria_spectabilis_SH495073.07FU(0.0400)	+	d:Fungi
Otu906	d:Fungi(1.0000),p:Ascomycota(0.9900),c:Eurotiomycetes(0.9900),o:Verrucariales(0.9900),f:Verrucariaceae(0.4800),g:Verrucaria(0.2100),s:Agonimia_allobata_SH013907.07FU(0.1700)	+	d:Fungi,p:Ascomycota,c:Eurotiomycetes,o:Verrucariales
Otu909	d:Fungi(1.0000),p:Basidiomycota(1.0000),c:Agaricomycetes(1.0000),o:Cantharellales(1.0000),f:Ceratobasidiaceae(1.0000),g:Thanatephorus(0.2400),s:Thanatephorus_ochraceus_SH209356.07FU(0.1000)	+	d:Fungi,p:Basidiomycota,c:Agaricomycetes,o:Cantharellales,f:Ceratobasidiaceae
Otu920	d:Fungi(1.0000)	+	d:Fungi
Otu918	d:Fungi(1.0000),p:Ascomycota(0.9200),c:Leotiomycetes(0.4100),o:Helotiales(0.4100),f:Hyaloscyphaceae(0.2500),g:Lemonniera(0.2400),s:Lemonniera_centrosphaera_SH184435.07FU(0.0100)	+	d:Fungi,p:Ascomycota
Otu922	d:Fungi(1.0000),p:Ascomycota(1.0000),c:Eurotiomycetes(1.0000),o:Chaetothyriales(1.0000)	+	d:Fungi,p:Ascomycota,c:Eurotiomycetes,o:Chaetothyriales
Otu913	d:Fungi(1.0000),p:Ascomycota(0.9600),c:Sordariomycetes(0.9600),o:Xylariales(0.9600),f:Amphisphaeriaceae(0.9400),g:Discostroma(0.8500),s:Seimatosporium_eucalypti_SH206676.07FU(0.0700)	+	d:Fungi,p:Ascomycota,c:Sordariomycetes,o:Xylariales,f:Amphisphaeriaceae,g:Discostroma
Otu919	d:Fungi(1.0000),p:Basidiomycota(1.0000),c:Agaricomycetes(1.0000),o:Sebacinales(1.0000),f:Sebacinaceae(1.0000)	+	d:Fungi,p:Basidiomycota,c:Agaricomycetes,o:Sebacinales,f:Sebacinaceae
Otu921	d:Fungi(1.0000),p:Ascomycota(0.0200),c:Dothideomycetes(0.0200),o:Pleosporales(0.0200),f:Pleosporales_fam_Incertae_sedis(0.0200),g:Pseudorobillarda(0.0200)	+	d:Fungi
Otu910	d:Fungi(1.0000),p:Basidiomycota(0.9700),c:Agaricomycetes(0.9700),o:Sebacinales(0.8800),f:Sebacinaceae(0.8700),g:Efibulobasidium(0.1200),s:Cyptotrama_asprata_SH181254.07FU(0.0100)	+	d:Fungi,p:Basidiomycota,c:Agaricomycetes,o:Sebacinales,f:Sebacinaceae
Otu925	d:Fungi(1.0000),p:Chytridiomycota(0.9900)	+	d:Fungi,p:Chytridiomycota
Otu924	d:Fungi(1.0000),p:Ascomycota(0.9500),c:Dothideomycetes(0.1000),o:Pleosporales(0.1000),f:Didymellaceae(0.1000)	+	d:Fungi,p:Ascomycota
Otu926	d:Fungi(1.0000)	+	d:Fungi
Otu927	d:Fungi(1.0000),p:Basidiomycota(0.7400),c:Tremellomycetes(0.7400),o:Holtermanniales(0.7400),f:Holtermanniales_fam_Incertae_sedis(0.7400),g:Holtermanniella(0.7400),s:Holtermanniella_takashimae_SH526070.07FU(0.7400)	+	d:Fungi
Otu929	d:Fungi(1.0000),p:Ascomycota(1.0000),c:Sordariomycetes(1.0000),o:Phomatosporales(0.6300),f:Phomatosporaceae(0.6300),g:Phomatospora(0.6300),s:Phomatospora_dinemasporium_SH208943.07FU(0.6300)	+	d:Fungi,p:Ascomycota,c:Sordariomycetes
Otu917	d:Fungi(1.0000),p:Ascomycota(1.0000),c:Sordariomycetes(1.0000),o:Sordariales(1.0000),f:Lasiosphaeriaceae(1.0000),g:Cladorrhinum(1.0000)	+	d:Fungi,p:Ascomycota,c:Sordariomycetes,o:Sordariales,f:Lasiosphaeriaceae,g:Cladorrhinum
Otu930	d:Fungi(1.0000),p:Chytridiomycota(1.0000),c:Rhizophydiomycetes(1.0000),o:Rhizophydiales(1.0000),f:Rhizophydiaceae(1.0000),g:Rhizophydium(1.0000)	+	d:Fungi,p:Chytridiomycota,c:Rhizophydiomycetes,o:Rhizophydiales,f:Rhizophydiaceae,g:Rhizophydium
Otu923	d:Fungi(0.5600),p:Cercozoa(0.4400),c:Agaricomycetes(0.1200),o:Symbiotaphrinales(0.1000),f:Symbiotaphrinaceae(0.1000),g:Symbiotaphrina(0.1000),s:Symbiotaphrina_kochii_SH021199.07FU(0.0800)	+	
Otu932	d:Fungi(1.0000),p:Basidiomycota(1.0000),c:Agaricomycetes(1.0000),o:Agaricales(0.7500),f:Physalacriaceae(0.7500),g:Cylindrobasidium(0.7500),s:Cylindrobasidium_evolvens_SH223348.07FU(0.7500)	+	d:Fungi,p:Basidiomycota,c:Agaricomycetes
Otu934	d:Fungi(0.9800),p:Basidiomycota(0.3200),c:Agaricomycetes(0.3000),o:Agaricales(0.1800),f:Glomeraceae(0.0800),g:Symbiotaphrina(0.0500),s:Symbiotaphrina_buchneri_SH643910.07FU(0.0500)	+	d:Fungi
Otu935	d:Fungi(1.0000),p:Basidiomycota(0.9100),c:Microbotryomycetes(0.7900),o:Sporidiobolales(0.7200),f:Sporidiobolaceae(0.7200),g:Sporobolomyces(0.6500),s:Hamamotoa_lignophila_SH643727.07FU(0.0300)	+	d:Fungi,p:Basidiomycota
Otu938	d:Fungi(0.9900),p:Ascomycota(0.7300),c:Xylonomycetes(0.3900),o:Symbiotaphrinales(0.3900),f:Symbiotaphrinaceae(0.3900),g:Symbiotaphrina(0.3900),s:Symbiotaphrina_buchneri_SH643910.07FU(0.3200)	+	d:Fungi
Otu933	d:Fungi(1.0000),p:Chytridiomycota(1.0000)	+	d:Fungi,p:Chytridiomycota
Otu928	d:Fungi(1.0000),p:Basidiomycota(1.0000),c:Agaricomycetes(1.0000),o:Agaricales(1.0000),f:Psathyrellaceae(0.9900),g:Coprinellus(0.9900),s:Coprinellus_micaceus_SH220349.07FU(0.9600)	+	d:Fungi,p:Basidiomycota,c:Agaricomycetes,o:Agaricales,f:Psathyrellaceae,g:Coprinellus,s:Coprinellus_micaceus_SH220349.07FU
Otu936	d:Fungi(1.0000),p:Ascomycota(0.9600),c:Leotiomycetes(0.9400),o:Helotiales(0.9400),f:Helotiaceae(0.9000),g:Articulospora(0.6700),s:Articulospora_proliferata_SH083259.07FU(0.1000)	+	d:Fungi,p:Ascomycota,c:Leotiomycetes,o:Helotiales,f:Helotiaceae
Otu941	d:Fungi(1.0000),p:Ascomycota(0.8500),c:Dothideomycetes(0.8500),o:Pleosporales(0.7100),f:Lentitheciaceae(0.1800),g:Murilentithecium(0.1800),s:Murilentithecium_clematidis_SH531353.07FU(0.1800)	+	d:Fungi,p:Ascomycota,c:Dothideomycetes
Otu940	d:Fungi(1.0000),p:Ascomycota(0.9200),c:Leotiomycetes(0.9200),o:Helotiales(0.9000),f:Helotiales_fam_Incertae_sedis(0.5900),g:Leptodontidium(0.4900),s:Solenopezia_solenia_SH014745.07FU(0.0100)	+	d:Fungi,p:Ascomycota,c:Leotiomycetes,o:Helotiales
Otu942	d:Fungi(1.0000),p:Ascomycota(1.0000),c:Orbiliomycetes(1.0000),o:Orbiliales(1.0000),f:Orbiliaceae(1.0000)	+	d:Fungi,p:Ascomycota,c:Orbiliomycetes,o:Orbiliales,f:Orbiliaceae
Otu943	d:Fungi(1.0000),p:Ascomycota(1.0000),c:Dothideomycetes(1.0000),o:Pleosporales(1.0000),f:Amorosiaceae(0.9400),g:Angustimassarina(0.9400),s:Angustimassarina_acerina_SH199051.07FU(0.9400)	+	d:Fungi,p:Ascomycota,c:Dothideomycetes,o:Pleosporales,f:Amorosiaceae,g:Angustimassarina,s:Angustimassarina_acerina_SH199051.07FU
Otu946	d:Fungi(1.0000),p:Basidiomycota(1.0000),c:Agaricomycetes(1.0000),o:Atheliales(1.0000),f:Atheliaceae(1.0000),g:Athelia(0.9100)	+	d:Fungi,p:Basidiomycota,c:Agaricomycetes,o:Atheliales,f:Atheliaceae,g:Athelia
Otu947	d:Fungi(1.0000),p:Ascomycota(1.0000),c:Sordariomycetes(1.0000),o:Sordariales(1.0000),f:Lasiosphaeriaceae(0.9900),g:Cladorrhinum(0.9900),s:Cladorrhinum_brunnescens_SH019733.07FU(0.0100)	+	d:Fungi,p:Ascomycota,c:Sordariomycetes,o:Sordariales,f:Lasiosphaeriaceae,g:Cladorrhinum
Otu948	d:Fungi(1.0000),p:Chytridiomycota(1.0000)	+	d:Fungi,p:Chytridiomycota
Otu939	d:Fungi(0.9800),p:Chytridiomycota(0.4400),c:Orbiliomycetes(0.0800),o:Orbiliales(0.0800),f:Orbiliaceae(0.0800),g:Orbilia(0.0700),s:Symbiotaphrina_buchneri_SH643910.07FU(0.0500)	+	d:Fungi
Otu937	d:Fungi(1.0000),p:Ascomycota(0.7800),c:Eurotiomycetes(0.2900),o:Chaetothyriales(0.1800),f:Herpotrichiellaceae(0.0600),g:Verrucaria(0.0400),s:Diploschistes_actinostomus_SH192209.07FU(0.0200)	+	d:Fungi
Otu949	d:Fungi(1.0000),p:Ascomycota(0.7900),c:Leotiomycetes(0.6300),o:Helotiales(0.5600),f:Helotiaceae(0.1200),g:Leohumicola(0.0800),s:Pezoloma_ericae_SH181116.07FU(0.0300)	+	d:Fungi
Otu951	d:Fungi(0.9900),p:Basidiomycota(0.3100),c:Agaricomycetes(0.2700),o:Symbiotaphrinales(0.1400),f:Symbiotaphrinaceae(0.1400),g:Symbiotaphrina(0.1400),s:Symbiotaphrina_kochii_SH021199.07FU(0.0900)	+	d:Fungi
Otu950	d:Fungi(1.0000),p:Ascomycota(0.9700),c:Dothideomycetes(0.9100),o:Pleosporales(0.9100),f:Phaeosphaeriaceae(0.3700),g:Sclerostagonospora(0.0400),s:Sclerostagonospora_opuntiae_SH182980.07FU(0.0400)	+	d:Fungi,p:Ascomycota,c:Dothideomycetes,o:Pleosporales
Otu952	d:Fungi(0.9800),p:Ascomycota(0.0900),c:Eurotiomycetes(0.0400),o:Agaricales(0.0300),f:Helotiales_fam_Incertae_sedis(0.0100),g:Inocybe(0.0100),s:Symbiotaphrina_kochii_SH021199.07FU(0.0100)	+	d:Fungi
Otu953	d:Fungi(0.9900),p:Ascomycota(0.6700),c:Dothideomycetes(0.4200),o:Pleosporales(0.3900),f:Leptosphaeriaceae(0.3500),g:Leptosphaeria(0.3500),s:Leptosphaeria_contecta_SH030149.07FU(0.3500)	+	d:Fungi
Otu944	d:Fungi(1.0000),p:Ascomycota(1.0000),c:Leotiomycetes(1.0000),o:Helotiales(1.0000),f:Helotiaceae(1.0000)	+	d:Fungi,p:Ascomycota,c:Leotiomycetes,o:Helotiales,f:Helotiaceae
Otu945	d:Fungi(1.0000),p:Basidiomycota(1.0000),c:Tremellomycetes(1.0000),o:Tremellales(1.0000),f:Bulleribasidiaceae(1.0000),g:Vishniacozyma(1.0000),s:Vishniacozyma_victoriae_SH181632.07FU(1.0000)	+	d:Fungi,p:Basidiomycota,c:Tremellomycetes,o:Tremellales,f:Bulleribasidiaceae,g:Vishniacozyma,s:Vishniacozyma_victoriae_SH181632.07FU
Otu957	d:Fungi(1.0000),p:Ascomycota(1.0000),c:Dothideomycetes(0.0100)	+	d:Fungi,p:Ascomycota
Otu931	d:Fungi(1.0000),p:Ascomycota(0.7100),c:Sordariomycetes(0.7000),o:Xylariales(0.5300),f:Apiosporaceae(0.4600),g:Arthrinium(0.4600),s:Arthrinium_puccinioides_SH204492.07FU(0.4600)	+	d:Fungi
Otu956	d:Fungi(1.0000),p:Basidiomycota(0.0200),c:Tremellomycetes(0.0200),o:Filobasidiales(0.0200),f:Filobasidiaceae(0.0200),g:Filobasidium(0.0200),s:Filobasidium_chernovii_SH197624.07FU(0.0100)	+	d:Fungi
Otu959	d:Fungi(1.0000),p:Basidiomycota(0.9600),c:Tremellomycetes(0.9200),o:Tremellales(0.9200),f:Bulleribasidiaceae(0.9200),g:Vishniacozyma(0.9200),s:Vishniacozyma_dimennae_SH203801.07FU(0.7800)	+	d:Fungi,p:Basidiomycota,c:Tremellomycetes,o:Tremellales,f:Bulleribasidiaceae,g:Vishniacozyma
Otu960	d:Fungi(1.0000),p:Basidiomycota(1.0000),c:Tremellomycetes(1.0000),o:Tremellales(1.0000),f:Bulleribasidiaceae(1.0000),g:Vishniacozyma(1.0000),s:Vishniacozyma_victoriae_SH181632.07FU(1.0000)	+	d:Fungi,p:Basidiomycota,c:Tremellomycetes,o:Tremellales,f:Bulleribasidiaceae,g:Vishniacozyma,s:Vishniacozyma_victoriae_SH181632.07FU
Otu958	d:Fungi(1.0000),p:Basidiomycota(0.9900),c:Tremellomycetes(0.0400),o:Holtermanniales(0.0300),f:Holtermanniales_fam_Incertae_sedis(0.0300),g:Holtermanniella(0.0300),s:Holtermanniella_takashimae_SH190741.07FU(0.0300)	+	d:Fungi,p:Basidiomycota
Otu962	d:Fungi(1.0000),p:Ascomycota(1.0000),c:Dothideomycetes(1.0000),o:Pleosporales(1.0000),f:Sporormiaceae(0.9700),g:Preussia(0.9700)	+	d:Fungi,p:Ascomycota,c:Dothideomycetes,o:Pleosporales,f:Sporormiaceae,g:Preussia
Otu954	d:Fungi(1.0000),p:Ascomycota(1.0000),c:Leotiomycetes(1.0000),o:Helotiales(1.0000),f:Hyaloscyphaceae(0.9700),g:Lachnum(0.9300),s:Proliferodiscus_tricolor_SH014732.07FU(0.0200)	+	d:Fungi,p:Ascomycota,c:Leotiomycetes,o:Helotiales,f:Hyaloscyphaceae,g:Lachnum
Otu963	d:Fungi(1.0000),p:Ascomycota(0.0500),c:Dothideomycetes(0.0100)	+	d:Fungi
Otu965	d:Fungi(1.0000),p:Basidiomycota(0.5100),c:Tremellomycetes(0.4900),o:Tremellales(0.4900),f:Bulleraceae(0.4400),g:Bullera(0.4400),s:Bullera_crocea_SH209709.07FU(0.4400)	+	d:Fungi
Otu961	d:Fungi(1.0000),p:Basidiomycota(0.3400),c:Agaricostilbomycetes(0.3300),o:Agaricostilbales(0.3300),f:Chionosphaeraceae(0.0500),g:Cystobasidiopsis(0.0400),s:Cystobasidiopsis_lophatheri_SH023554.07FU(0.0300)	+	d:Fungi
Otu966	d:Fungi(0.9900),p:Ascomycota(0.7300),c:Lecanoromycetes(0.2300),o:Eurotiales(0.1700),f:Aspergillaceae(0.0600),g:Penicillium(0.0500),s:Symbiotaphrina_kochii_SH021199.07FU(0.0300)	+	d:Fungi
Otu968	d:Fungi(1.0000),p:Ascomycota(0.6300),c:Dothideomycetes(0.6300),o:Capnodiales(0.0500),f:Cladosporiaceae(0.0400),g:Rachicladosporium(0.0400),s:Rachicladosporium_cboliae_SH202311.07FU(0.0100)	+	d:Fungi
Otu967	d:Fungi(1.0000),p:Ascomycota(1.0000),c:Sordariomycetes(0.9800),o:Xylariales(0.9800),f:Microdochiaceae(0.9800),g:Microdochium(0.9800),s:Microdochium_phragmitis_SH203161.07FU(0.8900)	+	d:Fungi,p:Ascomycota,c:Sordariomycetes,o:Xylariales,f:Microdochiaceae,g:Microdochium,s:Microdochium_phragmitis_SH203161.07FU
Otu969	d:Fungi(1.0000),p:Ascomycota(1.0000),c:Leotiomycetes(1.0000)	+	d:Fungi,p:Ascomycota,c:Leotiomycetes
Otu970	d:Fungi(1.0000),p:Glomeromycota(0.0100),c:Glomeromycetes(0.0100),o:Glomerales(0.0100),f:Glomeraceae(0.0100)	+	d:Fungi
Otu971	d:Fungi(1.0000),p:Ascomycota(0.9500),c:Lecanoromycetes(0.9500),o:Lecanorales(0.9500),f:Ramalinaceae(0.9500),g:Bacidia(0.8900),s:Bacidia_chloroticula_SH026961.07FU(0.0600)	+	d:Fungi,p:Ascomycota,c:Lecanoromycetes,o:Lecanorales,f:Ramalinaceae,g:Bacidia
Otu972	d:Fungi(1.0000),p:Basidiomycota(1.0000),c:Tremellomycetes(1.0000),o:Tremellales(1.0000),f:Bulleribasidiaceae(1.0000),g:Vishniacozyma(1.0000),s:Vishniacozyma_victoriae_SH181632.07FU(1.0000)	+	d:Fungi,p:Basidiomycota,c:Tremellomycetes,o:Tremellales,f:Bulleribasidiaceae,g:Vishniacozyma,s:Vishniacozyma_victoriae_SH181632.07FU
Otu977	d:Rhizaria(0.9800),p:Cercozoa(0.9800)	+	d:Rhizaria,p:Cercozoa
Otu955	d:Fungi(1.0000),p:Ascomycota(0.7200),c:Dothideomycetes(0.2400),o:Pleosporales(0.2000),f:Cladoniaceae(0.0600),g:Cladonia(0.0600),s:Cladonia_coniocraea_SH212256.07FU(0.0400)	+	d:Fungi
Otu975	d:Fungi(0.9700),p:Ascomycota(0.7100),c:Saccharomycetes(0.5700),o:Saccharomycetales(0.5700),f:Glomeraceae(0.0400),g:Candida(0.0300),s:Pneumocystis_wakefieldiae_SH458869.07FU(0.0200)	+	d:Fungi
Otu964	d:Fungi(0.9900),p:Chytridiomycota(0.6700),c:Spizellomycetes(0.3100),o:Spizellomycetales(0.3100),f:Synchytriaceae(0.0600),g:Synchytrium(0.0600),s:Synchytrium_endobioticum_SH221412.07FU(0.0300)	+	d:Fungi
Otu974	d:Fungi(1.0000),p:Basidiomycota(0.5500),c:Tremellomycetes(0.5400),o:Tremellales(0.5400),f:Bulleraceae(0.4800),g:Bullera(0.4800),s:Bullera_crocea_SH209709.07FU(0.4800)	+	d:Fungi
Otu976	d:Fungi(1.0000),p:Ascomycota(1.0000),c:Dothideomycetes(1.0000),o:Pleosporales(1.0000),f:Phaeosphaeriaceae(0.9600),g:Paraphoma(0.9600),s:Paraphoma_chrysanthemicola_SH211091.07FU(0.8800)	+	d:Fungi,p:Ascomycota,c:Dothideomycetes,o:Pleosporales,f:Phaeosphaeriaceae,g:Paraphoma,s:Paraphoma_chrysanthemicola_SH211091.07FU
Otu979	d:Fungi(1.0000),p:Basidiomycota(1.0000),c:Tremellomycetes(0.0400),o:Holtermanniales(0.0200),f:Holtermanniales_fam_Incertae_sedis(0.0200),g:Holtermanniella(0.0200),s:Holtermanniella_takashimae_SH190741.07FU(0.0200)	+	d:Fungi,p:Basidiomycota
Otu980	d:Fungi(1.0000),p:Ascomycota(0.9900),c:Taphrinomycetes(0.9900),o:Taphrinales(0.9700),f:Taphrinaceae(0.9700),g:Taphrina(0.9700),s:Taphrina_carnea_SH193601.07FU(0.9600)	+	d:Fungi,p:Ascomycota,c:Taphrinomycetes,o:Taphrinales,f:Taphrinaceae,g:Taphrina,s:Taphrina_carnea_SH193601.07FU
Otu978	d:Fungi(1.0000),p:Ascomycota(0.9200),c:Dothideomycetes(0.9000),o:Pleosporales(0.9000),f:Didymellaceae(0.9000),g:Didymella(0.8300),s:Didymella_bellidis_SH245108.07FU(0.0100)	+	d:Fungi,p:Ascomycota,c:Dothideomycetes,o:Pleosporales,f:Didymellaceae,g:Didymella
Otu983	d:Fungi(1.0000),p:Ascomycota(1.0000),c:Dothideomycetes(0.9900),o:Capnodiales(0.9800),f:Mycosphaerellaceae(0.9300),g:Cercosporella(0.1900),s:Zasmidium_aerohyalinosporum_SH199162.07FU(0.1300)	+	d:Fungi,p:Ascomycota,c:Dothideomycetes,o:Capnodiales,f:Mycosphaerellaceae
Otu973	d:Fungi(0.8500),p:Ascomycota(0.8100),c:Pezizomycetes(0.7300),o:Pezizales(0.7300),f:Pezizaceae(0.7300),g:Oedocephalum(0.6400),s:Oedocephalum_adhaerens_SH012800.07FU(0.1900)	+	d:Fungi,p:Ascomycota
Otu985	d:Fungi(1.0000),p:Ascomycota(0.7700),c:Leotiomycetes(0.4100),o:Helotiales(0.3600),f:Helotiales_fam_Incertae_sedis(0.1600),g:Cadophora(0.1600),s:Meliniomyces_variabilis_SH181078.07FU(0.0200)	+	d:Fungi
Otu981	d:Fungi(0.7600),p:Ascomycota(0.2800),c:Glomeromycetes(0.2100),o:Glomerales(0.2100),f:Glomeraceae(0.2000),g:Symbiotaphrina(0.0900),s:Symbiotaphrina_kochii_SH021199.07FU(0.0700)	+	
Otu988	d:Fungi(1.0000),p:Basidiomycota(0.9800),c:Tremellomycetes(0.9800),o:Tremellales(0.9700),f:Bulleribasidiaceae(0.9700),g:Vishniacozyma(0.9700),s:Vishniacozyma_dimennae_SH203797.07FU(0.8200)	+	d:Fungi,p:Basidiomycota,c:Tremellomycetes,o:Tremellales,f:Bulleribasidiaceae,g:Vishniacozyma,s:Vishniacozyma_dimennae_SH203797.07FU
Otu987	d:Fungi(1.0000),p:Ascomycota(0.8500),c:Dothideomycetes(0.2900),o:Pleosporales(0.2900),f:Didymellaceae(0.2800),g:Epicoccum(0.1700),s:Epicoccum_plurivorum_SH091886.07FU(0.1700)	+	d:Fungi,p:Ascomycota
Otu982	d:Fungi(1.0000),p:Basidiomycota(1.0000),c:Tremellomycetes(0.0300),o:Holtermanniales(0.0200),f:Holtermanniales_fam_Incertae_sedis(0.0200),g:Holtermanniella(0.0200),s:Holtermanniella_takashimae_SH190741.07FU(0.0200)	+	d:Fungi,p:Basidiomycota
Otu992	d:Fungi(1.0000),p:Ascomycota(1.0000),c:Dothideomycetes(1.0000),o:Pleosporales(1.0000),f:Leptosphaeriaceae(1.0000)	+	d:Fungi,p:Ascomycota,c:Dothideomycetes,o:Pleosporales,f:Leptosphaeriaceae
Otu994	d:Fungi(1.0000),p:Basidiomycota(1.0000),c:Agaricomycetes(1.0000),o:Agaricales(1.0000),f:Tricholomataceae(0.0800),g:Mycena(0.0800)	+	d:Fungi,p:Basidiomycota,c:Agaricomycetes,o:Agaricales
Otu990	d:Fungi(1.0000),p:Ascomycota(1.0000),c:Sordariomycetes(1.0000),o:Sordariales(1.0000),f:Sordariaceae(1.0000),g:Gelasinospora(0.4200),s:Gelasinospora_cratophora_SH011221.07FU(0.4200)	+	d:Fungi,p:Ascomycota,c:Sordariomycetes,o:Sordariales,f:Sordariaceae
Otu986	d:Fungi(0.9700),p:Basidiomycota(0.2900),c:Agaricomycetes(0.2400),o:Symbiotaphrinales(0.1000),f:Symbiotaphrinaceae(0.1000),g:Symbiotaphrina(0.1000),s:Symbiotaphrina_buchneri_SH643910.07FU(0.0700)	+	d:Fungi
Otu991	d:Fungi(1.0000),p:Ascomycota(1.0000),c:Leotiomycetes(1.0000),o:Helotiales(1.0000),f:Hyaloscyphaceae(0.9700),g:Cistella(0.9700)	+	d:Fungi,p:Ascomycota,c:Leotiomycetes,o:Helotiales,f:Hyaloscyphaceae,g:Cistella
Otu993	d:Fungi(1.0000),p:Basidiomycota(0.6700),c:Tremellomycetes(0.6600),o:Tremellales(0.6600),f:Bulleribasidiaceae(0.6600),g:Dioszegia(0.6600),s:Dioszegia_hungarica_SH182099.07FU(0.6500)	+	d:Fungi
Otu998	d:Fungi(1.0000),p:Chytridiomycota(0.0300),c:Agaricomycetes(0.0100),o:Cantharellales(0.0100),f:Ceratobasidiaceae(0.0100)	+	d:Fungi
Otu997	d:Fungi(1.0000),p:Ascomycota(0.7600),c:Dothideomycetes(0.0400),o:Pleosporales(0.0300),f:Sporormiaceae(0.0300)	+	d:Fungi
Otu999	d:Fungi(1.0000),p:Basidiomycota(1.0000),c:Exobasidiomycetes(1.0000),o:Entylomatales(1.0000),f:Entylomatales_fam_Incertae_sedis(1.0000),g:Tilletiopsis(1.0000),s:Tilletiopsis_washingtonensis_SH186666.07FU(1.0000)	+	d:Fungi,p:Basidiomycota,c:Exobasidiomycetes,o:Entylomatales,f:Entylomatales_fam_Incertae_sedis,g:Tilletiopsis,s:Tilletiopsis_washingtonensis_SH186666.07FU
Otu996	d:Fungi(1.0000)	+	d:Fungi
Otu984	d:Fungi(1.0000),p:Basidiomycota(1.0000),c:Tremellomycetes(0.0300),o:Holtermanniales(0.0300),f:Holtermanniales_fam_Incertae_sedis(0.0300),g:Holtermanniella(0.0300),s:Holtermanniella_takashimae_SH190741.07FU(0.0300)	+	d:Fungi,p:Basidiomycota
Otu1003	d:Fungi(0.9400),p:Ascomycota(0.3700),c:Agaricomycetes(0.2300),o:Agaricales(0.1400),f:Lyophyllaceae(0.0600),g:Termitomyces(0.0600),s:Symbiotaphrina_buchneri_SH643910.07FU(0.0500)	+	d:Fungi
Otu989	d:Fungi(1.0000),p:Ascomycota(0.5700),c:Sordariomycetes(0.5400),o:Sordariales(0.5400),f:Lasiosphaeriaceae(0.5300),g:Schizothecium(0.3000),s:Schizothecium_glutinans_SH201210.07FU(0.1700)	+	d:Fungi
Otu1004	d:Fungi(1.0000)	+	d:Fungi
Otu1002	d:Fungi(1.0000),p:Ascomycota(1.0000),c:Dothideomycetes(1.0000),o:Pleosporales(0.9300),f:Leptosphaeriaceae(0.7200),g:Leptosphaeria(0.7200)	+	d:Fungi,p:Ascomycota,c:Dothideomycetes,o:Pleosporales
Otu1005	d:Fungi(1.0000),p:Basidiomycota(1.0000),c:Agaricomycetes(1.0000),o:Agaricales(1.0000),f:Tricholomataceae(0.1100),g:Mycena(0.1100)	+	d:Fungi,p:Basidiomycota,c:Agaricomycetes,o:Agaricales
Otu1001	d:Fungi(1.0000),p:Ascomycota(0.9800),c:Eurotiomycetes(0.9500),o:Chaetothyriales(0.9500),f:Herpotrichiellaceae(0.7500),g:Capronia(0.4600),s:Knufia_peltigerae_SH180461.07FU(0.0400)	+	d:Fungi,p:Ascomycota,c:Eurotiomycetes,o:Chaetothyriales
Otu1008	d:Fungi(1.0000),p:Basidiomycota(1.0000),c:Agaricomycetes(1.0000),o:Sebacinales(1.0000),f:Serendipitaceae(0.0400),g:Serendipita(0.0400),s:Serendipita_herbamans_SH192972.07FU(0.0400)	+	d:Fungi,p:Basidiomycota,c:Agaricomycetes,o:Sebacinales
Otu1000	d:Fungi(1.0000),p:Basidiomycota(1.0000),c:Tremellomycetes(1.0000),o:Tremellales(1.0000),f:Bulleribasidiaceae(1.0000),g:Vishniacozyma(1.0000),s:Vishniacozyma_victoriae_SH181632.07FU(1.0000)	+	d:Fungi,p:Basidiomycota,c:Tremellomycetes,o:Tremellales,f:Bulleribasidiaceae,g:Vishniacozyma,s:Vishniacozyma_victoriae_SH181632.07FU
Otu1006	d:Fungi(1.0000),p:Basidiomycota(1.0000),c:Tremellomycetes(0.0400),o:Holtermanniales(0.0200),f:Holtermanniales_fam_Incertae_sedis(0.0200),g:Holtermanniella(0.0200),s:Holtermanniella_takashimae_SH190741.07FU(0.0200)	+	d:Fungi,p:Basidiomycota
Otu995	d:Fungi(1.0000),p:Ascomycota(0.0100),c:Dothideomycetes(0.0100)	+	d:Fungi
Otu1012	d:Fungi(1.0000),p:Basidiomycota(0.5300),c:Tremellomycetes(0.5100),o:Tremellales(0.5100),f:Bulleraceae(0.4700),g:Bullera(0.4700),s:Bullera_crocea_SH209709.07FU(0.4700)	+	d:Fungi
Otu1010	d:Fungi(1.0000),p:Ascomycota(0.7100),c:Dothideomycetes(0.7000),o:Pleosporales(0.6800),f:Sporormiaceae(0.5700),g:Preussia(0.4400),s:Preussia_polymorpha_SH184217.07FU(0.1600)	+	d:Fungi
Otu1014	d:Fungi(1.0000),p:Ascomycota(0.9700),c:Leotiomycetes(0.6900),o:Helotiales(0.6900),f:Helotiaceae(0.6900),g:Articulospora(0.6500)	+	d:Fungi,p:Ascomycota
Otu1019	d:Fungi(1.0000),p:Chytridiomycota(0.5100),c:Spizellomycetes(0.3000),o:Spizellomycetales(0.3000),f:Symbiotaphrinaceae(0.1400),g:Symbiotaphrina(0.1400),s:Symbiotaphrina_buchneri_SH643910.07FU(0.1000)	+	d:Fungi
Otu1018	d:Fungi(1.0000),p:Ascomycota(1.0000),c:Leotiomycetes(1.0000),o:Rhytismatales(1.0000),f:Rhytismataceae(1.0000),g:Lophodermium(0.9400),s:Lophodermium_petrakii_SH000664.07FU(0.5500)	+	d:Fungi,p:Ascomycota,c:Leotiomycetes,o:Rhytismatales,f:Rhytismataceae,g:Lophodermium
Otu1011	d:Fungi(1.0000),p:Ascomycota(0.8300),c:Leotiomycetes(0.8000),o:Helotiales(0.8000),f:Dermateaceae(0.6700),g:Calloria(0.6700),s:Calloria_urticae_SH529064.07FU(0.6700)	+	d:Fungi,p:Ascomycota,c:Leotiomycetes,o:Helotiales
Otu1009	d:Fungi(1.0000),p:Basidiomycota(0.3500),c:Agaricostilbomycetes(0.3200),o:Agaricostilbales(0.3200),f:Kondoaceae(0.3200),g:Kondoa(0.2500),s:Kondoa_sorbi_SH532562.07FU(0.0900)	+	d:Fungi
Otu1016	d:Fungi(1.0000),p:Ascomycota(0.4200),c:Agaricomycetes(0.1900),o:Symbiotaphrinales(0.1600),f:Symbiotaphrinaceae(0.1600),g:Symbiotaphrina(0.1600),s:Symbiotaphrina_kochii_SH021199.07FU(0.1500)	+	d:Fungi
Otu1020	d:Fungi(1.0000),p:Basidiomycota(1.0000),c:Tremellomycetes(1.0000),o:Tremellales(1.0000),f:Bulleribasidiaceae(1.0000),g:Vishniacozyma(1.0000),s:Vishniacozyma_victoriae_SH181632.07FU(1.0000)	+	d:Fungi,p:Basidiomycota,c:Tremellomycetes,o:Tremellales,f:Bulleribasidiaceae,g:Vishniacozyma,s:Vishniacozyma_victoriae_SH181632.07FU
Otu1021	d:Fungi(1.0000),p:Basidiomycota(1.0000),c:Tremellomycetes(1.0000),o:Tremellales(1.0000),f:Bulleribasidiaceae(1.0000),g:Vishniacozyma(1.0000),s:Vishniacozyma_victoriae_SH181632.07FU(1.0000)	+	d:Fungi,p:Basidiomycota,c:Tremellomycetes,o:Tremellales,f:Bulleribasidiaceae,g:Vishniacozyma,s:Vishniacozyma_victoriae_SH181632.07FU
Otu1015	d:Fungi(1.0000),p:Basidiomycota(0.0100),c:Exobasidiomycetes(0.0100),o:Exobasidiales(0.0100),f:Exobasidiaceae(0.0100),g:Exobasidium(0.0100),s:Exobasidium_reticulatum_SH204871.07FU(0.0100)	+	d:Fungi
Otu1017	d:Fungi(1.0000),p:Ascomycota(1.0000),c:Leotiomycetes(1.0000)	+	d:Fungi,p:Ascomycota,c:Leotiomycetes
Otu1007	d:Fungi(1.0000),p:Basidiomycota(0.9200),c:Agaricomycetes(0.9200),o:Agaricales(0.6700),f:Tricholomataceae(0.6000),g:Arrhenia(0.3500),s:Arrhenia_velutipes_SH461977.07FU(0.2500)	+	d:Fungi,p:Basidiomycota,c:Agaricomycetes
Otu1026	d:Fungi(1.0000),p:Ascomycota(0.5800),c:Leotiomycetes(0.4900),o:Helotiales(0.4900),f:Helotiales_fam_Incertae_sedis(0.4800),g:Cadophora(0.4800),s:Cadophora_luteo-olivacea_SH092150.07FU(0.3500)	+	d:Fungi
Otu1022	d:Fungi(1.0000),p:Chytridiomycota(0.1800),c:Agaricomycetes(0.0900),o:Agaricales(0.0700),f:Tricholomataceae(0.0100),g:Cortinarius(0.0100),s:Cortinarius_trivialis_SH494019.07FU(0.0100)	+	d:Fungi
Otu1027	d:Fungi(1.0000),p:Ascomycota(1.0000),c:Eurotiomycetes(1.0000),o:Chaetothyriales(1.0000),f:Herpotrichiellaceae(0.7000),g:Exophiala(0.6900),s:Exophiala_cancerae_SH197646.07FU(0.0900)	+	d:Fungi,p:Ascomycota,c:Eurotiomycetes,o:Chaetothyriales
Otu1024	d:Fungi(0.6400),p:Cercozoa(0.3500),c:Glomeromycetes(0.1600),o:Glomerales(0.1400),f:Glomeraceae(0.1100),g:Symbiotaphrina(0.0400),s:Symbiotaphrina_kochii_SH021199.07FU(0.0300)	+	
Otu1023	d:Fungi(1.0000),p:Olpidiomycota(0.1000),c:Olpidiomycetes(0.1000),o:Olpidiales(0.1000),f:Olpidiaceae(0.0500),g:Olpidium(0.0500),s:Olpidium_brassicae_SH194417.07FU(0.0500)	+	d:Fungi
Otu1031	d:Fungi(1.0000),p:Ascomycota(1.0000),c:Leotiomycetes(1.0000),o:Helotiales(1.0000)	+	d:Fungi,p:Ascomycota,c:Leotiomycetes,o:Helotiales
Otu1028	d:Fungi(1.0000),p:Ascomycota(1.0000),c:Leotiomycetes(1.0000),o:Rhytismatales(1.0000),f:Rhytismataceae(1.0000),g:Lophodermium(1.0000),s:Lophodermium_piceae_SH217606.07FU(1.0000)	+	d:Fungi,p:Ascomycota,c:Leotiomycetes,o:Rhytismatales,f:Rhytismataceae,g:Lophodermium,s:Lophodermium_piceae_SH217606.07FU
Otu1025	d:Fungi(1.0000),p:Ascomycota(1.0000),c:Dothideomycetes(0.8700),o:Pleosporales(0.8600),f:Phaeosphaeriaceae(0.8600),g:Phaeosphaeria(0.8600),s:Phaeosphaeria_triglochinicola_SH208537.07FU(0.8600)	+	d:Fungi,p:Ascomycota,c:Dothideomycetes,o:Pleosporales,f:Phaeosphaeriaceae,g:Phaeosphaeria,s:Phaeosphaeria_triglochinicola_SH208537.07FU
Otu1013	d:Fungi(1.0000),p:Ascomycota(0.9900),c:Dothideomycetes(0.1000),o:Pleosporales(0.1000),f:Periconiaceae(0.0100),g:Periconia(0.0100),s:Periconia_byssoides_SH640231.07FU(0.0100)	+	d:Fungi,p:Ascomycota
Otu1033	d:Fungi(1.0000),p:Rozellomycota(0.7300),c:Dothideomycetes(0.0100)	+	d:Fungi
Otu1029	d:Fungi(0.9900),p:Basidiomycota(0.5700),c:Agaricomycetes(0.4400),o:Agaricales(0.2100),f:Inocybaceae(0.1000),g:Inocybe(0.0900),s:Sistotrema_oblongisporum_SH007383.07FU(0.0400)	+	d:Fungi
Otu1035	d:Fungi(1.0000),p:Basidiomycota(0.0300),c:Tremellomycetes(0.0300),o:Filobasidiales(0.0200),f:Filobasidiaceae(0.0200),g:Filobasidium(0.0200),s:Filobasidium_chernovii_SH197624.07FU(0.0100)	+	d:Fungi
Otu1037	d:Fungi(0.9600),p:Ascomycota(0.3500),c:Agaricomycetes(0.2800),o:Agaricales(0.1800),f:Lyophyllaceae(0.0600),g:Termitomyces(0.0600),s:Dactylella_cylindrospora_SH206627.07FU(0.0300)	+	d:Fungi
Otu1040	d:Fungi(1.0000),p:Chytridiomycota(0.0200),c:Glomeromycetes(0.0100),o:Glomerales(0.0100),f:Glomeraceae(0.0100)	+	d:Fungi
Otu1034	d:Fungi(1.0000),p:Ascomycota(0.8800),c:Leotiomycetes(0.8800),o:Helotiales(0.8800),f:Helotiaceae(0.8800),g:Articulospora(0.8800)	+	d:Fungi,p:Ascomycota,c:Leotiomycetes,o:Helotiales,f:Helotiaceae,g:Articulospora
Otu1036	d:Fungi(0.9400),p:Ascomycota(0.5300),c:Agaricomycetes(0.1500),o:Symbiotaphrinales(0.1400),f:Symbiotaphrinaceae(0.1400),g:Symbiotaphrina(0.1400),s:Symbiotaphrina_buchneri_SH643910.07FU(0.0900)	+	d:Fungi
Otu1038	d:Fungi(1.0000),p:Basidiomycota(1.0000),c:Tremellomycetes(1.0000),o:Tremellales(0.2300),f:Bulleribasidiaceae(0.2300),g:Vishniacozyma(0.2300),s:Vishniacozyma_victoriae_SH181628.07FU(0.1700)	+	d:Fungi,p:Basidiomycota,c:Tremellomycetes
Otu1032	d:Fungi(1.0000),p:Ascomycota(1.0000),c:Dothideomycetes(1.0000),o:Pleosporales(1.0000),f:Sporormiaceae(1.0000),g:Sparticola(1.0000),s:Sparticola_junci_SH524506.07FU(1.0000)	+	d:Fungi,p:Ascomycota,c:Dothideomycetes,o:Pleosporales,f:Sporormiaceae,g:Sparticola,s:Sparticola_junci_SH524506.07FU
Otu1042	d:Fungi(1.0000)	+	d:Fungi
Otu1043	d:Rhizaria(0.9400),p:Cercozoa(0.9400),c:Saccharomycetes(0.0100),o:Saccharomycetales(0.0100),f:Saccharomycetaceae(0.0100),g:Kazachstania(0.0100),s:Kazachstania_aquatica_SH456370.07FU(0.0100)	+	d:Rhizaria,p:Cercozoa
Otu1041	d:Fungi(1.0000),p:Basidiomycota(0.5300),c:Tremellomycetes(0.5100),o:Tremellales(0.5100),f:Bulleraceae(0.4700),g:Bullera(0.4700),s:Bullera_crocea_SH209709.07FU(0.4700)	+	d:Fungi
Otu1044	d:Fungi(1.0000),p:Ascomycota(1.0000),c:Leotiomycetes(1.0000),o:Helotiales(1.0000),f:Hyaloscyphaceae(0.9700),g:Lachnum(0.9300),s:Proliferodiscus_tricolor_SH014732.07FU(0.0200)	+	d:Fungi,p:Ascomycota,c:Leotiomycetes,o:Helotiales,f:Hyaloscyphaceae,g:Lachnum
Otu1046	d:Fungi(1.0000),p:Mortierellomycota(1.0000),c:Mortierellomycetes(1.0000),o:Mortierellales(1.0000),f:Mortierellaceae(1.0000),g:Mortierella(1.0000)	+	d:Fungi,p:Mortierellomycota,c:Mortierellomycetes,o:Mortierellales,f:Mortierellaceae,g:Mortierella
Otu1048	d:Fungi(1.0000),p:Ascomycota(1.0000),c:Lecanoromycetes(1.0000),o:Caliciales(1.0000),f:Physciaceae(1.0000),g:Physcia(0.9900),s:Physcia_dubia_SH181754.07FU(0.4300)	+	d:Fungi,p:Ascomycota,c:Lecanoromycetes,o:Caliciales,f:Physciaceae,g:Physcia
Otu1030	d:Fungi(1.0000),p:Ascomycota(0.9400),c:Pezizomycetes(0.9000),o:Pezizales(0.9000),f:Pyronemataceae(0.9000),g:Pulvinula(0.8900),s:Pulvinula_convexella_SH204542.07FU(0.0200)	+	d:Fungi,p:Ascomycota,c:Pezizomycetes,o:Pezizales,f:Pyronemataceae,g:Pulvinula
Otu1049	d:Fungi(1.0000),p:Basidiomycota(0.5100),c:Tremellomycetes(0.4900),o:Tremellales(0.4900),f:Bulleraceae(0.4400),g:Bullera(0.4400),s:Bullera_crocea_SH209709.07FU(0.4400)	+	d:Fungi
Otu1047	d:Fungi(1.0000),p:Ascomycota(0.3300),c:Dothideomycetes(0.3300),o:Pleosporales(0.3300),f:Phaeosphaeriaceae(0.3300),g:Phaeosphaeria(0.3300)	+	d:Fungi
Otu1050	d:Fungi(1.0000),p:Mortierellomycota(0.9100),c:Mortierellomycetes(0.9100),o:Mortierellales(0.9100),f:Mortierellaceae(0.9000),g:Mortierella(0.9000),s:Mortierella_fatshederae_SH180138.07FU(0.4700)	+	d:Fungi,p:Mortierellomycota,c:Mortierellomycetes,o:Mortierellales,f:Mortierellaceae,g:Mortierella
Otu1052	d:Fungi(1.0000),p:Ascomycota(0.5700),c:Sordariomycetes(0.5400),o:Sordariales(0.5400),f:Lasiosphaeriaceae(0.5300),g:Schizothecium(0.3000),s:Schizothecium_glutinans_SH201210.07FU(0.1700)	+	d:Fungi
Otu1054	d:Fungi(1.0000),p:Rozellomycota(0.5200),c:Rozellomycotina_cls_Incertae_sedis(0.0100),o:Blastocladiales(0.0100),f:Blastocladiaceae(0.0100),g:Allomyces(0.0100),s:Allomyces_arbusculus_SH533948.07FU(0.0100)	+	d:Fungi
Otu1051	d:Fungi(1.0000),p:Ascomycota(1.0000),c:Dothideomycetes(1.0000)	+	d:Fungi,p:Ascomycota,c:Dothideomycetes
Otu1053	d:Fungi(1.0000),p:Ascomycota(0.0400),c:Dothideomycetes(0.0100),o:Pleosporales(0.0100),f:Herpotrichiellaceae(0.0100)	+	d:Fungi
Otu1058	d:Fungi(0.9800),p:Basidiomycota(0.5500),c:Agaricomycetes(0.3900),o:Glomerales(0.1600),f:Glomeraceae(0.1500),g:Funneliformis(0.0400),s:Symbiotaphrina_kochii_SH021199.07FU(0.0300)	+	d:Fungi
Otu1057	d:Fungi(1.0000),p:Ascomycota(0.9900),c:Orbiliomycetes(0.9600),o:Orbiliales(0.9600),f:Orbiliaceae(0.9600),g:Symbiotaphrina(0.0200),s:Symbiotaphrina_buchneri_SH643910.07FU(0.0200)	+	d:Fungi,p:Ascomycota,c:Orbiliomycetes,o:Orbiliales,f:Orbiliaceae
Otu1056	d:Fungi(1.0000),p:Ascomycota(0.9900),c:Dothideomycetes(0.9800),o:Pleosporales(0.9800),f:Leptosphaeriaceae(0.9800),g:Leptosphaeria(0.9800),s:Leptosphaeria_maculans_SH217286.07FU(0.9800)	+	d:Fungi,p:Ascomycota,c:Dothideomycetes,o:Pleosporales,f:Leptosphaeriaceae,g:Leptosphaeria,s:Leptosphaeria_maculans_SH217286.07FU
Otu1045	d:Fungi(1.0000),p:Ascomycota(0.8000),c:Dothideomycetes(0.7900),o:Pleosporales(0.7900),f:Sporormiaceae(0.6900),g:Preussia(0.5700),s:Preussia_polymorpha_SH184217.07FU(0.1400)	+	d:Fungi,p:Ascomycota
Otu1039	d:Fungi(1.0000),p:Ascomycota(0.9700),c:Dothideomycetes(0.9700),o:Pleosporales(0.9700),f:Cucurbitariaceae(0.4000),g:Pyrenochaeta(0.4000),s:Pyrenochaeta_inflorescentiae_SH217883.07FU(0.0200)	+	d:Fungi,p:Ascomycota,c:Dothideomycetes,o:Pleosporales
Otu1062	d:Fungi(0.9800),p:Ascomycota(0.3200),c:Rozellomycotina_cls_Incertae_sedis(0.1500),o:GS11(0.1100),f:Symbiotaphrinaceae(0.0600),g:Symbiotaphrina(0.0600),s:Massaria_macra_SH181420.07FU(0.0500)	+	d:Fungi
Otu1059	d:Fungi(1.0000),p:Ascomycota(1.0000),c:Dothideomycetes(1.0000),o:Pleosporales(1.0000),f:Phaeosphaeriaceae(1.0000)	+	d:Fungi,p:Ascomycota,c:Dothideomycetes,o:Pleosporales,f:Phaeosphaeriaceae
Otu1060	d:Fungi(1.0000),p:Ascomycota(1.0000),c:Pezizomycetes(1.0000),o:Pezizales(1.0000),f:Pezizaceae(1.0000),g:Peziza(1.0000),s:Peziza_nivalis_SH210381.07FU(0.7200)	+	d:Fungi,p:Ascomycota,c:Pezizomycetes,o:Pezizales,f:Pezizaceae,g:Peziza
Otu1064	d:Fungi(1.0000),p:Ascomycota(1.0000),c:Orbiliomycetes(1.0000),o:Orbiliales(0.9900),f:Orbiliaceae(0.9900),g:Orbilia(0.0100)	+	d:Fungi,p:Ascomycota,c:Orbiliomycetes,o:Orbiliales,f:Orbiliaceae
Otu1063	d:Fungi(1.0000),p:Basidiomycota(1.0000),c:Tremellomycetes(1.0000),o:Tremellales(0.2100),f:Bulleribasidiaceae(0.2100),g:Vishniacozyma(0.2100),s:Vishniacozyma_victoriae_SH181628.07FU(0.1800)	+	d:Fungi,p:Basidiomycota,c:Tremellomycetes
Otu1061	d:Fungi(0.9900),p:Ascomycota(0.9800),c:Orbiliomycetes(0.9800),o:Orbiliales(0.9800),f:Orbiliaceae(0.9800),g:Smittium(0.0100),s:Smittium_morbosum_SH471714.07FU(0.0100)	+	d:Fungi,p:Ascomycota,c:Orbiliomycetes,o:Orbiliales,f:Orbiliaceae
Otu1065	d:Fungi(1.0000),p:Basidiomycota(0.0100),c:Tremellomycetes(0.0100),o:Tremellales(0.0100),f:Bulleraceae(0.0100),g:Genolevuria(0.0100),s:Genolevuria_amylolytica_SH213903.07FU(0.0100)	+	d:Fungi
Otu1069	d:Fungi(0.7700),p:Cercozoa(0.2300),c:Agaricomycetes(0.1600),o:Glomerales(0.1100),f:Glomeraceae(0.1000),g:Sebacina(0.0300),s:Spiromyces_aspiralis_SH481682.07FU(0.0200)	+	
Otu1071	d:Fungi(1.0000),p:Basidiomycota(1.0000),c:Agaricomycetes(1.0000),o:Hymenochaetales(1.0000),f:Schizoporaceae(1.0000),g:Hyphodontia(1.0000),s:Hyphodontia_pallidula_SH202172.07FU(1.0000)	+	d:Fungi,p:Basidiomycota,c:Agaricomycetes,o:Hymenochaetales,f:Schizoporaceae,g:Hyphodontia,s:Hyphodontia_pallidula_SH202172.07FU
Otu1068	d:Fungi(1.0000),p:Basidiomycota(0.9900),c:Agaricomycetes(0.9900),o:Auriculariales(0.9900),f:Auriculariaceae(0.0400),g:Auricularia(0.0400),s:Auricularia_americana_SH640987.07FU(0.0400)	+	d:Fungi,p:Basidiomycota,c:Agaricomycetes,o:Auriculariales
Otu1055	d:Fungi(1.0000),p:Ascomycota(1.0000),c:Sordariomycetes(1.0000),o:Sordariales(0.6300)	+	d:Fungi,p:Ascomycota,c:Sordariomycetes
Otu1070	d:Fungi(1.0000),p:Basidiomycota(1.0000),c:Agaricomycetes(1.0000),o:Polyporales(1.0000),f:Ganodermataceae(0.3000),g:Ganoderma(0.1600),s:Ganoderma_sichuanense_SH188263.07FU(0.0700)	+	d:Fungi,p:Basidiomycota,c:Agaricomycetes,o:Polyporales
Otu1073	d:Fungi(1.0000)	+	d:Fungi
Otu1074	d:Fungi(1.0000),p:Ascomycota(0.7900),c:Eurotiomycetes(0.2800),o:Chaetothyriales(0.1700),f:Verrucariaceae(0.0700),g:Verrucaria(0.0700),s:Diploschistes_actinostomus_SH192209.07FU(0.0400)	+	d:Fungi
Otu1076	d:Fungi(1.0000),p:Chytridiomycota(0.6400),c:Spizellomycetes(0.2200),o:Spizellomycetales(0.2200),f:Spizellomycetaceae(0.0600),g:Spizellomyces(0.0600),s:Coralloidiomyces_digitatus_SH461375.07FU(0.0100)	+	d:Fungi
Otu1077	d:Fungi(1.0000),p:Ascomycota(1.0000),c:Dothideomycetes(1.0000),o:Pleosporales(1.0000),f:Phaeosphaeriaceae(0.9900),g:Paraphoma(0.9900),s:Paraphoma_chrysanthemicola_SH208737.07FU(0.1800)	+	d:Fungi,p:Ascomycota,c:Dothideomycetes,o:Pleosporales,f:Phaeosphaeriaceae,g:Paraphoma
Otu1081	d:Fungi(1.0000),p:Ascomycota(1.0000),c:Eurotiomycetes(1.0000),o:Chaetothyriales(1.0000),f:Herpotrichiellaceae(1.0000)	+	d:Fungi,p:Ascomycota,c:Eurotiomycetes,o:Chaetothyriales,f:Herpotrichiellaceae
Otu1066	d:Fungi(1.0000),p:Basidiomycota(0.0300),c:Tremellomycetes(0.0300),o:Filobasidiales(0.0200),f:Filobasidiaceae(0.0200),g:Filobasidium(0.0200),s:Filobasidium_chernovii_SH197624.07FU(0.0100)	+	d:Fungi
Otu1079	d:Fungi(0.9900),p:Ascomycota(0.7800),c:Eurotiomycetes(0.2200),o:Chaetothyriales(0.1400),f:Symbiotaphrinaceae(0.0900),g:Symbiotaphrina(0.0900),s:Symbiotaphrina_kochii_SH021199.07FU(0.0500)	+	d:Fungi
Otu1078	d:Fungi(1.0000)	+	d:Fungi
Otu1075	d:Fungi(1.0000),p:Ascomycota(1.0000),c:Sordariomycetes(1.0000),o:Hypocreales(1.0000),f:Hypocreales_fam_Incertae_sedis(1.0000),g:Acremonium(1.0000)	+	d:Fungi,p:Ascomycota,c:Sordariomycetes,o:Hypocreales,f:Hypocreales_fam_Incertae_sedis,g:Acremonium
Otu1082	d:Fungi(1.0000),p:Basidiomycota(0.9600),c:Tremellomycetes(0.9300),o:Tremellales(0.9300),f:Bulleribasidiaceae(0.9300),g:Vishniacozyma(0.9300),s:Vishniacozyma_dimennae_SH203797.07FU(0.7400)	+	d:Fungi,p:Basidiomycota,c:Tremellomycetes,o:Tremellales,f:Bulleribasidiaceae,g:Vishniacozyma
Otu1080	d:Fungi(1.0000),p:Ascomycota(0.8800),c:Dothideomycetes(0.0600),o:Pleosporales(0.0600),f:Pleosporaceae(0.0300),g:Pleospora(0.0300),s:Leptosphaeria_proteicola_SH192135.07FU(0.0100)	+	d:Fungi,p:Ascomycota
Otu1072	d:Fungi(1.0000),p:Ascomycota(1.0000),c:Sordariomycetes(1.0000),o:Sordariales(0.9600)	+	d:Fungi,p:Ascomycota,c:Sordariomycetes,o:Sordariales
Otu1083	d:Fungi(1.0000)	+	d:Fungi
Otu1084	d:Fungi(1.0000),p:Ascomycota(0.3500),c:Agaricomycetes(0.2400),o:Pezizales(0.1500),f:Pezizaceae(0.1400),g:Peziza(0.0900),s:Peziza_ellipsospora_SH181526.07FU(0.0400)	+	d:Fungi
Otu1086	d:Fungi(1.0000),p:Basidiomycota(1.0000),c:Tremellomycetes(0.0500),o:Holtermanniales(0.0300),f:Holtermanniales_fam_Incertae_sedis(0.0300),g:Holtermanniella(0.0300),s:Holtermanniella_takashimae_SH190741.07FU(0.0300)	+	d:Fungi,p:Basidiomycota
Otu1089	d:Fungi(1.0000),p:Ascomycota(0.4900),c:Dothideomycetes(0.4600),o:Pleosporales(0.3900),f:Sporormiaceae(0.3900),g:Preussia(0.0300)	+	d:Fungi
Otu1092	d:Fungi(1.0000),p:Ascomycota(0.9300),c:Leotiomycetes(0.9100),o:Helotiales(0.9100),f:Helotiales_fam_Incertae_sedis(0.6500),g:Cadophora(0.4300),s:Collembolispora_barbata_SH186791.07FU(0.0900)	+	d:Fungi,p:Ascomycota,c:Leotiomycetes,o:Helotiales
Otu1067	d:Fungi(1.0000),p:Ascomycota(0.1500),c:Dothideomycetes(0.1500)	+	d:Fungi
Otu1093	d:Fungi(1.0000),p:Ascomycota(0.1200),c:Rozellomycotina_cls_Incertae_sedis(0.1100),o:Agaricales(0.0700),f:Lyophyllaceae(0.0400),g:Termitomyces(0.0400),s:Symbiotaphrina_kochii_SH021199.07FU(0.0200)	+	d:Fungi
Otu1087	d:Fungi(1.0000),p:Ascomycota(1.0000),c:Dothideomycetes(1.0000),o:Pleosporales(1.0000),f:Torulaceae(1.0000),g:Torula(1.0000),s:Torula_herbarum_SH212866.07FU(1.0000)	+	d:Fungi,p:Ascomycota,c:Dothideomycetes,o:Pleosporales,f:Torulaceae,g:Torula,s:Torula_herbarum_SH212866.07FU
Otu1090	d:Fungi(1.0000),p:Ascomycota(1.0000),c:Dothideomycetes(1.0000),o:Pleosporales(1.0000),f:Phaeosphaeriaceae(0.9600),g:Paraphoma(0.9600),s:Paraphoma_chrysanthemicola_SH211091.07FU(0.8800)	+	d:Fungi,p:Ascomycota,c:Dothideomycetes,o:Pleosporales,f:Phaeosphaeriaceae,g:Paraphoma,s:Paraphoma_chrysanthemicola_SH211091.07FU
Otu1085	d:Fungi(1.0000),p:Ascomycota(0.9800),c:Orbiliomycetes(0.9600),o:Orbiliales(0.9600),f:Orbiliaceae(0.9600),g:Clavulina(0.0100),s:Symbiotaphrina_kochii_SH021199.07FU(0.0100)	+	d:Fungi,p:Ascomycota,c:Orbiliomycetes,o:Orbiliales,f:Orbiliaceae
Otu1095	d:Fungi(1.0000),p:Ascomycota(1.0000),c:Dothideomycetes(1.0000),o:Pleosporales(1.0000),f:Leptosphaeriaceae(0.5900),g:Leptosphaeria(0.5900),s:Leptosphaeria_sclerotioides_SH206026.07FU(0.0200)	+	d:Fungi,p:Ascomycota,c:Dothideomycetes,o:Pleosporales
Otu1094	d:Fungi(1.0000),p:Ascomycota(1.0000),c:Dothideomycetes(0.9900),o:Pleosporales(0.9900),f:Didymellaceae(0.9800),g:Phoma(0.9800),s:Phoma_puncteliae_SH005849.07FU(0.9800)	+	d:Fungi,p:Ascomycota,c:Dothideomycetes,o:Pleosporales,f:Didymellaceae,g:Phoma,s:Phoma_puncteliae_SH005849.07FU
Otu1088	d:Fungi(1.0000),p:Ascomycota(1.0000),c:Dothideomycetes(1.0000),o:Pleosporales(1.0000),f:Phaeosphaeriaceae(1.0000),g:Chaetosphaeronema(0.9000)	+	d:Fungi,p:Ascomycota,c:Dothideomycetes,o:Pleosporales,f:Phaeosphaeriaceae,g:Chaetosphaeronema
Otu1096	d:Fungi(1.0000),p:Basidiomycota(1.0000),c:Agaricomycetes(1.0000),o:Auriculariales(1.0000),f:Exidiaceae(0.8900)	+	d:Fungi,p:Basidiomycota,c:Agaricomycetes,o:Auriculariales,f:Exidiaceae
Otu1098	d:Fungi(1.0000),p:Basidiomycota(0.9300),c:Cystobasidiomycetes(0.9300),o:Erythrobasidiales(0.9100),f:Erythrobasidiaceae(0.9100),g:Bannoa(0.9100),s:Bannoa_hahajimensis_SH219193.07FU(0.6900)	+	d:Fungi,p:Basidiomycota,c:Cystobasidiomycetes,o:Erythrobasidiales,f:Erythrobasidiaceae,g:Bannoa
Otu1091	d:Fungi(1.0000),p:Basidiomycota(1.0000),c:Tremellomycetes(1.0000),o:Tremellales(1.0000),f:Bulleribasidiaceae(1.0000),g:Vishniacozyma(1.0000),s:Vishniacozyma_victoriae_SH181632.07FU(1.0000)	+	d:Fungi,p:Basidiomycota,c:Tremellomycetes,o:Tremellales,f:Bulleribasidiaceae,g:Vishniacozyma,s:Vishniacozyma_victoriae_SH181632.07FU
Otu1105	d:Fungi(0.9900),p:Ascomycota(0.3500),c:Agaricomycetes(0.2200),o:Agaricales(0.1400),f:Pezizaceae(0.1200),g:Peziza(0.0800),s:Peziza_ellipsospora_SH181526.07FU(0.0400)	+	d:Fungi
Otu1100	d:Fungi(1.0000),p:Ascomycota(0.1300)	+	d:Fungi
Otu1106	d:Fungi(1.0000),p:Basidiomycota(0.8900),c:Tremellomycetes(0.8600),o:Tremellales(0.8300),f:Bulleribasidiaceae(0.8300),g:Vishniacozyma(0.8300),s:Vishniacozyma_dimennae_SH203801.07FU(0.6800)	+	d:Fungi,p:Basidiomycota,c:Tremellomycetes,o:Tremellales,f:Bulleribasidiaceae,g:Vishniacozyma
Otu1099	d:Fungi(1.0000),p:Ascomycota(1.0000),c:Dothideomycetes(1.0000),o:Pleosporales(1.0000),f:Phaeosphaeriaceae(0.4600),g:Phaeosphaeria(0.3300),s:Phoma_puncteliae_SH005849.07FU(0.0500)	+	d:Fungi,p:Ascomycota,c:Dothideomycetes,o:Pleosporales
Otu1103	d:Fungi(1.0000),p:Basidiomycota(1.0000),c:Tremellomycetes(1.0000),o:Cystofilobasidiales(1.0000),f:Mrakiaceae(0.8200),g:Mrakia(0.8200),s:Mrakia_frigida_SH202458.07FU(0.8200)	+	d:Fungi,p:Basidiomycota,c:Tremellomycetes,o:Cystofilobasidiales,f:Mrakiaceae,g:Mrakia,s:Mrakia_frigida_SH202458.07FU
Otu1102	d:Fungi(0.6300),p:Cercozoa(0.3700),c:Agaricomycetes(0.1200),o:Symbiotaphrinales(0.0900),f:Symbiotaphrinaceae(0.0900),g:Symbiotaphrina(0.0900),s:Symbiotaphrina_kochii_SH021199.07FU(0.0600)	+	
Otu1097	d:Fungi(1.0000),p:Chytridiomycota(0.0400)	+	d:Fungi
Otu1104	d:Rhizaria(0.7500),p:Cercozoa(0.7500),c:Xylonomycetes(0.1300),o:Symbiotaphrinales(0.1300),f:Symbiotaphrinaceae(0.1300),g:Symbiotaphrina(0.1300),s:Symbiotaphrina_buchneri_SH643910.07FU(0.0700)	+	
Otu1108	d:Fungi(0.9800),p:Ascomycota(0.8000),c:Pezizomycetes(0.6600),o:Pezizales(0.6600),f:Pyronemataceae(0.5900),g:Trichophaea(0.1300),s:Byssonectria_fusispora_SH215677.07FU(0.0600)	+	d:Fungi,p:Ascomycota
Otu1110	d:Fungi(1.0000),p:Ascomycota(1.0000),c:Dothideomycetes(1.0000),o:Pleosporales(1.0000),f:Lophiostomataceae(0.9900),g:Lophiostoma(0.9900),s:Lophiostoma_cynaroidis_SH216764.07FU(0.9900)	+	d:Fungi,p:Ascomycota,c:Dothideomycetes,o:Pleosporales,f:Lophiostomataceae,g:Lophiostoma,s:Lophiostoma_cynaroidis_SH216764.07FU
Otu1111	d:Rhizaria(0.9200),p:Cercozoa(0.9200)	+	d:Rhizaria,p:Cercozoa
Otu1101	d:Fungi(1.0000),p:Ascomycota(0.7200),c:Eurotiomycetes(0.2700),o:Chaetothyriales(0.1500),f:Orbiliaceae(0.0500),g:Orbilia(0.0400),s:Symbiotaphrina_kochii_SH021199.07FU(0.0200)	+	d:Fungi
Otu1117	d:Fungi(1.0000),p:Basidiomycota(0.3000),c:Agaricomycetes(0.2500),o:Sebacinales(0.1100),f:Symbiotaphrinaceae(0.1100),g:Symbiotaphrina(0.1100),s:Symbiotaphrina_kochii_SH021199.07FU(0.0700)	+	d:Fungi
Otu1109	d:Fungi(1.0000),p:Ascomycota(1.0000),c:Leotiomycetes(1.0000),o:Helotiales(1.0000),f:Helotiaceae(1.0000),g:Tetracladium(1.0000)	+	d:Fungi,p:Ascomycota,c:Leotiomycetes,o:Helotiales,f:Helotiaceae,g:Tetracladium
Otu1107	d:Fungi(1.0000),p:Ascomycota(0.5200),c:Sordariomycetes(0.5200),o:Sordariales(0.5200),f:Lasiosphaeriaceae(0.4800),g:Schizothecium(0.0500),s:Schizothecium_glutinans_SH201189.07FU(0.0400)	+	d:Fungi
Otu1113	d:Fungi(1.0000),p:Basidiomycota(0.0600),c:Cystobasidiomycetes(0.0600),o:Erythrobasidiales(0.0600),f:Erythrobasidiaceae(0.0600),g:Erythrobasidium(0.0600),s:Erythrobasidium_hasegawianum_SH194739.07FU(0.0600)	+	d:Fungi
Otu1112	d:Fungi(1.0000),p:Basidiomycota(1.0000),c:Microbotryomycetes(1.0000),o:Microbotryomycetes_ord_Incertae_sedis(0.7100),f:Microbotryomycetes_fam_Incertae_sedis(0.7100),g:Curvibasidium(0.7100),s:Curvibasidium_cygneicollum_SH289313.07FU(0.7000)	+	d:Fungi,p:Basidiomycota,c:Microbotryomycetes
Otu1114	d:Fungi(1.0000)	+	d:Fungi
Otu1116	d:Rhizaria(0.9400),p:Cercozoa(0.9400),c:Agaricomycetes(0.0200),o:Orbiliales(0.0200),f:Tricholomataceae(0.0100),g:Orbilia(0.0100),s:Veluticeps_abietina_SH197315.07FU(0.0100)	+	d:Rhizaria,p:Cercozoa
Otu1120	d:Fungi(1.0000),p:Ascomycota(1.0000),c:Sordariomycetes(1.0000),o:Sordariales(1.0000),f:Lasiosphaeriaceae(1.0000),g:Cladorrhinum(1.0000)	+	d:Fungi,p:Ascomycota,c:Sordariomycetes,o:Sordariales,f:Lasiosphaeriaceae,g:Cladorrhinum
Otu1115	d:Fungi(1.0000),p:Ascomycota(0.2700),c:Rozellomycotina_cls_Incertae_sedis(0.2300),o:GS04(0.1200),f:Symbiotaphrinaceae(0.1100),g:Symbiotaphrina(0.1100),s:Symbiotaphrina_kochii_SH021199.07FU(0.0600)	+	d:Fungi
Otu1119	d:Fungi(1.0000),p:Chytridiomycota(0.3600),c:Agaricomycetes(0.2100),o:Rhizophydiales(0.1300),f:Rhizophydiales_fam_Incertae_sedis(0.1200),g:Coralloidiomyces(0.1200),s:Coralloidiomyces_digitatus_SH461375.07FU(0.1200)	+	d:Fungi
Otu1118	d:Fungi(1.0000),p:Ascomycota(0.0100),c:Dothideomycetes(0.0100),o:Capnodiales(0.0100),f:Cladosporiaceae(0.0100),g:Cladosporium(0.0100),s:Cladosporium_grevilleae_SH176536.07FU(0.0100)	+	d:Fungi
Otu1127	d:Fungi(1.0000),p:Ascomycota(0.0300),c:Dothideomycetes(0.0100),o:Pleosporales(0.0100),f:Pleosporaceae(0.0100),g:Cladonia(0.0100),s:Alternaria_brassicicola_SH486316.07FU(0.0100)	+	d:Fungi
Otu1121	d:Fungi(1.0000),p:Basidiomycota(0.5400),c:Tremellomycetes(0.5400),o:Tremellales(0.5400),f:Bulleraceae(0.4800),g:Bullera(0.4800),s:Bullera_crocea_SH209709.07FU(0.4800)	+	d:Fungi
Otu1123	d:Fungi(1.0000),p:Ascomycota(0.8800),c:Dothideomycetes(0.7800),o:Botryosphaeriales(0.6900),f:Symbiotaphrinaceae(0.0200),g:Symbiotaphrina(0.0200),s:Symbiotaphrina_kochii_SH021199.07FU(0.0200)	+	d:Fungi,p:Ascomycota
Otu1126	d:Fungi(1.0000),p:Basidiomycota(0.7400),c:Tremellomycetes(0.7400),o:Holtermanniales(0.7400),f:Holtermanniales_fam_Incertae_sedis(0.7400),g:Holtermanniella(0.7400),s:Holtermanniella_takashimae_SH526070.07FU(0.7400)	+	d:Fungi
Otu1129	d:Fungi(1.0000),p:Ascomycota(1.0000),c:Dothideomycetes(1.0000),o:Pleosporales(1.0000),f:Didymosphaeriaceae(1.0000),g:Paraphaeosphaeria(1.0000),s:Paraphaeosphaeria_sardoa_SH092425.07FU(0.2700)	+	d:Fungi,p:Ascomycota,c:Dothideomycetes,o:Pleosporales,f:Didymosphaeriaceae,g:Paraphaeosphaeria
Otu1124	d:Fungi(1.0000),p:Basidiomycota(1.0000),c:Agaricomycetes(1.0000),o:Sebacinales(1.0000),f:Sebacinaceae(0.9700),g:Sebacina(0.6500)	+	d:Fungi,p:Basidiomycota,c:Agaricomycetes,o:Sebacinales,f:Sebacinaceae
Otu1134	d:Fungi(1.0000),p:Chytridiomycota(1.0000),c:Rhizophlyctidomycetes(1.0000),o:Rhizophlyctidales(1.0000),f:Rhizophlyctidaceae(1.0000),g:Rhizophlyctis(1.0000),s:Rhizophlyctis_rosea_SH202562.07FU(0.9900)	+	d:Fungi,p:Chytridiomycota,c:Rhizophlyctidomycetes,o:Rhizophlyctidales,f:Rhizophlyctidaceae,g:Rhizophlyctis,s:Rhizophlyctis_rosea_SH202562.07FU
Otu1131	d:Fungi(1.0000),p:Ascomycota(0.9500),c:Dothideomycetes(0.4800),o:Dothideales(0.4000),f:Dothideaceae(0.2900),g:Endoconidioma(0.2100),s:Endoconidioma_populi_SH206393.07FU(0.2100)	+	d:Fungi,p:Ascomycota
Otu1130	d:Fungi(0.9700),p:Ascomycota(0.6200),c:Xylonomycetes(0.2200),o:Symbiotaphrinales(0.2200),f:Symbiotaphrinaceae(0.2200),g:Symbiotaphrina(0.2200),s:Symbiotaphrina_kochii_SH021199.07FU(0.1400)	+	d:Fungi
Otu1132	d:Fungi(0.5300),p:Cercozoa(0.4700),c:Agaricomycetes(0.1800),o:Agaricales(0.1200),f:Inocybaceae(0.0500),g:Inocybe(0.0500),s:Symbiotaphrina_buchneri_SH643910.07FU(0.0300)	+	
Otu1122	d:Fungi(1.0000),p:Basidiomycota(0.6700),c:Tremellomycetes(0.6600),o:Tremellales(0.6600),f:Bulleribasidiaceae(0.6600),g:Dioszegia(0.6600),s:Dioszegia_hungarica_SH182099.07FU(0.6500)	+	d:Fungi
Otu1128	d:Fungi(1.0000),p:Basidiomycota(1.0000),c:Agaricomycetes(1.0000),o:Agaricales(1.0000),f:Psathyrellaceae(0.0400),g:Coprinellus(0.0300),s:Coprinellus_curtus_SH220395.07FU(0.0100)	+	d:Fungi,p:Basidiomycota,c:Agaricomycetes,o:Agaricales
Otu1125	d:Fungi(1.0000),p:Basidiomycota(0.9400),c:Agaricomycetes(0.9400),o:Polyporales(0.1400),f:Coriolaceae(0.0900),g:Trametes(0.0900),s:Favolus_grammocephalus_SH007193.07FU(0.0500)	+	d:Fungi,p:Basidiomycota,c:Agaricomycetes
Otu1133	d:Fungi(1.0000),p:Basidiomycota(1.0000),c:Agaricomycetes(1.0000),o:Agaricales(1.0000),f:Agaricaceae(0.0400),g:Coprinus(0.0400),s:Coprinus_silvaticus_SH220403.07FU(0.0400)	+	d:Fungi,p:Basidiomycota,c:Agaricomycetes,o:Agaricales
Otu1137	d:Fungi(1.0000),p:Basidiomycota(0.9900),c:Tremellomycetes(0.0400),o:Holtermanniales(0.0300),f:Holtermanniales_fam_Incertae_sedis(0.0300),g:Holtermanniella(0.0300),s:Holtermanniella_takashimae_SH190741.07FU(0.0300)	+	d:Fungi,p:Basidiomycota
Otu1138	d:Fungi(1.0000)	+	d:Fungi
Otu1135	d:Fungi(1.0000),p:Ascomycota(0.7400),c:Eurotiomycetes(0.3300),o:Chaetothyriales(0.2900),f:Herpotrichiellaceae(0.0500),g:Serendipita(0.0300),s:Ostropa_barbara_SH629532.07FU(0.0300)	+	d:Fungi
Otu1144	d:Fungi(1.0000),p:Ascomycota(1.0000),c:Leotiomycetes(1.0000),o:Helotiales(1.0000),f:Dermateaceae(1.0000),g:Oculimacula(1.0000),s:Oculimacula_yallundae_SH186778.07FU(1.0000)	+	d:Fungi,p:Ascomycota,c:Leotiomycetes,o:Helotiales,f:Dermateaceae,g:Oculimacula,s:Oculimacula_yallundae_SH186778.07FU
Otu1139	d:Fungi(1.0000),p:Ascomycota(1.0000),c:Leotiomycetes(0.1900),o:Helotiales(0.1900),f:Helotiaceae(0.1100),g:Hymenoscyphus(0.1100),s:Hymenoscyphus_caudatus_SH198450.07FU(0.0700)	+	d:Fungi,p:Ascomycota
Otu1146	d:Fungi(1.0000)	+	d:Fungi
Otu1147	d:Fungi(1.0000),p:Basidiomycota(0.9900),c:Microbotryomycetes(0.8900),o:Sporidiobolales(0.8900),f:Sporidiobolaceae(0.8900),g:Sporobolomyces(0.8900),s:Sporobolomyces_oryzicola_SH205935.07FU(0.8900)	+	d:Fungi,p:Basidiomycota,c:Microbotryomycetes,o:Sporidiobolales,f:Sporidiobolaceae,g:Sporobolomyces,s:Sporobolomyces_oryzicola_SH205935.07FU
Otu1145	d:Fungi(1.0000),p:Ascomycota(0.8200),c:Eurotiomycetes(0.4100),o:Chaetothyriales(0.4100),f:Symbiotaphrinaceae(0.2700),g:Symbiotaphrina(0.2700),s:Symbiotaphrina_kochii_SH021199.07FU(0.2700)	+	d:Fungi,p:Ascomycota
Otu1136	d:Fungi(1.0000),p:Ascomycota(0.9900),c:Leotiomycetes(0.9900),o:Helotiales(0.9900),f:Hyaloscyphaceae(0.8300),g:Trichopeziza(0.7100),s:Trichopeziza_mollissima_SH196494.07FU(0.7100)	+	d:Fungi,p:Ascomycota,c:Leotiomycetes,o:Helotiales,f:Hyaloscyphaceae
Otu1140	d:Fungi(1.0000),p:Ascomycota(1.0000),c:Dothideomycetes(1.0000),o:Pleosporales(0.0400)	+	d:Fungi,p:Ascomycota,c:Dothideomycetes
Otu1143	d:Fungi(1.0000),p:Mortierellomycota(1.0000),c:Mortierellomycetes(1.0000),o:Mortierellales(1.0000),f:Mortierellaceae(1.0000)	+	d:Fungi,p:Mortierellomycota,c:Mortierellomycetes,o:Mortierellales,f:Mortierellaceae
Otu1141	d:Fungi(1.0000),p:Ascomycota(1.0000),c:Leotiomycetes(1.0000),o:Helotiales(1.0000),f:Helotiaceae(0.8800),g:Crocicreas(0.4300),s:Tatraea_macrospora_SH493129.07FU(0.0700)	+	d:Fungi,p:Ascomycota,c:Leotiomycetes,o:Helotiales,f:Helotiaceae
Otu1150	d:Rhizaria(0.9900),p:Cercozoa(0.9900),c:Glomeromycetes(0.0100),o:Diversisporales(0.0100),f:Diversisporaceae(0.0100),g:Diversispora(0.0100),s:Diversispora_epigaea_SH196889.07FU(0.0100)	+	d:Rhizaria,p:Cercozoa
Otu1151	d:Fungi(1.0000),p:Basidiomycota(0.5600),c:Agaricomycetes(0.3400),o:Tremellales(0.1500),f:Bulleribasidiaceae(0.1400),g:Derxomyces(0.1400),s:Cryptotrichosporon_tibetense_SH533912.07FU(0.0600)	+	d:Fungi
Otu1142	d:Fungi(1.0000),p:Ascomycota(0.5200),c:Leotiomycetes(0.2700),o:Helotiales(0.2700),f:Helotiales_fam_Incertae_sedis(0.2600),g:Cadophora(0.2600),s:Cadophora_luteo-olivacea_SH092150.07FU(0.1000)	+	d:Fungi
Otu1152	d:Fungi(1.0000),p:Ascomycota(1.0000),c:Dothideomycetes(0.9700),o:Capnodiales(0.0700),f:Mycosphaerellaceae(0.0700),g:Stenella(0.0700),s:Stenella_araguata_SH631423.07FU(0.0700)	+	d:Fungi,p:Ascomycota,c:Dothideomycetes
Otu1155	d:Fungi(0.8300),p:Ascomycota(0.4700),c:Saccharomycetes(0.2800),o:Saccharomycetales(0.2800),f:Mycosphaerellaceae(0.0700),g:Stenella(0.0400),s:Stenella_araguata_SH631423.07FU(0.0400)	+	d:Fungi
Otu1149	d:Fungi(1.0000),p:Ascomycota(0.7400),c:Eurotiomycetes(0.2100),o:Chaetothyriales(0.1300),f:Herpotrichiellaceae(0.0600),g:Orbilia(0.0500),s:Astrosphaeriella_trochus_SH477356.07FU(0.0200)	+	d:Fungi
Otu1148	d:Fungi(1.0000),p:Ascomycota(0.7100),c:Leotiomycetes(0.5700),o:Helotiales(0.5700),f:Dermateaceae(0.4000),g:Calloria(0.4000),s:Calloria_urticae_SH529064.07FU(0.4000)	+	d:Fungi
Otu1158	d:Fungi(1.0000),p:Basidiomycota(0.0200),c:Tremellomycetes(0.0200),o:Filobasidiales(0.0200),f:Filobasidiaceae(0.0200),g:Filobasidium(0.0200),s:Filobasidium_chernovii_SH197624.07FU(0.0100)	+	d:Fungi
Otu1153	d:Fungi(1.0000),p:Ascomycota(0.4400),c:Sordariomycetes(0.4400),o:Sordariales(0.4400),f:Lasiosphaeriaceae(0.4200),g:Schizothecium(0.0800),s:Schizothecium_glutinans_SH201210.07FU(0.0600)	+	d:Fungi
Otu1157	d:Fungi(1.0000),p:Chytridiomycota(0.3600),c:Spizellomycetes(0.1600),o:Spizellomycetales(0.1600),f:Orbiliaceae(0.0700),g:Symbiotaphrina(0.0500),s:Symbiotaphrina_buchneri_SH643910.07FU(0.0300)	+	d:Fungi
Otu1154	d:Fungi(1.0000),p:Ascomycota(0.7900),c:Lecanoromycetes(0.2600),o:Lecanorales(0.1600),f:Parmeliaceae(0.1600),g:Radulidium(0.1400),s:Usnea_strigosa_SH003557.07FU(0.0400)	+	d:Fungi
Otu1164	d:Fungi(1.0000),p:Basidiomycota(0.1200),c:Agaricomycetes(0.0800),o:Glomerales(0.0600),f:Glomeraceae(0.0600),g:Orbilia(0.0300),s:Limacella_delicata_SH210694.07FU(0.0100)	+	d:Fungi
Otu1156	d:Fungi(1.0000),p:Chytridiomycota(0.0300),c:Chytridiomycetes(0.0100),o:Symbiotaphrinales(0.0100),f:Symbiotaphrinaceae(0.0100),g:Symbiotaphrina(0.0100),s:Symbiotaphrina_buchneri_SH643910.07FU(0.0100)	+	d:Fungi
Otu1161	d:Fungi(1.0000),p:Ascomycota(1.0000),c:Dothideomycetes(1.0000),o:Pleosporales(1.0000),f:Leptosphaeriaceae(1.0000),g:Ampelomyces(1.0000),s:Ampelomyces_quisqualis_SH206642.07FU(0.9700)	+	d:Fungi,p:Ascomycota,c:Dothideomycetes,o:Pleosporales,f:Leptosphaeriaceae,g:Ampelomyces,s:Ampelomyces_quisqualis_SH206642.07FU
Otu1160	d:Fungi(1.0000),p:Ascomycota(0.7800),c:Dothideomycetes(0.7600),o:Pleosporales(0.0400),f:Didymellaceae(0.0200),g:Phoma(0.0200),s:Phoma_puncteliae_SH005849.07FU(0.0200)	+	d:Fungi
Otu1162	d:Rhizaria(0.5600),p:Cercozoa(0.5600),c:Xylonomycetes(0.1200),o:Symbiotaphrinales(0.1200),f:Symbiotaphrinaceae(0.1200),g:Symbiotaphrina(0.1200),s:Symbiotaphrina_kochii_SH021199.07FU(0.0800)	+	
Otu1165	d:Fungi(1.0000),p:Ascomycota(1.0000),c:Orbiliomycetes(1.0000),o:Orbiliales(1.0000),f:Orbiliaceae(1.0000)	+	d:Fungi,p:Ascomycota,c:Orbiliomycetes,o:Orbiliales,f:Orbiliaceae
Otu1168	d:Fungi(1.0000),p:Basidiomycota(1.0000),c:Tremellomycetes(1.0000),o:Tremellales(0.0700),f:Bulleribasidiaceae(0.0700),g:Vishniacozyma(0.0700),s:Vishniacozyma_victoriae_SH181632.07FU(0.0400)	+	d:Fungi,p:Basidiomycota,c:Tremellomycetes
Otu1166	d:Fungi(1.0000),p:Ascomycota(1.0000),c:Sordariomycetes(1.0000),o:Sordariales(1.0000)	+	d:Fungi,p:Ascomycota,c:Sordariomycetes,o:Sordariales
Otu1163	d:Fungi(1.0000),p:Ascomycota(0.7900),c:Leotiomycetes(0.6300),o:Helotiales(0.5600),f:Helotiaceae(0.1200),g:Leohumicola(0.0800),s:Pezoloma_ericae_SH181116.07FU(0.0300)	+	d:Fungi
Otu1174	d:Fungi(1.0000),p:Mortierellomycota(0.9800),c:Mortierellomycetes(0.9800),o:Mortierellales(0.9800),f:Mortierellaceae(0.9300),g:Mortierella(0.9200),s:Mortierella_exigua_SH214063.07FU(0.7300)	+	d:Fungi,p:Mortierellomycota,c:Mortierellomycetes,o:Mortierellales,f:Mortierellaceae,g:Mortierella
Otu1172	d:Fungi(1.0000),p:Basidiomycota(0.9900),c:Agaricostilbomycetes(0.9900),o:Agaricostilbales(0.9900),f:Kondoaceae(0.9900),g:Kondoa(0.9900),s:Kondoa_changbaiensis_SH015125.07FU(0.6600)	+	d:Fungi,p:Basidiomycota,c:Agaricostilbomycetes,o:Agaricostilbales,f:Kondoaceae,g:Kondoa
Otu1175	d:Fungi(1.0000),p:Ascomycota(1.0000),c:Eurotiomycetes(1.0000),o:Chaetothyriales(1.0000),f:Herpotrichiellaceae(1.0000)	+	d:Fungi,p:Ascomycota,c:Eurotiomycetes,o:Chaetothyriales,f:Herpotrichiellaceae
Otu1170	d:Fungi(1.0000),p:Ascomycota(0.0900),c:Dothideomycetes(0.0900),o:Pleosporales(0.0900),f:Pleosporaceae(0.0900),g:Alternaria(0.0900)	+	d:Fungi
Otu1171	d:Fungi(1.0000),p:Ascomycota(1.0000),c:Dothideomycetes(1.0000),o:Capnodiales(1.0000),f:Mycosphaerellaceae(0.9900),g:Zymoseptoria(0.8000),s:Zymoseptoria_verkleyi_SH195834.07FU(0.4700)	+	d:Fungi,p:Ascomycota,c:Dothideomycetes,o:Capnodiales,f:Mycosphaerellaceae,g:Zymoseptoria
Otu1159	d:Fungi(1.0000),p:Ascomycota(0.7700),c:Dothideomycetes(0.7700),o:Pleosporales(0.5700),f:Lentitheciaceae(0.1300),g:Murilentithecium(0.1300),s:Murilentithecium_clematidis_SH531353.07FU(0.1300)	+	d:Fungi
Otu1173	d:Fungi(1.0000),p:Ascomycota(0.9400),c:Dothideomycetes(0.7600),o:Pleosporales(0.7600)	+	d:Fungi,p:Ascomycota
Otu1177	d:Fungi(1.0000),p:Ascomycota(0.8300),c:Lecanoromycetes(0.7300),o:Ostropales(0.6100),f:Stictidaceae(0.1500),g:Ostropa(0.1100),s:Ostropa_barbara_SH629532.07FU(0.1100)	+	d:Fungi,p:Ascomycota
Otu1176	d:Fungi(1.0000),p:Basidiomycota(0.8600),c:Microbotryomycetes(0.8600),o:Leucosporidiales(0.7900),f:Leucosporidiaceae(0.7700),g:Leucosporidium(0.7700),s:Leucosporidium_fragarium_SH193772.07FU(0.1700)	+	d:Fungi,p:Basidiomycota,c:Microbotryomycetes
Otu1169	d:Fungi(1.0000),p:Olpidiomycota(0.1000),c:Olpidiomycetes(0.1000),o:Olpidiales(0.1000),f:Olpidiaceae(0.0500),g:Olpidium(0.0500),s:Olpidium_brassicae_SH194417.07FU(0.0500)	+	d:Fungi
Otu1167	d:Fungi(1.0000),p:Ascomycota(1.0000),c:Sordariomycetes(1.0000),o:Myrmecridiales(1.0000),f:Myrmecridiaceae(1.0000),g:Myrmecridium(1.0000),s:Myrmecridium_thailandicum_SH218828.07FU(0.8800)	+	d:Fungi,p:Ascomycota,c:Sordariomycetes,o:Myrmecridiales,f:Myrmecridiaceae,g:Myrmecridium,s:Myrmecridium_thailandicum_SH218828.07FU
Otu1179	d:Fungi(1.0000),p:Ascomycota(1.0000),c:Dothideomycetes(0.9600),o:Pleosporales(0.9600),f:Didymellaceae(0.9000),g:Phoma(0.9000)	+	d:Fungi,p:Ascomycota,c:Dothideomycetes,o:Pleosporales,f:Didymellaceae,g:Phoma
Otu1178	d:Fungi(1.0000),p:Ascomycota(0.9700),c:Lecanoromycetes(0.9100),o:Caliciales(0.7200),f:Physciaceae(0.7200),g:Phaeophyscia(0.4300),s:Rinodina_bischoffii_SH018692.07FU(0.1600)	+	d:Fungi,p:Ascomycota,c:Lecanoromycetes
Otu1185	d:Fungi(1.0000),p:Ascomycota(0.9400),c:Leotiomycetes(0.9200),o:Helotiales(0.9200),f:Dermateaceae(0.8600),g:Oculimacula(0.8300),s:Oculimacula_yallundae_SH186778.07FU(0.7500)	+	d:Fungi,p:Ascomycota,c:Leotiomycetes,o:Helotiales,f:Dermateaceae,g:Oculimacula
Otu1180	d:Fungi(1.0000),p:Ascomycota(1.0000),c:Dothideomycetes(1.0000),o:Pleosporales(1.0000),f:Phaeosphaeriaceae(0.9900),g:Sclerostagonospora(0.9900),s:Sclerostagonospora_cycadis_SH207008.07FU(0.9900)	+	d:Fungi,p:Ascomycota,c:Dothideomycetes,o:Pleosporales,f:Phaeosphaeriaceae,g:Sclerostagonospora,s:Sclerostagonospora_cycadis_SH207008.07FU
Otu1188	d:Fungi(1.0000),p:Ascomycota(0.8700),c:Dothideomycetes(0.8700),o:Pleosporales(0.8700),f:Didymosphaeriaceae(0.6200),g:Paraphaeosphaeria(0.6000),s:Paraphaeosphaeria_sardoa_SH092425.07FU(0.2200)	+	d:Fungi,p:Ascomycota,c:Dothideomycetes,o:Pleosporales
Otu1181	d:Fungi(1.0000),p:Ascomycota(0.5500),c:Leotiomycetes(0.5500),o:Helotiales(0.5400),f:Helotiaceae(0.5200),g:Articulospora(0.4100),s:Calloria_urticae_SH529064.07FU(0.0200)	+	d:Fungi
Otu1190	d:Fungi(1.0000),p:Ascomycota(0.2500),c:Sordariomycetes(0.2300),o:Hypocreales(0.1900),f:Clavicipitaceae(0.0300),g:Phaeoacremonium(0.0200),s:Beauveria_felina_SH026161.07FU(0.0200)	+	d:Fungi
Otu1184	d:Fungi(1.0000),p:Ascomycota(0.0900),c:Eurotiomycetes(0.0500),o:Chaetothyriales(0.0500),f:Herpotrichiellaceae(0.0500),g:Coniosporium(0.0500),s:Coniosporium_apollinis_SH186605.07FU(0.0200)	+	d:Fungi
Otu1183	d:Fungi(1.0000),p:Ascomycota(1.0000),c:Leotiomycetes(1.0000),o:Erysiphales(1.0000),f:Erysiphaceae(1.0000),g:Blumeria(1.0000),s:Blumeria_graminis_SH205386.07FU(0.9700)	+	d:Fungi,p:Ascomycota,c:Leotiomycetes,o:Erysiphales,f:Erysiphaceae,g:Blumeria,s:Blumeria_graminis_SH205386.07FU
Otu1193	d:Fungi(1.0000),p:Basidiomycota(0.0300),c:Tremellomycetes(0.0300),o:Filobasidiales(0.0200),f:Filobasidiaceae(0.0200),g:Filobasidium(0.0200),s:Filobasidium_chernovii_SH197624.07FU(0.0100)	+	d:Fungi
Otu1192	d:Fungi(1.0000),p:Ascomycota(0.0900),c:Eurotiomycetes(0.0500),o:Chaetothyriales(0.0500),f:Herpotrichiellaceae(0.0500),g:Coniosporium(0.0500),s:Coniosporium_apollinis_SH186605.07FU(0.0200)	+	d:Fungi
Otu1197	d:Fungi(1.0000),p:Basidiomycota(0.0400),c:Agaricomycetes(0.0400),o:Agaricales(0.0400),f:Lyophyllaceae(0.0200),g:Termitomyces(0.0200),s:Pacispora_scintillans_SH204420.07FU(0.0100)	+	d:Fungi
Otu1194	d:Rhizaria(0.9900),p:Cercozoa(0.9900)	+	d:Rhizaria,p:Cercozoa
Otu1186	d:Fungi(1.0000),p:Ascomycota(0.9000),c:Dothideomycetes(0.9000),o:Pleosporales(0.9000),f:Pleosporales_fam_Incertae_sedis(0.9000),g:Pseudorobillarda(0.9000),s:Pseudorobillarda_phragmitis_SH526204.07FU(0.0100)	+	d:Fungi,p:Ascomycota,c:Dothideomycetes,o:Pleosporales,f:Pleosporales_fam_Incertae_sedis,g:Pseudorobillarda
Otu1189	d:Fungi(1.0000),p:Ascomycota(1.0000),c:Leotiomycetes(1.0000)	+	d:Fungi,p:Ascomycota,c:Leotiomycetes
Otu1182	d:Fungi(1.0000),p:Basidiomycota(1.0000),c:Tremellomycetes(0.0500),o:Holtermanniales(0.0300),f:Holtermanniales_fam_Incertae_sedis(0.0300),g:Holtermanniella(0.0300),s:Holtermanniella_takashimae_SH190741.07FU(0.0300)	+	d:Fungi,p:Basidiomycota
Otu1191	d:Fungi(1.0000),p:Ascomycota(0.9600),c:Dothideomycetes(0.9300),o:Capnodiales(0.9300),f:Cladosporiaceae(0.9300),g:Cladosporium(0.9300),s:Cladosporium_aphidis_SH294054.07FU(0.9300)	+	d:Fungi,p:Ascomycota,c:Dothideomycetes,o:Capnodiales,f:Cladosporiaceae,g:Cladosporium,s:Cladosporium_aphidis_SH294054.07FU
Otu1198	d:Fungi(1.0000),p:Mortierellomycota(0.9900),c:Mortierellomycetes(0.9900),o:Mortierellales(0.9900),f:Mortierellaceae(0.9500),g:Mortierella(0.4800),s:Mortierella_elongata_SH233489.07FU(0.0300)	+	d:Fungi,p:Mortierellomycota,c:Mortierellomycetes,o:Mortierellales,f:Mortierellaceae
Otu1196	d:Fungi(0.9900),p:Ascomycota(0.5300),c:Lecanoromycetes(0.2800),o:Ostropales(0.1900),f:Stictidaceae(0.0700),g:Robergea(0.0700),s:Symbiotaphrina_kochii_SH021199.07FU(0.0300)	+	d:Fungi
Otu1195	d:Fungi(1.0000),p:Ascomycota(0.7900),c:Leotiomycetes(0.6300),o:Helotiales(0.5600),f:Helotiaceae(0.1200),g:Leohumicola(0.0800),s:Pezoloma_ericae_SH181116.07FU(0.0300)	+	d:Fungi
Otu1199	d:Fungi(1.0000),p:Basidiomycota(1.0000),c:Tremellomycetes(1.0000),o:Tremellales(1.0000),f:Bulleribasidiaceae(1.0000),g:Vishniacozyma(1.0000),s:Vishniacozyma_victoriae_SH181632.07FU(1.0000)	+	d:Fungi,p:Basidiomycota,c:Tremellomycetes,o:Tremellales,f:Bulleribasidiaceae,g:Vishniacozyma,s:Vishniacozyma_victoriae_SH181632.07FU
Otu1200	d:Fungi(0.9900),p:Chytridiomycota(0.5000),c:Spizellomycetes(0.2300),o:Spizellomycetales(0.2300),f:Symbiotaphrinaceae(0.0600),g:Symbiotaphrina(0.0600),s:Symbiotaphrina_buchneri_SH643910.07FU(0.0400)	+	d:Fungi
Otu1187	d:Fungi(1.0000),p:Basidiomycota(0.0300),c:Tremellomycetes(0.0300),o:Filobasidiales(0.0200),f:Filobasidiaceae(0.0200),g:Filobasidium(0.0200),s:Filobasidium_chernovii_SH197624.07FU(0.0100)	+	d:Fungi
Otu1202	d:Fungi(0.8200),p:Basidiomycota(0.2900),c:Agaricomycetes(0.2600),o:Glomerales(0.0700),f:Glomeraceae(0.0700),g:Loweomyces(0.0500),s:Loweomyces_wynneae_SH218184.07FU(0.0500)	+	d:Fungi
Otu1205	d:Fungi(1.0000),p:Ascomycota(0.6500),c:Eurotiomycetes(0.2300),o:Symbiotaphrinales(0.1600),f:Symbiotaphrinaceae(0.1600),g:Symbiotaphrina(0.1600),s:Symbiotaphrina_kochii_SH021199.07FU(0.1500)	+	d:Fungi
Otu1207	d:Fungi(1.0000),p:Ascomycota(0.9800),c:Leotiomycetes(0.9600),o:Helotiales(0.9600),f:Dermateaceae(0.6200),g:Helgardia(0.6200),s:Helgardia_anguioides_SH186800.07FU(0.3100)	+	d:Fungi,p:Ascomycota,c:Leotiomycetes,o:Helotiales
Otu1208	d:Fungi(1.0000),p:Ascomycota(0.7300),c:Dothideomycetes(0.7300),o:Capnodiales(0.0300),f:Cladosporiaceae(0.0300),g:Rachicladosporium(0.0300),s:Rachicladosporium_luculiae_SH018822.07FU(0.0100)	+	d:Fungi
Otu1201	d:Fungi(1.0000),p:Ascomycota(0.9500),c:Leotiomycetes(0.9400),o:Helotiales(0.9400),f:Helotiales_fam_Incertae_sedis(0.6600),g:Cadophora(0.4500),s:Collembolispora_barbata_SH186791.07FU(0.0900)	+	d:Fungi,p:Ascomycota,c:Leotiomycetes,o:Helotiales
Otu1204	d:Fungi(1.0000),p:Ascomycota(0.7700),c:Dothideomycetes(0.7500),o:Pleosporales(0.0300),f:Didymellaceae(0.0200),g:Phoma(0.0200),s:Phoma_puncteliae_SH005849.07FU(0.0200)	+	d:Fungi
Otu1206	d:Fungi(1.0000),p:Ascomycota(1.0000),c:Eurotiomycetes(1.0000),o:Chaetothyriales(1.0000)	+	d:Fungi,p:Ascomycota,c:Eurotiomycetes,o:Chaetothyriales
Otu1209	d:Fungi(1.0000),p:Basidiomycota(0.5300),c:Tremellomycetes(0.5100),o:Tremellales(0.5100),f:Bulleraceae(0.4700),g:Bullera(0.4700),s:Bullera_crocea_SH209709.07FU(0.4700)	+	d:Fungi
Otu1211	d:Fungi(0.9300),p:Ascomycota(0.6800),c:Saccharomycetes(0.5400),o:Saccharomycetales(0.5400),f:Glomeraceae(0.0400),g:Trichaptum(0.0200),s:Trichaptum_biforme_SH178781.07FU(0.0200)	+	d:Fungi
Otu1213	d:Fungi(1.0000),p:Basidiomycota(0.5300),c:Tremellomycetes(0.5200),o:Tremellales(0.5200),f:Bulleraceae(0.4700),g:Bullera(0.4700),s:Bullera_crocea_SH209709.07FU(0.4700)	+	d:Fungi
Otu1203	d:Fungi(1.0000),p:Ascomycota(1.0000),c:Eurotiomycetes(1.0000),o:Chaetothyriales(1.0000),f:Herpotrichiellaceae(1.0000)	+	d:Fungi,p:Ascomycota,c:Eurotiomycetes,o:Chaetothyriales,f:Herpotrichiellaceae
Otu1219	d:Fungi(1.0000),p:Ascomycota(0.9900),c:Dothideomycetes(0.9900),o:Capnodiales(0.9900),f:Teratosphaeriaceae(0.3000),g:Devriesia(0.3000)	+	d:Fungi,p:Ascomycota,c:Dothideomycetes,o:Capnodiales
Otu1214	d:Fungi(1.0000),p:Basidiomycota(0.0200),c:Tremellomycetes(0.0200),o:Filobasidiales(0.0200),f:Filobasidiaceae(0.0200),g:Filobasidium(0.0200),s:Filobasidium_chernovii_SH197624.07FU(0.0100)	+	d:Fungi
Otu1218	d:Fungi(0.9600),p:Ascomycota(0.3500),c:Dothideomycetes(0.1800),o:Capnodiales(0.1300),f:Legeriomycetaceae(0.0800),g:Smittium(0.0600),s:Smittium_morbosum_SH471714.07FU(0.0600)	+	d:Fungi
Otu1217	d:Fungi(1.0000),p:Ascomycota(0.0900),c:Dothideomycetes(0.0900),o:Pleosporales(0.0900),f:Pleosporaceae(0.0900),g:Alternaria(0.0900)	+	d:Fungi
Otu1216	d:Fungi(1.0000),p:Basidiomycota(1.0000),c:Exobasidiomycetes(1.0000),o:Entylomatales(1.0000),f:Entylomataceae(1.0000),g:Entyloma(1.0000),s:Entyloma_chrysosplenii_SH188097.07FU(0.6600)	+	d:Fungi,p:Basidiomycota,c:Exobasidiomycetes,o:Entylomatales,f:Entylomataceae,g:Entyloma
Otu1212	d:Fungi(1.0000),p:Basidiomycota(1.0000),c:Tremellomycetes(0.0400),o:Holtermanniales(0.0300),f:Holtermanniales_fam_Incertae_sedis(0.0300),g:Holtermanniella(0.0300),s:Holtermanniella_takashimae_SH190741.07FU(0.0300)	+	d:Fungi,p:Basidiomycota
Otu1222	d:Fungi(1.0000),p:Ascomycota(0.4400),c:Sordariomycetes(0.4400),o:Sordariales(0.4400),f:Lasiosphaeriaceae(0.4200),g:Schizothecium(0.0800),s:Schizothecium_glutinans_SH201210.07FU(0.0600)	+	d:Fungi
Otu1215	d:Fungi(1.0000),p:Ascomycota(1.0000),c:Orbiliomycetes(1.0000),o:Orbiliales(1.0000),f:Orbiliaceae(1.0000),g:Orbilia(1.0000),s:Orbilia_rectispora_SH206612.07FU(1.0000)	+	d:Fungi,p:Ascomycota,c:Orbiliomycetes,o:Orbiliales,f:Orbiliaceae,g:Orbilia,s:Orbilia_rectispora_SH206612.07FU
Otu1225	d:Fungi(1.0000),p:Rozellomycota(0.2900),c:Sordariomycetes(0.0400)	+	d:Fungi
Otu1210	d:Fungi(1.0000),p:Ascomycota(0.5200),c:Sordariomycetes(0.5200),o:Sordariales(0.5200),f:Lasiosphaeriaceae(0.4800),g:Schizothecium(0.0500),s:Schizothecium_glutinans_SH201189.07FU(0.0400)	+	d:Fungi
Otu1221	d:Fungi(0.9500),p:Basidiomycota(0.3600),c:Agaricomycetes(0.2800),o:Agaricales(0.1000),f:Orbiliaceae(0.1000),g:Orbilia(0.0500),s:Dactylella_cylindrospora_SH206627.07FU(0.0400)	+	d:Fungi
Otu1220	d:Fungi(1.0000),p:Ascomycota(0.7100),c:Sordariomycetes(0.7100),o:Xylariales(0.6500),f:Hyponectriaceae(0.3200),g:Monographella(0.3200),s:Monographella_nivalis_SH213511.07FU(0.3200)	+	d:Fungi
Otu1224	d:Fungi(1.0000),p:Basidiomycota(0.8200),c:Microbotryomycetes(0.8200),o:Leucosporidiales(0.6600),f:Leucosporidiaceae(0.6300),g:Leucosporidium(0.6100),s:Leucosporidium_muscorum_SH193769.07FU(0.2300)	+	d:Fungi,p:Basidiomycota,c:Microbotryomycetes
Otu1230	d:Fungi(1.0000),p:Basidiomycota(0.9600),c:Tremellomycetes(0.9400),o:Tremellales(0.9400),f:Bulleribasidiaceae(0.9400),g:Vishniacozyma(0.9400),s:Vishniacozyma_dimennae_SH203797.07FU(0.7500)	+	d:Fungi,p:Basidiomycota,c:Tremellomycetes,o:Tremellales,f:Bulleribasidiaceae,g:Vishniacozyma
Otu1223	d:Fungi(1.0000),p:Ascomycota(0.6300),c:Sordariomycetes(0.6300),o:Sordariales(0.6300),f:Lasiosphaeriaceae(0.5900),g:Schizothecium(0.0200),s:Schizothecium_glutinans_SH201189.07FU(0.0100)	+	d:Fungi
Otu1226	d:Fungi(0.9900),p:Basidiomycota(0.0700),c:Agaricomycetes(0.0700),o:Agaricales(0.0500),f:Inocybaceae(0.0300),g:Inocybe(0.0300),s:Valsaria_lopadostomoides_SH521453.07FU(0.0100)	+	d:Fungi
Otu1227	d:Fungi(1.0000),p:Basidiomycota(1.0000),c:Tremellomycetes(1.0000),o:Tremellales(1.0000),f:Bulleribasidiaceae(1.0000),g:Vishniacozyma(1.0000),s:Vishniacozyma_victoriae_SH181632.07FU(1.0000)	+	d:Fungi,p:Basidiomycota,c:Tremellomycetes,o:Tremellales,f:Bulleribasidiaceae,g:Vishniacozyma,s:Vishniacozyma_victoriae_SH181632.07FU
Otu1228	d:Fungi(1.0000),p:Basidiomycota(1.0000),c:Agaricostilbomycetes(1.0000),o:Agaricostilbales(1.0000),f:Chionosphaeraceae(1.0000),g:Kurtzmanomyces(0.1500)	+	d:Fungi,p:Basidiomycota,c:Agaricostilbomycetes,o:Agaricostilbales,f:Chionosphaeraceae
Otu1235	d:Fungi(1.0000),p:Ascomycota(0.9900),c:Eurotiomycetes(0.9700),o:Verrucariales(0.9700),f:Verrucariaceae(0.0400),g:Catapyrenium(0.0300),s:Catapyrenium_cinereum_SH013143.07FU(0.0300)	+	d:Fungi,p:Ascomycota,c:Eurotiomycetes,o:Verrucariales
Otu1233	d:Fungi(1.0000),p:Ascomycota(1.0000),c:Dothideomycetes(1.0000),o:Pleosporales(1.0000),f:Didymosphaeriaceae(1.0000),g:Paraphaeosphaeria(1.0000),s:Paraphaeosphaeria_michotii_SH186934.07FU(1.0000)	+	d:Fungi,p:Ascomycota,c:Dothideomycetes,o:Pleosporales,f:Didymosphaeriaceae,g:Paraphaeosphaeria,s:Paraphaeosphaeria_michotii_SH186934.07FU
Otu1234	d:Fungi(1.0000),p:Ascomycota(0.9700),c:Dothideomycetes(0.9700),o:Capnodiales(0.9700),f:Teratosphaeriaceae(0.8900),g:Incertomyces(0.0300),s:Incertomyces_vagans_SH192622.07FU(0.0300)	+	d:Fungi,p:Ascomycota,c:Dothideomycetes,o:Capnodiales,f:Teratosphaeriaceae
Otu1239	d:Fungi(1.0000),p:Ascomycota(0.9800),c:Leotiomycetes(0.9800),o:Helotiales(0.9800)	+	d:Fungi,p:Ascomycota,c:Leotiomycetes,o:Helotiales
Otu1240	d:Fungi(1.0000),p:Basidiomycota(0.9700),c:Tremellomycetes(0.9400),o:Tremellales(0.9400),f:Bulleribasidiaceae(0.9400),g:Vishniacozyma(0.9400),s:Vishniacozyma_dimennae_SH203797.07FU(0.7500)	+	d:Fungi,p:Basidiomycota,c:Tremellomycetes,o:Tremellales,f:Bulleribasidiaceae,g:Vishniacozyma
Otu1229	d:Fungi(1.0000),p:Mortierellomycota(0.9900),c:Mortierellomycetes(0.9900),o:Mortierellales(0.9900),f:Mortierellaceae(0.9900),g:Mortierella(0.9500),s:Mortierella_hyalina_SH180123.07FU(0.1800)	+	d:Fungi,p:Mortierellomycota,c:Mortierellomycetes,o:Mortierellales,f:Mortierellaceae,g:Mortierella
Otu1238	d:Fungi(1.0000),p:Ascomycota(0.9700),c:Dothideomycetes(0.9600),o:Pleosporales(0.9600),f:Cucurbitariaceae(0.7700),g:Pyrenochaetopsis(0.7700),s:Pyrenochaetopsis_pratorum_SH198998.07FU(0.7700)	+	d:Fungi,p:Ascomycota,c:Dothideomycetes,o:Pleosporales
Otu1241	d:Fungi(0.8600),p:Ascomycota(0.6200),c:Saccharomycetes(0.4100),o:Saccharomycetales(0.4100),f:Mycosphaerellaceae(0.0600),g:Stenella(0.0500),s:Stenella_araguata_SH631423.07FU(0.0500)	+	d:Fungi
Otu1242	d:Fungi(0.9700),p:Ascomycota(0.4100),c:Agaricomycetes(0.2700),o:Agaricales(0.1100),f:Saccharomycetaceae(0.0800),g:Naumovozyma(0.0700),s:Naumovozyma_baii_SH223365.07FU(0.0700)	+	d:Fungi
Otu1237	d:Fungi(1.0000),p:Ascomycota(1.0000),c:Eurotiomycetes(1.0000),o:Chaetothyriales(1.0000),f:Herpotrichiellaceae(1.0000),g:Capronia(1.0000)	+	d:Fungi,p:Ascomycota,c:Eurotiomycetes,o:Chaetothyriales,f:Herpotrichiellaceae,g:Capronia
Otu1243	d:Fungi(0.9900),p:Ascomycota(0.5700),c:Agaricomycetes(0.2400),o:Pezizales(0.1900),f:Pyronemataceae(0.0700),g:Orbilia(0.0400),s:Reddellomyces_donkii_SH182875.07FU(0.0300)	+	d:Fungi
Otu1236	d:Fungi(1.0000),p:Ascomycota(1.0000),c:Sordariomycetes(1.0000)	+	d:Fungi,p:Ascomycota,c:Sordariomycetes
Otu1231	d:Fungi(1.0000),p:Ascomycota(0.8300),c:Dothideomycetes(0.8000),o:Capnodiales(0.8000),f:Capnodiales_fam_Incertae_sedis(0.3000),g:Arthrocatena(0.3000),s:Arthrocatena_tenebrio_SH200603.07FU(0.3000)	+	d:Fungi,p:Ascomycota,c:Dothideomycetes,o:Capnodiales
Otu1232	d:Fungi(1.0000),p:Basidiomycota(0.4500),c:Agaricomycetes(0.2700),o:Agaricales(0.1500),f:Endogonales_fam_Incertae_sedis(0.0800),g:Densospora(0.0800),s:Cryptotrichosporon_tibetense_SH533912.07FU(0.0700)	+	d:Fungi
Otu1247	d:Fungi(1.0000),p:Basidiomycota(0.2800),c:Agaricomycetes(0.2600),o:Glomerales(0.1400),f:Glomeraceae(0.1200),g:Entorrhiza(0.1100),s:Entorrhiza_aschersoniana_SH523879.07FU(0.0200)	+	d:Fungi
Otu1246	d:Fungi(1.0000),p:Basidiomycota(0.5600),c:Agaricomycetes(0.3300),o:Agaricales(0.1600),f:Amanitaceae(0.0500),g:Amanita(0.0500),s:Genolevuria_armeniaca_SH497080.07FU(0.0200)	+	d:Fungi
Otu1244	d:Fungi(1.0000),p:Ascomycota(1.0000),c:Dothideomycetes(1.0000),o:Pleosporales(1.0000),f:Pleosporaceae(1.0000),g:Alternaria(0.9300),s:Alternaria_multirostrata_SH292666.07FU(0.3200)	+	d:Fungi,p:Ascomycota,c:Dothideomycetes,o:Pleosporales,f:Pleosporaceae,g:Alternaria
Otu1248	d:Fungi(1.0000),p:Ascomycota(1.0000),c:Sordariomycetes(0.1700),o:Xylariales(0.1400),f:Xylariaceae(0.0600),g:Bagadiella(0.0300),s:Bagadiella_lunata_SH194249.07FU(0.0300)	+	d:Fungi,p:Ascomycota
Otu1254	d:Fungi(1.0000),p:Ascomycota(1.0000),c:Lecanoromycetes(1.0000),o:Teloschistales(1.0000),f:Teloschistaceae(1.0000),g:Xanthocarpia(0.5400),s:Xanthocarpia_crenulatella_SH025515.07FU(0.2400)	+	d:Fungi,p:Ascomycota,c:Lecanoromycetes,o:Teloschistales,f:Teloschistaceae
Otu1256	d:Fungi(1.0000),p:Chytridiomycota(0.5200),c:Agaricomycetes(0.1200),o:Agaricales(0.0500),f:Glomeraceae(0.0200),g:Serendipita(0.0200),s:Tephrocybella_griseonigrescens_SH491041.07FU(0.0200)	+	d:Fungi
Otu1249	d:Fungi(1.0000),p:Ascomycota(0.8200),c:Dothideomycetes(0.8200),o:Pleosporales(0.8200),f:Phaeosphaeriaceae(0.8200),g:Ophiosphaerella(0.8200),s:Ophiosphaerella_korrae_SH183026.07FU(0.8100)	+	d:Fungi,p:Ascomycota,c:Dothideomycetes,o:Pleosporales,f:Phaeosphaeriaceae,g:Ophiosphaerella,s:Ophiosphaerella_korrae_SH183026.07FU
Otu1250	d:Fungi(1.0000),p:Basidiomycota(1.0000),c:Tremellomycetes(1.0000),o:Tremellales(1.0000),f:Bulleribasidiaceae(0.9600),g:Vishniacozyma(0.9600),s:Vishniacozyma_tephrensis_SH085566.07FU(0.6800)	+	d:Fungi,p:Basidiomycota,c:Tremellomycetes,o:Tremellales,f:Bulleribasidiaceae,g:Vishniacozyma
Otu1255	d:Fungi(1.0000),p:Basidiomycota(1.0000),c:Microbotryomycetes(1.0000),o:Sporidiobolales(1.0000),f:Sporidiobolaceae(1.0000),g:Rhodosporidiobolus(1.0000),s:Rhodosporidiobolus_colostri_SH194503.07FU(1.0000)	+	d:Fungi,p:Basidiomycota,c:Microbotryomycetes,o:Sporidiobolales,f:Sporidiobolaceae,g:Rhodosporidiobolus,s:Rhodosporidiobolus_colostri_SH194503.07FU
Otu1258	d:Rhizaria(0.9700),p:Cercozoa(0.9700),c:Glomeromycetes(0.0100),o:Glomerales(0.0100),f:Glomeraceae(0.0100)	+	d:Rhizaria,p:Cercozoa
Otu1245	d:Fungi(1.0000),p:Ascomycota(1.0000),c:Sordariomycetes(1.0000),o:Sordariales(1.0000),f:Lasiosphaeriaceae(1.0000),g:Cladorrhinum(1.0000)	+	d:Fungi,p:Ascomycota,c:Sordariomycetes,o:Sordariales,f:Lasiosphaeriaceae,g:Cladorrhinum
Otu1257	d:Fungi(1.0000),p:Chytridiomycota(0.2700),c:Agaricomycetes(0.0900),o:Spizellomycetales(0.0600),f:Diversisporaceae(0.0400),g:Diversispora(0.0300),s:Diversispora_arenaria_SH196892.07FU(0.0200)	+	d:Fungi
Otu1251	d:Fungi(1.0000),p:Basidiomycota(0.5500),c:Agaricomycetes(0.4800),o:Cantharellales(0.2100),f:Clavulinaceae(0.0900),g:Derxomyces(0.0600),s:Derxomyces_wuzhishanensis_SH177449.07FU(0.0500)	+	d:Fungi
Otu1253	d:Fungi(1.0000),p:Ascomycota(1.0000),c:Dothideomycetes(1.0000),o:Pleosporales(1.0000)	+	d:Fungi,p:Ascomycota,c:Dothideomycetes,o:Pleosporales
Otu1260	d:Fungi(1.0000),p:Ascomycota(1.0000),c:Sordariomycetes(1.0000),o:Diaporthales(1.0000),f:Diaporthaceae(1.0000),g:Diaporthe(1.0000),s:Diaporthe_cynaroidis_SH090428.07FU(0.9700)	+	d:Fungi,p:Ascomycota,c:Sordariomycetes,o:Diaporthales,f:Diaporthaceae,g:Diaporthe,s:Diaporthe_cynaroidis_SH090428.07FU
Otu1252	d:Fungi(1.0000),p:Ascomycota(1.0000),c:Sordariomycetes(1.0000),o:Sordariales(1.0000),f:Lasiosphaeriaceae(1.0000),g:Cladorrhinum(0.9900)	+	d:Fungi,p:Ascomycota,c:Sordariomycetes,o:Sordariales,f:Lasiosphaeriaceae,g:Cladorrhinum
Otu1261	d:Rhizaria(0.8200),p:Cercozoa(0.8200),c:Agaricomycetes(0.0400),o:Agaricales(0.0200),f:Glomeraceae(0.0200),g:Tarzetta(0.0100),s:Verrucaria_funckii_SH187386.07FU(0.0100)	+	d:Rhizaria,p:Cercozoa
Otu1259	d:Fungi(1.0000),p:Basidiomycota(0.9900),c:Tremellomycetes(0.9900),o:Filobasidiales(0.9900),f:Filobasidiaceae(0.9900),g:Filobasidium(0.9900),s:Filobasidium_wieringae_SH221435.07FU(0.9900)	+	d:Fungi,p:Basidiomycota,c:Tremellomycetes,o:Filobasidiales,f:Filobasidiaceae,g:Filobasidium,s:Filobasidium_wieringae_SH221435.07FU
Otu1262	d:Fungi(1.0000),p:Ascomycota(1.0000),c:Pezizomycetes(1.0000),o:Pezizales(1.0000),f:Sarcosomataceae(0.9600)	+	d:Fungi,p:Ascomycota,c:Pezizomycetes,o:Pezizales,f:Sarcosomataceae
Otu1265	d:Fungi(1.0000),p:Basidiomycota(1.0000),c:Agaricostilbomycetes(1.0000),o:Agaricostilbales(1.0000),f:Chionosphaeraceae(1.0000),g:Kurtzmanomyces(0.1500)	+	d:Fungi,p:Basidiomycota,c:Agaricostilbomycetes,o:Agaricostilbales,f:Chionosphaeraceae
Otu1263	d:Fungi(1.0000),p:Ascomycota(1.0000),c:Dothideomycetes(1.0000),o:Pleosporales(1.0000)	+	d:Fungi,p:Ascomycota,c:Dothideomycetes,o:Pleosporales
Otu1272	d:Fungi(1.0000),p:Basidiomycota(0.9900),c:Agaricomycetes(0.9900),o:Tremellodendropsidales(0.5200),f:Amylocorticiaceae(0.0100),g:Amyloathelia(0.0100),s:Amyloathelia_crassiuscula_SH474794.07FU(0.0100)	+	d:Fungi,p:Basidiomycota,c:Agaricomycetes
Otu1270	d:Fungi(1.0000),p:Basidiomycota(0.5700),c:Agaricomycetes(0.4400),o:Agaricales(0.2000),f:Inocybaceae(0.0800),g:Inocybe(0.0800),s:Datronia_mollis_SH015311.07FU(0.0700)	+	d:Fungi
Otu1264	d:Fungi(1.0000),p:Ascomycota(1.0000),c:Leotiomycetes(1.0000)	+	d:Fungi,p:Ascomycota,c:Leotiomycetes
Otu1271	d:Fungi(0.9500),p:Basidiomycota(0.2500),c:Agaricomycetes(0.1500),o:Harpellales(0.1200),f:Legeriomycetaceae(0.1100),g:Smittium(0.1100),s:Smittium_morbosum_SH471714.07FU(0.1100)	+	d:Fungi
Otu1269	d:Fungi(1.0000),p:Basidiomycota(0.9600),c:Agaricomycetes(0.9600),o:Boletales(0.9600),f:Suillaceae(0.9600),g:Suillus(0.9600),s:Suillus_collinitus_SH176746.07FU(0.6100)	+	d:Fungi,p:Basidiomycota,c:Agaricomycetes,o:Boletales,f:Suillaceae,g:Suillus
Otu1268	d:Fungi(1.0000),p:Ascomycota(0.1800),c:Sordariomycetes(0.1800),o:Hypocreales(0.1800),f:Hypocreaceae(0.1800),g:Trichoderma(0.1800),s:Trichoderma_atroviride_SH187755.07FU(0.1800)	+	d:Fungi
Otu1267	d:Fungi(1.0000),p:Ascomycota(0.2700),c:Dothideomycetes(0.2700),o:Capnodiales(0.2700),f:Teratosphaeriaceae(0.0400),g:Devriesia(0.0400)	+	d:Fungi
Otu1273	d:Fungi(1.0000),p:Ascomycota(1.0000),c:Leotiomycetes(1.0000)	+	d:Fungi,p:Ascomycota,c:Leotiomycetes
Otu1266	d:Fungi(1.0000),p:Ascomycota(0.9800),c:Dothideomycetes(0.8700),o:Pleosporales(0.8600),f:Melanommataceae(0.8300),g:Alpinaria(0.4100),s:Alpinaria_rhododendri_SH106794.07FU(0.4100)	+	d:Fungi,p:Ascomycota,c:Dothideomycetes,o:Pleosporales,f:Melanommataceae
Otu1277	d:Fungi(1.0000),p:Chytridiomycota(0.4100),c:Xylonomycetes(0.1500),o:Symbiotaphrinales(0.1500),f:Symbiotaphrinaceae(0.1500),g:Symbiotaphrina(0.1500),s:Symbiotaphrina_buchneri_SH643910.07FU(0.1100)	+	d:Fungi
Otu1276	d:Fungi(1.0000),p:Rozellomycota(0.6000),c:Basidiobolomycetes(0.0100),o:Basidiobolales(0.0100),f:Basidiobolaceae(0.0100),g:Basidiobolus(0.0100),s:Basidiobolus_ranarum_SH002336.07FU(0.0100)	+	d:Fungi
Otu1279	d:Fungi(0.9400),p:Ascomycota(0.3800),c:Agaricomycetes(0.2400),o:Agaricales(0.1300),f:Inocybaceae(0.0700),g:Inocybe(0.0700),s:Symbiotaphrina_buchneri_SH643910.07FU(0.0400)	+	d:Fungi
Otu1275	d:Fungi(1.0000),p:Ascomycota(1.0000),c:Dothideomycetes(1.0000),o:Pleosporales(1.0000),f:Didymellaceae(1.0000)	+	d:Fungi,p:Ascomycota,c:Dothideomycetes,o:Pleosporales,f:Didymellaceae
Otu1274	d:Fungi(1.0000),p:Basidiomycota(1.0000),c:Tremellomycetes(0.4800),o:Tremellales(0.4800),f:Bulleribasidiaceae(0.4800),g:Dioszegia(0.4800),s:Dioszegia_fristingensis_SH209723.07FU(0.2800)	+	d:Fungi,p:Basidiomycota
Otu1278	d:Fungi(1.0000),p:Basidiomycota(0.5500),c:Tremellomycetes(0.5400),o:Tremellales(0.5400),f:Bulleraceae(0.4900),g:Bullera(0.4900),s:Bullera_crocea_SH209709.07FU(0.4900)	+	d:Fungi
Otu1282	d:Fungi(1.0000),p:Ascomycota(0.9700),c:Leotiomycetes(0.9200),o:Helotiales(0.9200),f:Hyaloscyphaceae(0.0500),g:Leohumicola(0.0400),s:Neofabraea_krawtzewii_SH201718.07FU(0.0100)	+	d:Fungi,p:Ascomycota,c:Leotiomycetes,o:Helotiales
Otu1280	d:Fungi(1.0000),p:Ascomycota(1.0000),c:Leotiomycetes(1.0000),o:Helotiales(1.0000),f:Helotiaceae(0.1300)	+	d:Fungi,p:Ascomycota,c:Leotiomycetes,o:Helotiales
Otu1287	d:Fungi(1.0000),p:Ascomycota(0.6300),c:Sordariomycetes(0.6300),o:Hypocreales(0.6300),f:Nectriaceae(0.6300),g:Cylindrocladiella(0.4600),s:Cylindrocladiella_cymbiformis_SH111908.07FU(0.3000)	+	d:Fungi
Otu1285	d:Fungi(1.0000),p:Basidiomycota(0.5300),c:Tremellomycetes(0.5100),o:Tremellales(0.5100),f:Bulleraceae(0.4700),g:Bullera(0.4700),s:Bullera_crocea_SH209709.07FU(0.4700)	+	d:Fungi
Otu1281	d:Fungi(1.0000),p:Mortierellomycota(0.9500),c:Mortierellomycetes(0.9500),o:Mortierellales(0.9500),f:Mortierellaceae(0.6300),g:Mortierella(0.6200),s:Mortierella_gamsii_SH180110.07FU(0.2000)	+	d:Fungi,p:Mortierellomycota,c:Mortierellomycetes,o:Mortierellales
Otu1283	d:Fungi(1.0000),p:Basidiomycota(1.0000),c:Tremellomycetes(1.0000),o:Tremellales(0.0700),f:Bulleribasidiaceae(0.0700),g:Vishniacozyma(0.0700),s:Vishniacozyma_victoriae_SH181632.07FU(0.0400)	+	d:Fungi,p:Basidiomycota,c:Tremellomycetes
Otu1288	d:Fungi(1.0000),p:Basidiomycota(0.9900),c:Tremellomycetes(0.9900),o:Filobasidiales(0.9900),f:Filobasidiaceae(0.9900),g:Filobasidium(0.9900),s:Filobasidium_wieringae_SH221435.07FU(0.9900)	+	d:Fungi,p:Basidiomycota,c:Tremellomycetes,o:Filobasidiales,f:Filobasidiaceae,g:Filobasidium,s:Filobasidium_wieringae_SH221435.07FU
Otu1289	d:Fungi(1.0000),p:Basidiomycota(0.9900),c:Agaricomycetes(0.9900),o:Tremellodendropsidales(0.5300),f:Amylocorticiaceae(0.0100),g:Amyloathelia(0.0100),s:Amyloathelia_crassiuscula_SH474794.07FU(0.0100)	+	d:Fungi,p:Basidiomycota,c:Agaricomycetes
Otu1292	d:Fungi(1.0000),p:Ascomycota(1.0000),c:Eurotiomycetes(1.0000),o:Verrucariales(1.0000),f:Verrucariaceae(0.9900),g:Verrucaria(0.6300),s:Verrucaria_funckii_SH187386.07FU(0.4300)	+	d:Fungi,p:Ascomycota,c:Eurotiomycetes,o:Verrucariales,f:Verrucariaceae
Otu1284	d:Fungi(1.0000),p:Basidiomycota(0.7300),c:Agaricomycetes(0.5200),o:Agaricales(0.1900),f:Clavulinaceae(0.1100),g:Clavulina(0.0900),s:Clavulina_sprucei_SH210344.07FU(0.0600)	+	d:Fungi
Otu1290	d:Fungi(1.0000),p:Ascomycota(0.9800),c:Dothideomycetes(0.9400),o:Pezizales(0.0100),f:Sarcoscyphaceae(0.0100),g:Microstoma(0.0100),s:Microstoma_floccosum_SH016178.07FU(0.0100)	+	d:Fungi,p:Ascomycota,c:Dothideomycetes
Otu1286	d:Fungi(1.0000),p:Ascomycota(0.8600),c:Dothideomycetes(0.8600),o:Pleosporales(0.8600),f:Phaeosphaeriaceae(0.7100),g:Parastagonospora(0.4300),s:Sclerostagonospora_opuntiae_SH182980.07FU(0.1400)	+	d:Fungi,p:Ascomycota,c:Dothideomycetes,o:Pleosporales
Otu1295	d:Fungi(1.0000),p:Ascomycota(0.9500),c:Sordariomycetes(0.9000),o:Hypocreales(0.8900),f:Clavicipitaceae(0.2200),g:Dialonectria(0.0600),s:Dialonectria_ullevolea_SH207581.07FU(0.0600)	+	d:Fungi,p:Ascomycota,c:Sordariomycetes,o:Hypocreales
Otu1293	d:Fungi(1.0000),p:Basidiomycota(1.0000),c:Microbotryomycetes(1.0000),o:Microbotryales(1.0000),f:Ustilentylomataceae(1.0000),g:Microbotryozyma(1.0000)	+	d:Fungi,p:Basidiomycota,c:Microbotryomycetes,o:Microbotryales,f:Ustilentylomataceae,g:Microbotryozyma
Otu1298	d:Fungi(0.9900),p:Ascomycota(0.3400),c:Agaricomycetes(0.2400),o:Pezizales(0.1300),f:Pezizaceae(0.1200),g:Peziza(0.0800),s:Peziza_ellipsospora_SH181526.07FU(0.0400)	+	d:Fungi
Otu1296	d:Fungi(1.0000),p:Basidiomycota(0.5300),c:Tremellomycetes(0.5100),o:Tremellales(0.5100),f:Bulleraceae(0.4700),g:Bullera(0.4700),s:Bullera_crocea_SH209709.07FU(0.4700)	+	d:Fungi
Otu1297	d:Fungi(1.0000),p:Ascomycota(1.0000),c:Eurotiomycetes(1.0000),o:Chaetothyriales(1.0000),f:Herpotrichiellaceae(0.7700),g:Knufia(0.0700),s:Knufia_perforans_SH180466.07FU(0.0100)	+	d:Fungi,p:Ascomycota,c:Eurotiomycetes,o:Chaetothyriales
Otu1300	d:Fungi(1.0000),p:Ascomycota(0.3400),c:Glomeromycetes(0.1600),o:Diversisporales(0.1200),f:Acaulosporaceae(0.1200),g:Acaulospora(0.0900),s:Acaulospora_pustulata_SH174289.07FU(0.0300)	+	d:Fungi
Otu1291	d:Fungi(1.0000),p:Ascomycota(0.7800),c:Dothideomycetes(0.7800),o:Pleosporales(0.7800),f:Lophiostomataceae(0.7600),g:Lophiostoma(0.7600)	+	d:Fungi
Otu1299	d:Fungi(1.0000),p:Ascomycota(0.2500),c:Agaricomycetes(0.2000),o:Agaricales(0.0800),f:Cortinariaceae(0.0500),g:Cortinarius(0.0400),s:Symbiotaphrina_kochii_SH021199.07FU(0.0300)	+	d:Fungi
Otu1302	d:Fungi(1.0000),p:Ascomycota(0.6500)	+	d:Fungi
Otu1306	d:Fungi(1.0000),p:Chytridiomycota(1.0000),c:Rhizophydiomycetes(1.0000),o:Rhizophydiales(1.0000),f:Rhizophydiaceae(1.0000),g:Rhizophydium(1.0000)	+	d:Fungi,p:Chytridiomycota,c:Rhizophydiomycetes,o:Rhizophydiales,f:Rhizophydiaceae,g:Rhizophydium
Otu1294	d:Fungi(1.0000),p:Ascomycota(0.0900),c:Dothideomycetes(0.0900),o:Pleosporales(0.0900),f:Pleosporaceae(0.0900),g:Alternaria(0.0900)	+	d:Fungi
Otu1303	d:Fungi(1.0000),p:Basidiomycota(0.9700),c:Tremellomycetes(0.9400),o:Tremellales(0.9400),f:Bulleribasidiaceae(0.9400),g:Vishniacozyma(0.9400),s:Vishniacozyma_dimennae_SH203797.07FU(0.7500)	+	d:Fungi,p:Basidiomycota,c:Tremellomycetes,o:Tremellales,f:Bulleribasidiaceae,g:Vishniacozyma
Otu1305	d:Fungi(1.0000),p:Ascomycota(0.0100),c:Sordariomycetes(0.0100),o:Hypocreales(0.0100)	+	d:Fungi
Otu1307	d:Fungi(1.0000),p:Ascomycota(0.4400),c:Dothideomycetes(0.4200),o:Pleosporales(0.4100),f:Phaeosphaeriaceae(0.0200),g:Trichophaea(0.0100),s:Trichophaea_woolhopeia_SH215396.07FU(0.0100)	+	d:Fungi
Otu1311	d:Fungi(1.0000),p:Ascomycota(1.0000),c:Eurotiomycetes(1.0000),o:Chaetothyriales(1.0000),f:Herpotrichiellaceae(0.9600),g:Exophiala(0.9600)	+	d:Fungi,p:Ascomycota,c:Eurotiomycetes,o:Chaetothyriales,f:Herpotrichiellaceae,g:Exophiala
Otu1304	d:Fungi(1.0000),p:Ascomycota(1.0000),c:Sordariomycetes(1.0000),o:Hypocreales(1.0000),f:Hypocreales_fam_Incertae_sedis(1.0000),g:Sarocladium(1.0000),s:Sarocladium_strictum_SH210203.07FU(0.7500)	+	d:Fungi,p:Ascomycota,c:Sordariomycetes,o:Hypocreales,f:Hypocreales_fam_Incertae_sedis,g:Sarocladium
Otu1301	d:Fungi(1.0000),p:Ascomycota(0.4400),c:Sordariomycetes(0.4400),o:Sordariales(0.4400),f:Lasiosphaeriaceae(0.4200),g:Schizothecium(0.0800),s:Schizothecium_glutinans_SH201210.07FU(0.0600)	+	d:Fungi
Otu1313	d:Fungi(0.7700),p:Ascomycota(0.3300),c:Agaricomycetes(0.1000),o:Symbiotaphrinales(0.0900),f:Symbiotaphrinaceae(0.0900),g:Symbiotaphrina(0.0900),s:Symbiotaphrina_kochii_SH021199.07FU(0.0800)	+	
Otu1308	d:Fungi(1.0000),p:Basidiomycota(0.8700),c:Microbotryomycetes(0.8700),o:Sporidiobolales(0.8700),f:Sporidiobolaceae(0.8700),g:Sporobolomyces(0.8700),s:Sporobolomyces_ruberrimus_SH194976.07FU(0.8700)	+	d:Fungi,p:Basidiomycota,c:Microbotryomycetes,o:Sporidiobolales,f:Sporidiobolaceae,g:Sporobolomyces,s:Sporobolomyces_ruberrimus_SH194976.07FU
Otu1315	d:Rhizaria(0.7600),p:Cercozoa(0.7600),c:Agaricomycetes(0.0600),o:Agaricales(0.0200),f:Mortierellaceae(0.0200),g:Mortierella(0.0200),s:Lambertella_palmeri_SH533936.07FU(0.0100)	+	
Otu1310	d:Fungi(1.0000),p:Basidiomycota(0.8600),c:Tremellomycetes(0.8600),o:Filobasidiales(0.8600),f:Filobasidiaceae(0.8600),g:Naganishia(0.8600),s:Naganishia_liquefaciens_SH405381.07FU(0.6000)	+	d:Fungi,p:Basidiomycota,c:Tremellomycetes,o:Filobasidiales,f:Filobasidiaceae,g:Naganishia
Otu1312	d:Fungi(1.0000),p:Ascomycota(1.0000),c:Eurotiomycetes(1.0000),o:Verrucariales(1.0000),f:Verrucariaceae(0.0100),g:Catapyrenium(0.0100),s:Catapyrenium_cinereum_SH013143.07FU(0.0100)	+	d:Fungi,p:Ascomycota,c:Eurotiomycetes,o:Verrucariales
Otu1309	d:Fungi(1.0000),p:Ascomycota(0.9900),c:Leotiomycetes(0.9400),o:Erysiphales(0.9400),f:Erysiphaceae(0.9400),g:Sawadaea(0.8600),s:Sawadaea_bicornis_SH178720.07FU(0.7900)	+	d:Fungi,p:Ascomycota,c:Leotiomycetes,o:Erysiphales,f:Erysiphaceae,g:Sawadaea
Otu1314	d:Fungi(1.0000),p:Basidiomycota(0.2500),c:Tremellomycetes(0.2400),o:Tremellales(0.2400),f:Bulleraceae(0.1900),g:Bullera(0.1900),s:Bullera_crocea_SH209709.07FU(0.1900)	+	d:Fungi
Otu1317	d:Fungi(0.9800),p:Ascomycota(0.2700),c:Agaricomycetes(0.1400),o:Pleosporales(0.0900),f:Symbiotaphrinaceae(0.0600),g:Symbiotaphrina(0.0600),s:Massaria_macra_SH181420.07FU(0.0500)	+	d:Fungi
Otu1316	d:Fungi(1.0000),p:Basidiomycota(0.9900),c:Tremellomycetes(0.0400),o:Holtermanniales(0.0300),f:Holtermanniales_fam_Incertae_sedis(0.0300),g:Holtermanniella(0.0300),s:Holtermanniella_takashimae_SH190741.07FU(0.0300)	+	d:Fungi,p:Basidiomycota
Otu1319	d:Fungi(1.0000),p:Ascomycota(1.0000),c:Dothideomycetes(1.0000),o:Pleosporales(1.0000),f:Pleosporaceae(1.0000),g:Pyrenophora(1.0000),s:Pyrenophora_bromi_SH193144.07FU(1.0000)	+	d:Fungi,p:Ascomycota,c:Dothideomycetes,o:Pleosporales,f:Pleosporaceae,g:Pyrenophora,s:Pyrenophora_bromi_SH193144.07FU
Otu1320	d:Fungi(0.9900),p:Chytridiomycota(0.4700),c:Agaricomycetes(0.1200),o:Spizellomycetales(0.0500),f:Glomeraceae(0.0300),g:Synchytrium(0.0300),s:Symbiotaphrina_kochii_SH021199.07FU(0.0200)	+	d:Fungi
Otu1321	d:Fungi(1.0000),p:Ascomycota(0.9900),c:Lecanoromycetes(0.9900),o:Lecanorales(0.9900),f:Ramalinaceae(0.9900),g:Bacidina(0.9700),s:Bacidina_adastra_SH026963.07FU(0.9400)	+	d:Fungi,p:Ascomycota,c:Lecanoromycetes,o:Lecanorales,f:Ramalinaceae,g:Bacidina,s:Bacidina_adastra_SH026963.07FU
Otu1327	d:Fungi(0.6200),p:Cercozoa(0.3800),c:Agaricomycetes(0.2000),o:Agaricales(0.1600),f:Cortinariaceae(0.0500),g:Cortinarius(0.0500),s:Psathyrella_sulcatotuberculosa_SH523263.07FU(0.0200)	+	
Otu1328	d:Fungi(0.9800),p:Basidiomycota(0.3900),c:Agaricomycetes(0.3500),o:Agaricales(0.2900),f:Hygrophoraceae(0.2800),g:Symbiotaphrina(0.1100),s:Davidiella_rosigena_SH016560.07FU(0.0900)	+	d:Fungi
Otu1322	d:Fungi(1.0000),p:Basidiomycota(0.7500),c:Agaricomycetes(0.7400),o:Polyporales(0.0900),f:Meruliaceae(0.0500),g:Phlebia(0.0400),s:Phlebia_acanthocystis_SH192459.07FU(0.0300)	+	d:Fungi
Otu1326	d:Fungi(1.0000),p:Ascomycota(0.0600),c:Sordariomycetes(0.0600),o:Glomerellales(0.0600),f:Plectosphaerellaceae(0.0600),g:Plectosphaerella(0.0600),s:Plectosphaerella_cucumerina_SH527845.07FU(0.0500)	+	d:Fungi
Otu1324	d:Fungi(1.0000),p:Basidiomycota(1.0000),c:Tremellomycetes(1.0000),o:Tremellales(1.0000),f:Bulleribasidiaceae(1.0000),g:Vishniacozyma(1.0000),s:Vishniacozyma_victoriae_SH181632.07FU(1.0000)	+	d:Fungi,p:Basidiomycota,c:Tremellomycetes,o:Tremellales,f:Bulleribasidiaceae,g:Vishniacozyma,s:Vishniacozyma_victoriae_SH181632.07FU
Otu1318	d:Fungi(1.0000),p:Ascomycota(1.0000),c:Dothideomycetes(0.8700),o:Capnodiales(0.8700),f:Mycosphaerellaceae(0.8700),g:Cercospora(0.5400),s:Cercospora_coniogrammes_SH278817.07FU(0.5400)	+	d:Fungi,p:Ascomycota,c:Dothideomycetes,o:Capnodiales,f:Mycosphaerellaceae
Otu1325	d:Fungi(1.0000),p:Ascomycota(0.1100)	+	d:Fungi
Otu1330	d:Fungi(1.0000),p:Ascomycota(1.0000),c:Sordariomycetes(1.0000)	+	d:Fungi,p:Ascomycota,c:Sordariomycetes
Otu1323	d:Fungi(1.0000),p:Basidiomycota(0.9900),c:Tremellomycetes(0.0400),o:Holtermanniales(0.0300),f:Holtermanniales_fam_Incertae_sedis(0.0300),g:Holtermanniella(0.0300),s:Holtermanniella_takashimae_SH190741.07FU(0.0300)	+	d:Fungi,p:Basidiomycota
Otu1332	d:Fungi(1.0000),p:Ascomycota(0.8100),c:Eurotiomycetes(0.4300),o:Chaetothyriales(0.4200),f:Symbiotaphrinaceae(0.2800),g:Symbiotaphrina(0.2800),s:Symbiotaphrina_kochii_SH021199.07FU(0.2700)	+	d:Fungi,p:Ascomycota
Otu1329	d:Fungi(1.0000),p:Basidiomycota(1.0000),c:Agaricomycetes(1.0000),o:Sebacinales(1.0000),f:Serendipitaceae(0.0200),g:Serendipita(0.0200)	+	d:Fungi,p:Basidiomycota,c:Agaricomycetes,o:Sebacinales
Otu1331	d:Fungi(1.0000),p:Ascomycota(0.9800),c:Sordariomycetes(0.9800),o:Sordariales(0.9800),f:Lasiosphaeriaceae(0.9800),g:Schizothecium(0.9800),s:Schizothecium_conicum_SH201185.07FU(0.9400)	+	d:Fungi,p:Ascomycota,c:Sordariomycetes,o:Sordariales,f:Lasiosphaeriaceae,g:Schizothecium,s:Schizothecium_conicum_SH201185.07FU
Otu1334	d:Fungi(1.0000),p:Chytridiomycota(0.4500),c:Agaricomycetes(0.1800),o:Agaricales(0.0500),f:Hygrophoraceae(0.0300),g:Cora(0.0300),s:Kondoa_changbaiensis_SH496897.07FU(0.0300)	+	d:Fungi
Otu1338	d:Fungi(1.0000),p:Ascomycota(1.0000),c:Sordariomycetes(1.0000),o:Hypocreales(1.0000),f:Hypocreales_fam_Incertae_sedis(1.0000),g:Sarocladium(1.0000),s:Sarocladium_strictum_SH210203.07FU(0.7500)	+	d:Fungi,p:Ascomycota,c:Sordariomycetes,o:Hypocreales,f:Hypocreales_fam_Incertae_sedis,g:Sarocladium
Otu1333	d:Fungi(1.0000),p:Ascomycota(1.0000),c:Dothideomycetes(1.0000),o:Pleosporales(1.0000),f:Phaeosphaeriaceae(1.0000),g:Wojnowicia(1.0000),s:Wojnowicia_dactylidicola_SH492546.07FU(1.0000)	+	d:Fungi,p:Ascomycota,c:Dothideomycetes,o:Pleosporales,f:Phaeosphaeriaceae,g:Wojnowicia,s:Wojnowicia_dactylidicola_SH492546.07FU
Otu1340	d:Fungi(0.7700),p:Basidiomycota(0.2700),c:Agaricomycetes(0.2500),o:Diversisporales(0.0900),f:Glomeraceae(0.0700),g:Sebacina(0.0400),s:Loweomyces_wynneae_SH218184.07FU(0.0400)	+	
Otu1339	d:Eukaryota_kgd_Incertae_sedis(0.6200),p:Ascomycota(0.2900),c:Pezizomycetes(0.2900),o:Pezizales(0.0100),f:Pezizaceae(0.0100),g:Oedocephalum(0.0100),s:Oedocephalum_adhaerens_SH012800.07FU(0.0100)	+	
Otu1337	d:Fungi(1.0000),p:Basidiomycota(0.5400),c:Tremellomycetes(0.5400),o:Tremellales(0.5400),f:Bulleraceae(0.4800),g:Bullera(0.4800),s:Bullera_crocea_SH209709.07FU(0.4800)	+	d:Fungi
Otu1342	d:Fungi(1.0000),p:Basidiomycota(0.0100),c:Agaricomycetes(0.0100),o:Agaricales(0.0100),f:Agaricaceae(0.0100),g:Leucoagaricus(0.0100),s:Leucoagaricus_sardous_SH631083.07FU(0.0100)	+	d:Fungi
Otu1336	d:Fungi(1.0000),p:Ascomycota(0.9700),c:Eurotiomycetes(0.9700),o:Verrucariales(0.9600),f:Verrucariaceae(0.9000),g:Verrucaria(0.2200),s:Verruculopsis_lecideoides_SH008658.07FU(0.0500)	+	d:Fungi,p:Ascomycota,c:Eurotiomycetes,o:Verrucariales,f:Verrucariaceae
Otu1335	d:Fungi(1.0000),p:Ascomycota(1.0000),c:Eurotiomycetes(1.0000),o:Chaetothyriales(1.0000),f:Herpotrichiellaceae(1.0000),g:Exophiala(0.8600),s:Veronaea_compacta_SH197655.07FU(0.1200)	+	d:Fungi,p:Ascomycota,c:Eurotiomycetes,o:Chaetothyriales,f:Herpotrichiellaceae,g:Exophiala
Otu1343	d:Fungi(1.0000),p:Basidiomycota(0.9900),c:Agaricomycetes(0.9900),o:Russulales(0.9700),f:Bondarzewiaceae(0.9700),g:Heterobasidion(0.9700),s:Heterobasidion_abietinum_SH201106.07FU(0.8100)	+	d:Fungi,p:Basidiomycota,c:Agaricomycetes,o:Russulales,f:Bondarzewiaceae,g:Heterobasidion,s:Heterobasidion_abietinum_SH201106.07FU
Otu1345	d:Fungi(1.0000)	+	d:Fungi
Otu1344	d:Fungi(1.0000),p:Basidiomycota(1.0000),c:Tremellomycetes(0.4000),o:Tremellales(0.4000),f:Bulleribasidiaceae(0.4000),g:Dioszegia(0.4000),s:Dioszegia_fristingensis_SH209723.07FU(0.3100)	+	d:Fungi,p:Basidiomycota
Otu1346	d:Fungi(1.0000),p:Basidiomycota(1.0000),c:Tremellomycetes(1.0000),o:Tremellales(0.0700),f:Bulleribasidiaceae(0.0700),g:Vishniacozyma(0.0700),s:Vishniacozyma_victoriae_SH181632.07FU(0.0400)	+	d:Fungi,p:Basidiomycota,c:Tremellomycetes
Otu1341	d:Fungi(1.0000),p:Basidiomycota(0.2600),c:Tremellomycetes(0.2400),o:Tremellales(0.2400),f:Bulleraceae(0.1900),g:Bullera(0.1900),s:Bullera_crocea_SH209709.07FU(0.1900)	+	d:Fungi
Otu1355	d:Rhizaria(0.6400),p:Cercozoa(0.6400),c:Glomeromycetes(0.1000),o:Glomerales(0.0500),f:Saccharomycetaceae(0.0400),g:Kazachstania(0.0400),s:Kazachstania_aquatica_SH456370.07FU(0.0400)	+	
Otu1349	d:Fungi(1.0000),p:Basidiomycota(0.0200),c:Tremellomycetes(0.0200),o:Filobasidiales(0.0200),f:Filobasidiaceae(0.0200),g:Filobasidium(0.0200),s:Filobasidium_chernovii_SH197624.07FU(0.0100)	+	d:Fungi
Otu1348	d:Fungi(1.0000),p:Ascomycota(0.9000),c:Eurotiomycetes(0.4000),o:Verrucariales(0.2900),f:Symbiotaphrinaceae(0.2600),g:Symbiotaphrina(0.2600),s:Symbiotaphrina_kochii_SH021199.07FU(0.2300)	+	d:Fungi,p:Ascomycota
Otu1347	d:Fungi(1.0000),p:Ascomycota(1.0000),c:Dothideomycetes(0.9900),o:Capnodiales(0.9900),f:Mycosphaerellaceae(0.9900),g:Zymoseptoria(0.9200),s:Zymoseptoria_verkleyi_SH195834.07FU(0.7700)	+	d:Fungi,p:Ascomycota,c:Dothideomycetes,o:Capnodiales,f:Mycosphaerellaceae,g:Zymoseptoria
Otu1352	d:Fungi(1.0000),p:Ascomycota(1.0000),c:Sordariomycetes(0.9900),o:Myrmecridiales(0.9800),f:Myrmecridiaceae(0.9800),g:Myrmecridium(0.9800),s:Myrmecridium_banksiae_SH130958.07FU(0.9600)	+	d:Fungi,p:Ascomycota,c:Sordariomycetes,o:Myrmecridiales,f:Myrmecridiaceae,g:Myrmecridium,s:Myrmecridium_banksiae_SH130958.07FU
Otu1357	d:Fungi(1.0000),p:Chytridiomycota(0.6300),c:Agaricomycetes(0.1100),o:Spizellomycetales(0.0500),f:Symbiotaphrinaceae(0.0300),g:Symbiotaphrina(0.0300),s:Sacculospora_baltica_SH629695.07FU(0.0200)	+	d:Fungi
Otu1351	d:Fungi(1.0000),p:Ascomycota(1.0000),c:Saccharomycetes(0.0100),o:Saccharomycetales(0.0100),f:Saccharomycetales_fam_Incertae_sedis(0.0100),g:Macrorhabdus(0.0100),s:Macrorhabdus_ornithogaster_SH472876.07FU(0.0100)	+	d:Fungi,p:Ascomycota
Otu1350	d:Fungi(1.0000),p:Ascomycota(0.0100)	+	d:Fungi
Otu1353	d:Fungi(1.0000),p:Ascomycota(0.4700),c:Dothideomycetes(0.4600),o:Pleosporales(0.4600),f:Phaeosphaeriaceae(0.0300),g:Phaeosphaeria(0.0100),s:Phaeosphaeriopsis_agapanthi_SH640228.07FU(0.0100)	+	d:Fungi
Otu1354	d:Fungi(1.0000),p:Basidiomycota(1.0000),c:Cystobasidiomycetes(1.0000),o:Cystobasidiomycetes_ord_Incertae_sedis(1.0000),f:Buckleyzymaceae(0.9900),g:Buckleyzyma(0.9900),s:Buckleyzyma_aurantiaca_SH207116.07FU(0.9900)	+	d:Fungi,p:Basidiomycota,c:Cystobasidiomycetes,o:Cystobasidiomycetes_ord_Incertae_sedis,f:Buckleyzymaceae,g:Buckleyzyma,s:Buckleyzyma_aurantiaca_SH207116.07FU
Otu1362	d:Fungi(1.0000),p:Ascomycota(0.8100),c:Dothideomycetes(0.7700),o:Capnodiales(0.7700),f:Teratosphaeriaceae(0.5100),g:Penidiella(0.1100),s:Penidiella_aggregata_SH025638.07FU(0.1100)	+	d:Fungi,p:Ascomycota
Otu1358	d:Fungi(1.0000),p:Ascomycota(0.9800),c:Leotiomycetes(0.9300),o:Helotiales(0.9300),f:Dermateaceae(0.8700),g:Oculimacula(0.8600),s:Oculimacula_yallundae_SH186778.07FU(0.8500)	+	d:Fungi,p:Ascomycota,c:Leotiomycetes,o:Helotiales,f:Dermateaceae,g:Oculimacula,s:Oculimacula_yallundae_SH186778.07FU
Otu1356	d:Fungi(1.0000),p:Ascomycota(0.7900),c:Leotiomycetes(0.7600),o:Helotiales(0.7200),f:Helotiaceae(0.3400),g:Articulospora(0.3400),s:Calloria_urticae_SH529064.07FU(0.2400)	+	d:Fungi
Otu1367	d:Rhizaria(0.6600),p:Cercozoa(0.6600),c:Saccharomycetes(0.0800),o:Saccharomycetales(0.0800),f:Saccharomycetaceae(0.0800),g:Kazachstania(0.0700),s:Kazachstania_aquatica_SH456370.07FU(0.0700)	+	
Otu1360	d:Fungi(1.0000),p:Chytridiomycota(0.2000),c:Spizellomycetes(0.1000),o:Spizellomycetales(0.1000),f:Rhizophlyctidaceae(0.0100),g:Rhizophlyctis(0.0100),s:Synchytrium_papillatum_SH487289.07FU(0.0100)	+	d:Fungi
Otu1361	d:Fungi(1.0000),p:Basidiomycota(0.9700),c:Tremellomycetes(0.9600),o:Cystofilobasidiales(0.9400),f:Mrakiaceae(0.8200),g:Mrakia(0.8200),s:Mrakia_frigida_SH202458.07FU(0.8200)	+	d:Fungi,p:Basidiomycota,c:Tremellomycetes,o:Cystofilobasidiales,f:Mrakiaceae,g:Mrakia,s:Mrakia_frigida_SH202458.07FU
Otu1359	d:Fungi(1.0000),p:Ascomycota(1.0000),c:Dothideomycetes(1.0000),o:Pleosporales(1.0000),f:Leptosphaeriaceae(1.0000),g:Leptosphaeria(1.0000)	+	d:Fungi,p:Ascomycota,c:Dothideomycetes,o:Pleosporales,f:Leptosphaeriaceae,g:Leptosphaeria
Otu1363	d:Fungi(1.0000),p:Basidiomycota(1.0000),c:Tremellomycetes(1.0000),o:Filobasidiales(0.9800),f:Piskurozymaceae(0.9800),g:Solicoccozyma(0.9800),s:Solicoccozyma_terrea_SH190018.07FU(0.9700)	+	d:Fungi,p:Basidiomycota,c:Tremellomycetes,o:Filobasidiales,f:Piskurozymaceae,g:Solicoccozyma,s:Solicoccozyma_terrea_SH190018.07FU
Otu1366	d:Fungi(1.0000),p:Basidiomycota(0.9900),c:Tremellomycetes(0.9900),o:Filobasidiales(0.9900),f:Filobasidiaceae(0.9900),g:Filobasidium(0.9900),s:Filobasidium_wieringae_SH221435.07FU(0.9900)	+	d:Fungi,p:Basidiomycota,c:Tremellomycetes,o:Filobasidiales,f:Filobasidiaceae,g:Filobasidium,s:Filobasidium_wieringae_SH221435.07FU
Otu1370	d:Fungi(1.0000),p:Ascomycota(1.0000),c:Dothideomycetes(1.0000),o:Pleosporales(1.0000),f:Phaeosphaeriaceae(0.9500),g:Paraphoma(0.9500),s:Paraphoma_chrysanthemicola_SH211091.07FU(0.8500)	+	d:Fungi,p:Ascomycota,c:Dothideomycetes,o:Pleosporales,f:Phaeosphaeriaceae,g:Paraphoma,s:Paraphoma_chrysanthemicola_SH211091.07FU
Otu1368	d:Fungi(1.0000),p:Ascomycota(1.0000),c:Eurotiomycetes(1.0000),o:Verrucariales(1.0000),f:Verrucariaceae(1.0000),g:Agonimia(0.7500),s:Agonimia_vouauxii_SH014401.07FU(0.7500)	+	d:Fungi,p:Ascomycota,c:Eurotiomycetes,o:Verrucariales,f:Verrucariaceae
Otu1365	d:Fungi(1.0000),p:Basidiomycota(1.0000),c:Agaricomycetes(1.0000),o:Sebacinales(1.0000),f:Serendipitaceae(0.0300),g:Serendipita(0.0300)	+	d:Fungi,p:Basidiomycota,c:Agaricomycetes,o:Sebacinales
Otu1364	d:Fungi(1.0000),p:Olpidiomycota(0.1000),c:Olpidiomycetes(0.1000),o:Olpidiales(0.1000),f:Olpidiaceae(0.0500),g:Olpidium(0.0500),s:Olpidium_brassicae_SH194417.07FU(0.0500)	+	d:Fungi
Otu1369	d:Fungi(1.0000),p:Basidiomycota(0.4900),c:Tremellomycetes(0.4900),o:Tremellales(0.4900),f:Bulleraceae(0.4400),g:Bullera(0.4400),s:Bullera_crocea_SH209709.07FU(0.4400)	+	d:Fungi
Otu1374	d:Fungi(1.0000),p:Ascomycota(1.0000),c:Lecanoromycetes(1.0000),o:Teloschistales(1.0000),f:Teloschistaceae(1.0000)	+	d:Fungi,p:Ascomycota,c:Lecanoromycetes,o:Teloschistales,f:Teloschistaceae
Otu1371	d:Fungi(1.0000),p:Basidiomycota(0.5100),c:Tremellomycetes(0.4900),o:Tremellales(0.4900),f:Bulleraceae(0.4400),g:Bullera(0.4400),s:Bullera_crocea_SH209709.07FU(0.4400)	+	d:Fungi
Otu1376	d:Fungi(1.0000)	+	d:Fungi
Otu1373	d:Fungi(1.0000),p:Basidiomycota(1.0000),c:Tremellomycetes(1.0000),o:Tremellales(0.0700),f:Bulleribasidiaceae(0.0700),g:Vishniacozyma(0.0700),s:Vishniacozyma_victoriae_SH181632.07FU(0.0400)	+	d:Fungi,p:Basidiomycota,c:Tremellomycetes
Otu1375	d:Fungi(1.0000),p:Basidiomycota(0.4900),c:Tremellomycetes(0.4900),o:Tremellales(0.4900),f:Bulleraceae(0.4400),g:Bullera(0.4400),s:Bullera_crocea_SH209709.07FU(0.4400)	+	d:Fungi
Otu1372	d:Fungi(1.0000),p:Ascomycota(1.0000),c:Leotiomycetes(0.9900),o:Helotiales(0.9900),f:Hyaloscyphaceae(0.5800),g:Cistella(0.5800),s:Cistella_albidolutea_SH198116.07FU(0.5800)	+	d:Fungi,p:Ascomycota,c:Leotiomycetes,o:Helotiales
Otu1377	d:Fungi(1.0000),p:Ascomycota(1.0000),c:Leotiomycetes(1.0000),o:Helotiales(1.0000),f:Dermateaceae(0.9900),g:Calloria(0.9900),s:Calloria_urticae_SH529064.07FU(0.9900)	+	d:Fungi,p:Ascomycota,c:Leotiomycetes,o:Helotiales,f:Dermateaceae,g:Calloria,s:Calloria_urticae_SH529064.07FU
Otu1380	d:Fungi(1.0000),p:Basidiomycota(1.0000),c:Tremellomycetes(1.0000),o:Tremellales(0.0700),f:Bulleribasidiaceae(0.0700),g:Vishniacozyma(0.0700),s:Vishniacozyma_victoriae_SH181632.07FU(0.0400)	+	d:Fungi,p:Basidiomycota,c:Tremellomycetes
Otu1378	d:Fungi(1.0000),p:Chytridiomycota(0.5400),c:Rhizophydiomycetes(0.1200),o:Rhizophydiales(0.1200),f:Orbiliaceae(0.0400),g:Orbilia(0.0400),s:Synchytrium_papillatum_SH487289.07FU(0.0300)	+	d:Fungi
Otu1383	d:Fungi(0.5600),p:Cercozoa(0.4400),c:Agaricomycetes(0.1000),o:Symbiotaphrinales(0.0500),f:Symbiotaphrinaceae(0.0500),g:Symbiotaphrina(0.0500),s:Symbiotaphrina_buchneri_SH643910.07FU(0.0400)	+	
Otu1381	d:Fungi(1.0000),p:Ascomycota(0.0700),c:Agaricomycetes(0.0300),o:Agaricales(0.0200),f:Podoscyphaceae(0.0100),g:Cortinarius(0.0100),s:Endococcus_fusiger_SH462404.07FU(0.0100)	+	d:Fungi
Otu1385	d:Fungi(1.0000),p:Ascomycota(1.0000),c:Sordariomycetes(1.0000),o:Sordariales(1.0000),f:Lasiosphaeriaceae(1.0000),g:Cladorrhinum(1.0000)	+	d:Fungi,p:Ascomycota,c:Sordariomycetes,o:Sordariales,f:Lasiosphaeriaceae,g:Cladorrhinum
Otu1386	d:Fungi(1.0000),p:Ascomycota(0.9900),c:Leotiomycetes(0.5500),o:Helotiales(0.5500),f:Helotiales_fam_Incertae_sedis(0.0300),g:Chalara(0.0200),s:Psilachnum_chrysostigmum_SH019174.07FU(0.0100)	+	d:Fungi,p:Ascomycota
Otu1379	d:Fungi(1.0000),p:Basidiomycota(0.9000),c:Microbotryomycetes(0.9000),o:Sporidiobolales(0.6900),f:Sporidiobolaceae(0.6900),g:Rhodotorula(0.6900),s:Rhodotorula_ingeniosa_SH213424.07FU(0.6900)	+	d:Fungi,p:Basidiomycota,c:Microbotryomycetes
Otu1384	d:Fungi(1.0000),p:Ascomycota(0.0900),c:Dothideomycetes(0.0900),o:Pleosporales(0.0900),f:Pleosporaceae(0.0900),g:Alternaria(0.0900)	+	d:Fungi
Otu1389	d:Fungi(0.7300),p:Ascomycota(0.5900),c:Saccharomycetes(0.4900),o:Saccharomycetales(0.4900),f:Massariaceae(0.0200),g:Massaria(0.0200),s:Massaria_ulmi_SH215380.07FU(0.0200)	+	
Otu1387	d:Fungi(1.0000),p:Chytridiomycota(0.5000),c:Rhizophydiomycetes(0.1500),o:Rhizophydiales(0.1500),f:Rhizophydiaceae(0.0700),g:Rhizophydium(0.0700),s:Coralloidiomyces_digitatus_SH461375.07FU(0.0500)	+	d:Fungi
Otu1382	d:Fungi(1.0000)	+	d:Fungi
Otu1390	d:Fungi(1.0000),p:Ascomycota(1.0000)	+	d:Fungi,p:Ascomycota
Otu1392	d:Fungi(1.0000),p:Basidiomycota(1.0000),c:Agaricomycetes(1.0000),o:Auriculariales(1.0000),f:Auriculariaceae(0.0300),g:Auricularia(0.0300),s:Auricularia_americana_SH640987.07FU(0.0300)	+	d:Fungi,p:Basidiomycota,c:Agaricomycetes,o:Auriculariales
Otu1388	d:Fungi(1.0000),p:Basidiomycota(1.0000),c:Tremellomycetes(1.0000),o:Tremellales(1.0000),f:Tremellaceae(0.5400),g:Cryptococcus(0.5400),s:Cryptococcus_frias_SH205078.07FU(0.5400)	+	d:Fungi,p:Basidiomycota,c:Tremellomycetes,o:Tremellales
Otu1391	d:Fungi(1.0000),p:Ascomycota(1.0000),c:Dothideomycetes(1.0000),o:Pleosporales(1.0000),f:Leptosphaeriaceae(1.0000),g:Leptosphaeria(1.0000)	+	d:Fungi,p:Ascomycota,c:Dothideomycetes,o:Pleosporales,f:Leptosphaeriaceae,g:Leptosphaeria
Otu1396	d:Fungi(1.0000),p:Basidiomycota(0.5300),c:Tremellomycetes(0.3300),o:Cystofilobasidiales(0.2700),f:Mrakiaceae(0.2700),g:Xanthophyllomyces(0.1400),s:Xanthophyllomyces_dendrorhous_SH214524.07FU(0.1000)	+	d:Fungi
Otu1393	d:Fungi(1.0000),p:Ascomycota(1.0000),c:Dothideomycetes(0.3800),o:Capnodiales(0.3800),f:Mycosphaerellaceae(0.3700),g:Septoria(0.1600),s:Septoria_malagutii_SH406338.07FU(0.1600)	+	d:Fungi,p:Ascomycota
Otu1403	d:Fungi(1.0000),p:Ascomycota(0.8800),c:Dothideomycetes(0.7600),o:Pleosporales(0.7600),f:Dictyosporiaceae(0.0100),g:Dictyosporium(0.0100),s:Dictyosporium_heptasporum_SH016883.07FU(0.0100)	+	d:Fungi,p:Ascomycota
Otu1400	d:Fungi(1.0000),p:Ascomycota(0.9100),c:Sordariomycetes(0.6400),o:Hypocreales(0.6300),f:Stachybotryaceae(0.5800),g:Smaragdiniseta(0.2500),s:Smaragdiniseta_bisetosa_SH630182.07FU(0.2500)	+	d:Fungi,p:Ascomycota
Otu1399	d:Fungi(1.0000),p:Ascomycota(0.9900),c:Eurotiomycetes(0.9900),o:Chaetothyriales(0.9900),f:Trichomeriaceae(0.5200)	+	d:Fungi,p:Ascomycota,c:Eurotiomycetes,o:Chaetothyriales
Otu1397	d:Fungi(1.0000),p:Basidiomycota(0.5900),c:Agaricomycetes(0.3800),o:Agaricales(0.1800),f:Bulleribasidiaceae(0.1300),g:Derxomyces(0.1200),s:Stereopsis_radicans_SH494706.07FU(0.0400)	+	d:Fungi
Otu1395	d:Fungi(1.0000),p:Basidiomycota(1.0000),c:Tremellomycetes(0.3900),o:Tremellales(0.3900),f:Bulleribasidiaceae(0.3900),g:Dioszegia(0.3900),s:Dioszegia_fristingensis_SH209723.07FU(0.2700)	+	d:Fungi,p:Basidiomycota
Otu1394	d:Fungi(1.0000),p:Ascomycota(1.0000),c:Sordariomycetes(1.0000),o:Hypocreales(1.0000),f:Bionectriaceae(0.8900),g:Clonostachys(0.0900),s:Clonostachys_miodochialis_SH182680.07FU(0.0900)	+	d:Fungi,p:Ascomycota,c:Sordariomycetes,o:Hypocreales,f:Bionectriaceae
Otu1405	d:Fungi(0.9700),p:Ascomycota(0.2300),c:Agaricomycetes(0.1600),o:Agaricales(0.0500),f:Serendipitaceae(0.0400),g:Verrucaria(0.0300),s:Verrucaria_funckii_SH187386.07FU(0.0200)	+	d:Fungi
Otu1402	d:Fungi(1.0000),p:Ascomycota(1.0000),c:Sordariomycetes(0.9900),o:Sordariales(0.9000),f:Lasiosphaeriaceae(0.9000),g:Podospora(0.6400)	+	d:Fungi,p:Ascomycota,c:Sordariomycetes,o:Sordariales,f:Lasiosphaeriaceae
Otu1398	d:Fungi(1.0000),p:Ascomycota(1.0000),c:Dothideomycetes(1.0000),o:Pleosporales(1.0000),f:Torulaceae(1.0000),g:Torula(1.0000)	+	d:Fungi,p:Ascomycota,c:Dothideomycetes,o:Pleosporales,f:Torulaceae,g:Torula
Otu1411	d:Fungi(1.0000),p:Rozellomycota(0.3100),c:Rozellomycotina_cls_Incertae_sedis(0.2600),o:GS05(0.1500),f:Symbiotaphrinaceae(0.0400),g:Symbiotaphrina(0.0400),s:Symbiotaphrina_kochii_SH021199.07FU(0.0200)	+	d:Fungi
Otu1404	d:Fungi(0.8100),p:Basidiomycota(0.3100),c:Agaricomycetes(0.2900),o:Agaricales(0.1300),f:Clavulinaceae(0.0400),g:Inocybe(0.0300),s:Clavulina_nigricans_SH482396.07FU(0.0300)	+	d:Fungi
Otu1406	d:Rhizaria(0.9100),p:Cercozoa(0.9100),c:Leotiomycetes(0.0200),o:Orbiliales(0.0100),f:Orbiliaceae(0.0100),g:Orbilia(0.0100),s:Bulleribasidium_setariae_SH027902.07FU(0.0100)	+	d:Rhizaria,p:Cercozoa
Otu1401	d:Fungi(1.0000),p:Basidiomycota(1.0000),c:Tremellomycetes(0.0400),o:Holtermanniales(0.0300),f:Holtermanniales_fam_Incertae_sedis(0.0300),g:Holtermanniella(0.0300),s:Holtermanniella_takashimae_SH190741.07FU(0.0300)	+	d:Fungi,p:Basidiomycota
Otu1414	d:Fungi(1.0000),p:Basidiomycota(1.0000),c:Tremellomycetes(1.0000),o:Tremellales(0.1000),f:Bulleribasidiaceae(0.1000),g:Vishniacozyma(0.1000),s:Vishniacozyma_victoriae_SH181628.07FU(0.0700)	+	d:Fungi,p:Basidiomycota,c:Tremellomycetes
Otu1407	d:Fungi(1.0000),p:Ascomycota(1.0000),c:Orbiliomycetes(0.0100),o:Orbiliales(0.0100),f:Orbiliaceae(0.0100),g:Dactylaria(0.0100),s:Dactylaria_dimorphospora_SH025283.07FU(0.0100)	+	d:Fungi,p:Ascomycota
Otu1409	d:Fungi(1.0000),p:Ascomycota(0.0300),c:Dothideomycetes(0.0300),o:Pleosporales(0.0200),f:Sporormiaceae(0.0200),g:Preussia(0.0100)	+	d:Fungi
Otu1416	d:Fungi(1.0000),p:Basidiomycota(0.9700)	+	d:Fungi,p:Basidiomycota
Otu1412	d:Fungi(1.0000),p:Ascomycota(1.0000),c:Dothideomycetes(1.0000),o:Pleosporales(1.0000),f:Phaeosphaeriaceae(0.9500),g:Paraphoma(0.9500),s:Paraphoma_chrysanthemicola_SH211091.07FU(0.8500)	+	d:Fungi,p:Ascomycota,c:Dothideomycetes,o:Pleosporales,f:Phaeosphaeriaceae,g:Paraphoma,s:Paraphoma_chrysanthemicola_SH211091.07FU
Otu1410	d:Fungi(1.0000),p:Monoblepharomycota(1.0000),c:Monoblepharidomycetes(1.0000),o:Monoblepharidales(1.0000)	+	d:Fungi,p:Monoblepharomycota,c:Monoblepharidomycetes,o:Monoblepharidales
Otu1419	d:Fungi(1.0000),p:Chytridiomycota(0.5000),c:Spizellomycetes(0.2700),o:Spizellomycetales(0.2700),f:Symbiotaphrinaceae(0.0900),g:Symbiotaphrina(0.0900),s:Symbiotaphrina_kochii_SH021199.07FU(0.0500)	+	d:Fungi
Otu1415	d:Fungi(1.0000),p:Basidiomycota(0.5300),c:Tremellomycetes(0.5200),o:Tremellales(0.5200),f:Bulleraceae(0.4700),g:Bullera(0.4700),s:Bullera_crocea_SH209709.07FU(0.4700)	+	d:Fungi
Otu1418	d:Fungi(1.0000),p:Ascomycota(1.0000),c:Orbiliomycetes(1.0000),o:Orbiliales(0.9900),f:Orbiliaceae(0.9900),g:Orbilia(0.0100)	+	d:Fungi,p:Ascomycota,c:Orbiliomycetes,o:Orbiliales,f:Orbiliaceae
Otu1413	d:Fungi(1.0000),p:Ascomycota(0.9800),c:Eurotiomycetes(0.9800),o:Eurotiales(0.9800),f:Aspergillaceae(0.9200),g:Penicillium(0.9200),s:Penicillium_roqueforti_SH407697.07FU(0.7200)	+	d:Fungi,p:Ascomycota,c:Eurotiomycetes,o:Eurotiales,f:Aspergillaceae,g:Penicillium
Otu1421	d:Fungi(0.9900),p:Basidiomycota(0.3400),c:Agaricomycetes(0.2600),o:Agaricales(0.0900),f:Ceratobasidiaceae(0.0800),g:Symbiotaphrina(0.0700),s:Symbiotaphrina_kochii_SH021199.07FU(0.0400)	+	d:Fungi
Otu1408	d:Fungi(1.0000),p:Ascomycota(0.8600),c:Leotiomycetes(0.2900),o:Helotiales(0.2900),f:Hyaloscyphaceae(0.2100),g:Lemonniera(0.2000),s:Acidea_extrema_SH184446.07FU(0.0300)	+	d:Fungi,p:Ascomycota
Otu1420	d:Fungi(1.0000),p:Basidiomycota(1.0000),c:Tremellomycetes(1.0000),o:Filobasidiales(0.9800),f:Piskurozymaceae(0.9800),g:Solicoccozyma(0.9800),s:Solicoccozyma_terrea_SH190018.07FU(0.9700)	+	d:Fungi,p:Basidiomycota,c:Tremellomycetes,o:Filobasidiales,f:Piskurozymaceae,g:Solicoccozyma,s:Solicoccozyma_terrea_SH190018.07FU
Otu1422	d:Fungi(1.0000),p:Chytridiomycota(0.6900),c:Spizellomycetes(0.0500),o:Spizellomycetales(0.0500),f:Orbiliaceae(0.0400),g:Orbilia(0.0400),s:Orbilia_carpoboloides_SH533904.07FU(0.0200)	+	d:Fungi
Otu1424	d:Fungi(1.0000),p:Basidiomycota(1.0000),c:Tremellomycetes(1.0000),o:Tremellales(1.0000),f:Bulleribasidiaceae(0.9800),g:Vishniacozyma(0.9800),s:Vishniacozyma_carnescens_SH181629.07FU(0.8000)	+	d:Fungi,p:Basidiomycota,c:Tremellomycetes,o:Tremellales,f:Bulleribasidiaceae,g:Vishniacozyma,s:Vishniacozyma_carnescens_SH181629.07FU
Otu1426	d:Fungi(1.0000),p:Ascomycota(0.0100),c:Lecanoromycetes(0.0100),o:Lecanorales(0.0100),f:Cladoniaceae(0.0100),g:Cladonia(0.0100),s:Cladonia_borealis_SH210018.07FU(0.0100)	+	d:Fungi
Otu1428	d:Fungi(0.9900),p:Basidiomycota(0.5200),c:Agaricomycetes(0.5000),o:Agaricales(0.1800),f:Symbiotaphrinaceae(0.1200),g:Symbiotaphrina(0.1200),s:Symbiotaphrina_kochii_SH021199.07FU(0.0800)	+	d:Fungi
Otu1429	d:Fungi(1.0000),p:Ascomycota(0.3500),c:Agaricomycetes(0.2600),o:Agaricales(0.1900),f:Glomeraceae(0.1300),g:Symbiotaphrina(0.1000),s:Symbiotaphrina_buchneri_SH643910.07FU(0.0700)	+	d:Fungi
Otu1417	d:Fungi(1.0000),p:Basidiomycota(0.0200),c:Tremellomycetes(0.0200),o:Filobasidiales(0.0200),f:Filobasidiaceae(0.0200),g:Filobasidium(0.0200),s:Filobasidium_chernovii_SH197624.07FU(0.0100)	+	d:Fungi
Otu1423	d:Fungi(1.0000),p:Ascomycota(1.0000),c:Dothideomycetes(0.9800)	+	d:Fungi,p:Ascomycota,c:Dothideomycetes
Otu1432	d:Fungi(1.0000),p:Ascomycota(0.9700),c:Eurotiomycetes(0.9400),o:Chaetothyriales(0.9400),f:Herpotrichiellaceae(0.7200),g:Capronia(0.4000),s:Knufia_peltigerae_SH180461.07FU(0.0400)	+	d:Fungi,p:Ascomycota,c:Eurotiomycetes,o:Chaetothyriales
Otu1425	d:Fungi(1.0000)	+	d:Fungi
Otu1433	d:Fungi(1.0000),p:Chytridiomycota(0.4000),c:Agaricomycetes(0.1600),o:Rhizophydiales(0.1400),f:Rhizophydiales_fam_Incertae_sedis(0.1200),g:Coralloidiomyces(0.1200),s:Coralloidiomyces_digitatus_SH461375.07FU(0.1200)	+	d:Fungi
Otu1427	d:Fungi(0.9900),p:Basidiomycota(0.6600),c:Agaricomycetes(0.4400),o:Agaricales(0.2400),f:Bulleribasidiaceae(0.1200),g:Derxomyces(0.1100),s:Derxomyces_simaoensis_SH483908.07FU(0.0500)	+	d:Fungi
Otu1430	d:Fungi(1.0000),p:Ascomycota(0.9100),c:Dothideomycetes(0.9100),o:Capnodiales(0.9000),f:Teratosphaeriaceae(0.8400),g:Lapidomyces(0.5700),s:Lapidomyces_hispanicus_SH214176.07FU(0.5700)	+	d:Fungi,p:Ascomycota,c:Dothideomycetes,o:Capnodiales,f:Teratosphaeriaceae
Otu1431	d:Fungi(1.0000),p:Ascomycota(1.0000),c:Sordariomycetes(1.0000),o:Hypocreales(1.0000),f:Clavicipitaceae(1.0000),g:Metarhizium(0.7800),s:Metarhizium_carneum_SH214904.07FU(0.7800)	+	d:Fungi,p:Ascomycota,c:Sordariomycetes,o:Hypocreales,f:Clavicipitaceae
Otu1438	d:Fungi(1.0000),p:Basidiomycota(0.2400),c:Agaricostilbomycetes(0.2400),o:Agaricostilbales(0.2400),f:Chionosphaeraceae(0.2400),g:Kurtzmanomyces(0.2200)	+	d:Fungi
Otu1434	d:Fungi(0.5900),p:Cercozoa(0.4000),c:Glomeromycetes(0.1100),o:Glomerales(0.1100),f:Glomeraceae(0.1100),g:Symbiotaphrina(0.0600),s:Symbiotaphrina_kochii_SH021199.07FU(0.0400)	+	
Otu1440	d:Fungi(1.0000),p:Ascomycota(1.0000),c:Dothideomycetes(1.0000),o:Pleosporales(1.0000),f:Leptosphaeriaceae(0.6300),g:Leptosphaeria(0.6300),s:Paraphoma_chrysanthemicola_SH211091.07FU(0.0100)	+	d:Fungi,p:Ascomycota,c:Dothideomycetes,o:Pleosporales
Otu1435	d:Fungi(1.0000),p:Ascomycota(0.0100),c:Sordariomycetes(0.0100),o:Hypocreales(0.0100)	+	d:Fungi
Otu1442	d:Fungi(1.0000),p:Basidiomycota(0.5300),c:Tremellomycetes(0.5200),o:Tremellales(0.5200),f:Bulleraceae(0.4700),g:Bullera(0.4700),s:Bullera_crocea_SH209709.07FU(0.4700)	+	d:Fungi
Otu1436	d:Fungi(1.0000),p:Ascomycota(0.9400),c:Dothideomycetes(0.9100),o:Pleosporales(0.9100),f:Cucurbitariaceae(0.0500),g:Leptosphaeria(0.0400),s:Leptosphaeria_proteicola_SH192135.07FU(0.0400)	+	d:Fungi,p:Ascomycota,c:Dothideomycetes,o:Pleosporales
Otu1444	d:Fungi(1.0000),p:Ascomycota(0.1300),c:Leotiomycetes(0.0800),o:Helotiales(0.0300),f:Helotiaceae(0.0200),g:Tetracladium(0.0200),s:Pezizella_epithallina_SH020297.07FU(0.0100)	+	d:Fungi
Otu1446	d:Fungi(1.0000),p:Basidiomycota(1.0000),c:Tremellomycetes(1.0000),o:Tremellales(0.0700),f:Bulleribasidiaceae(0.0700),g:Vishniacozyma(0.0700),s:Vishniacozyma_victoriae_SH181632.07FU(0.0400)	+	d:Fungi,p:Basidiomycota,c:Tremellomycetes
Otu1439	d:Fungi(1.0000),p:Basidiomycota(1.0000),c:Tremellomycetes(1.0000),o:Tremellales(0.0700),f:Bulleribasidiaceae(0.0700),g:Vishniacozyma(0.0700),s:Vishniacozyma_victoriae_SH181632.07FU(0.0400)	+	d:Fungi,p:Basidiomycota,c:Tremellomycetes
Otu1448	d:Fungi(1.0000),p:Ascomycota(0.1100),c:Dothideomycetes(0.1100)	+	d:Fungi
Otu1443	d:Fungi(1.0000),p:Chytridiomycota(0.7100),c:Rhizophydiomycetes(0.5800),o:Rhizophydiales(0.5800),f:Protrudomycetaceae(0.4500),g:Protrudomyces(0.4500),s:Protrudomyces_lateralis_SH210255.07FU(0.4500)	+	d:Fungi
Otu1447	d:Fungi(1.0000)	+	d:Fungi
Otu1445	d:Fungi(1.0000),p:Ascomycota(1.0000),c:Dothideomycetes(1.0000)	+	d:Fungi,p:Ascomycota,c:Dothideomycetes
Otu1451	d:Fungi(1.0000),p:Chytridiomycota(0.5400),c:Agaricomycetes(0.1100),o:Rhizophydiales(0.1100),f:Orbiliaceae(0.0400),g:Orbilia(0.0400),s:Synchytrium_papillatum_SH487289.07FU(0.0300)	+	d:Fungi
Otu1437	d:Fungi(1.0000),p:Basidiomycota(0.5500),c:Tremellomycetes(0.5400),o:Tremellales(0.5400),f:Bulleraceae(0.4800),g:Bullera(0.4800),s:Bullera_crocea_SH209709.07FU(0.4800)	+	d:Fungi
Otu1450	d:Fungi(1.0000),p:Basidiomycota(1.0000),c:Tremellomycetes(1.0000)	+	d:Fungi,p:Basidiomycota,c:Tremellomycetes
Otu1453	d:Fungi(1.0000),p:Ascomycota(0.2700),c:Leotiomycetes(0.2700),o:Helotiales(0.2700),f:Dermateaceae(0.2700),g:Calloria(0.2700),s:Calloria_urticae_SH529064.07FU(0.2700)	+	d:Fungi
Otu1452	d:Fungi(0.9900),p:Basidiomycota(0.4100),c:Agaricomycetes(0.4000),o:Agaricales(0.1600),f:Entorrhizaceae(0.0600),g:Entorrhiza(0.0600),s:Piloderma_lanatum_SH212907.07FU(0.0200)	+	d:Fungi
Otu1441	d:Fungi(1.0000),p:Basidiomycota(1.0000),c:Tremellomycetes(1.0000),o:Tremellales(1.0000),f:Bulleribasidiaceae(1.0000),g:Vishniacozyma(1.0000),s:Vishniacozyma_victoriae_SH181632.07FU(1.0000)	+	d:Fungi,p:Basidiomycota,c:Tremellomycetes,o:Tremellales,f:Bulleribasidiaceae,g:Vishniacozyma,s:Vishniacozyma_victoriae_SH181632.07FU
Otu1449	d:Fungi(1.0000),p:Basidiomycota(1.0000),c:Agaricomycetes(1.0000),o:Agaricales(1.0000),f:Entolomataceae(0.0700),g:Entoloma(0.0700),s:Lycoperdon_subcretaceum_SH175898.07FU(0.0300)	+	d:Fungi,p:Basidiomycota,c:Agaricomycetes,o:Agaricales
Otu1460	d:Fungi(1.0000),p:Ascomycota(1.0000),c:Sordariomycetes(1.0000),o:Chaetosphaeriales(1.0000),f:Chaetosphaeriaceae(1.0000),g:Dinemasporium(1.0000),s:Dinemasporium_morbidum_SH208944.07FU(1.0000)	+	d:Fungi,p:Ascomycota,c:Sordariomycetes,o:Chaetosphaeriales,f:Chaetosphaeriaceae,g:Dinemasporium,s:Dinemasporium_morbidum_SH208944.07FU
Otu1454	d:Fungi(1.0000),p:Ascomycota(0.5300),c:Eurotiomycetes(0.3300),o:Chaetothyriales(0.3300),f:Herpotrichiellaceae(0.3300),g:Phialophora(0.3300),s:Cadophora_luteo-olivacea_SH092150.07FU(0.0900)	+	d:Fungi
Otu1456	d:Fungi(1.0000),p:Mortierellomycota(1.0000),c:Mortierellomycetes(1.0000),o:Mortierellales(1.0000),f:Mortierellaceae(1.0000),g:Mortierella(1.0000),s:Mortierella_alpina_SH183633.07FU(0.6200)	+	d:Fungi,p:Mortierellomycota,c:Mortierellomycetes,o:Mortierellales,f:Mortierellaceae,g:Mortierella
Otu1464	d:Fungi(1.0000),p:Ascomycota(0.9400),c:Leotiomycetes(0.8800),o:Helotiales(0.8800),f:Helotiaceae(0.0700),g:Tetracladium(0.0700),s:Tetracladium_marchalianum_SH204312.07FU(0.0700)	+	d:Fungi,p:Ascomycota,c:Leotiomycetes,o:Helotiales
Otu1459	d:Fungi(1.0000),p:Basidiomycota(0.9700),c:Tremellomycetes(0.9400),o:Tremellales(0.9400),f:Bulleribasidiaceae(0.9400),g:Vishniacozyma(0.9400),s:Vishniacozyma_dimennae_SH203797.07FU(0.7500)	+	d:Fungi,p:Basidiomycota,c:Tremellomycetes,o:Tremellales,f:Bulleribasidiaceae,g:Vishniacozyma
Otu1461	d:Rhizaria(0.7900),p:Cercozoa(0.7900),c:Agaricomycetes(0.0300),o:Agaricales(0.0200),f:Mortierellaceae(0.0200),g:Mortierella(0.0200),s:Symbiotaphrina_buchneri_SH643910.07FU(0.0200)	+	
Otu1455	d:Fungi(1.0000),p:Basidiomycota(0.2700),c:Tremellomycetes(0.2600),o:Tremellales(0.2600),f:Bulleraceae(0.2100),g:Bullera(0.2100),s:Bullera_crocea_SH209709.07FU(0.2100)	+	d:Fungi
Otu1467	d:Fungi(1.0000),p:Ascomycota(1.0000),c:Dothideomycetes(0.9900),o:Pleosporales(0.9900),f:Pleosporaceae(0.0600),g:Eutypa(0.0100),s:Eutypa_consobrina_SH217762.07FU(0.0100)	+	d:Fungi,p:Ascomycota,c:Dothideomycetes,o:Pleosporales
Otu1462	d:Fungi(1.0000),p:Chytridiomycota(0.8000),c:Spizellomycetes(0.0500),o:Spizellomycetales(0.0500),f:Phaeosphaeriaceae(0.0200),g:Phaeosphaeria(0.0200),s:Phaeosphaeria_rousseliana_SH630633.07FU(0.0200)	+	d:Fungi,p:Chytridiomycota
Otu1457	d:Fungi(0.8600),p:Ascomycota(0.5100),c:Orbiliomycetes(0.1300),o:Orbiliales(0.1200),f:Orbiliaceae(0.1100),g:Orbilia(0.1000),s:Symbiotaphrina_kochii_SH021199.07FU(0.0400)	+	d:Fungi
Otu1458	d:Fungi(1.0000),p:Ascomycota(0.9900),c:Sordariomycetes(0.0800),o:Xylariales(0.0600),f:Nectriaceae(0.0200),g:Nemania(0.0100),s:Pseudomassaria_chondrospora_SH194908.07FU(0.0100)	+	d:Fungi,p:Ascomycota
Otu1471	d:Fungi(1.0000),p:Ascomycota(0.7800),c:Eurotiomycetes(0.2500),o:Verrucariales(0.1000),f:Verrucariaceae(0.0800),g:Verrucaria(0.0700),s:Symbiotaphrina_kochii_SH021199.07FU(0.0400)	+	d:Fungi
Otu1465	d:Fungi(1.0000),p:Basidiomycota(1.0000),c:Microbotryomycetes(1.0000),o:Sporidiobolales(1.0000)	+	d:Fungi,p:Basidiomycota,c:Microbotryomycetes,o:Sporidiobolales
Otu1463	d:Fungi(1.0000),p:Basidiomycota(1.0000),c:Tremellomycetes(0.0700),o:Holtermanniales(0.0300),f:Holtermanniales_fam_Incertae_sedis(0.0300),g:Holtermanniella(0.0300),s:Holtermanniella_takashimae_SH190741.07FU(0.0300)	+	d:Fungi,p:Basidiomycota
Otu1475	d:Fungi(1.0000),p:Ascomycota(1.0000),c:Dothideomycetes(1.0000),o:Pleosporales(1.0000),f:Pleosporaceae(1.0000),g:Alternaria(0.9300),s:Alternaria_multirostrata_SH292666.07FU(0.3200)	+	d:Fungi,p:Ascomycota,c:Dothideomycetes,o:Pleosporales,f:Pleosporaceae,g:Alternaria
Otu1469	d:Fungi(1.0000),p:Ascomycota(0.1300),c:Sordariomycetes(0.1300),o:Hypocreales(0.1300),f:Nectriaceae(0.1300)	+	d:Fungi
Otu1468	d:Fungi(1.0000),p:Ascomycota(0.8800),c:Eurotiomycetes(0.8500),o:Chaetothyriales(0.8500),f:Herpotrichiellaceae(0.8500),g:Phialophora(0.8500),s:Phialophora_cyclaminis_SH174592.07FU(0.0600)	+	d:Fungi,p:Ascomycota,c:Eurotiomycetes,o:Chaetothyriales,f:Herpotrichiellaceae,g:Phialophora
Otu1466	d:Fungi(1.0000),p:Chytridiomycota(0.3500),c:Agaricomycetes(0.2100),o:Rhizophydiales(0.1300),f:Rhizophydiales_fam_Incertae_sedis(0.1200),g:Coralloidiomyces(0.1200),s:Coralloidiomyces_digitatus_SH461375.07FU(0.1200)	+	d:Fungi
Otu1472	d:Fungi(0.9200),p:Ascomycota(0.7100),c:Saccharomycetes(0.5000),o:Saccharomycetales(0.5000),f:Mycosphaerellaceae(0.0400),g:Stenella(0.0400),s:Stenella_araguata_SH631423.07FU(0.0400)	+	d:Fungi
Otu1470	d:Fungi(1.0000),p:Ascomycota(1.0000),c:Dothideomycetes(1.0000),o:Pleosporales(1.0000),f:Cucurbitariaceae(0.9800),g:Pyrenochaeta(0.9800)	+	d:Fungi,p:Ascomycota,c:Dothideomycetes,o:Pleosporales,f:Cucurbitariaceae,g:Pyrenochaeta
Otu1476	d:Fungi(1.0000),p:Basidiomycota(0.1400),c:Agaricomycetes(0.1400),o:Agaricales(0.0800),f:Tricholomataceae(0.0500),g:Arrhenia(0.0400),s:Arrhenia_subglobispora_SH197391.07FU(0.0200)	+	d:Fungi
Otu1478	d:Fungi(1.0000),p:Basidiomycota(1.0000),c:Tremellomycetes(0.9900),o:Tremellales(0.2100),f:Bulleribasidiaceae(0.2100),g:Vishniacozyma(0.2100),s:Vishniacozyma_victoriae_SH181632.07FU(0.1700)	+	d:Fungi,p:Basidiomycota,c:Tremellomycetes
Otu1479	d:Fungi(1.0000),p:Ascomycota(1.0000),c:Dothideomycetes(0.9900),o:Capnodiales(0.9900),f:Mycosphaerellaceae(0.9900),g:Zymoseptoria(0.9200),s:Zymoseptoria_verkleyi_SH195834.07FU(0.6900)	+	d:Fungi,p:Ascomycota,c:Dothideomycetes,o:Capnodiales,f:Mycosphaerellaceae,g:Zymoseptoria
Otu1474	d:Fungi(1.0000),p:Mortierellomycota(0.8800),c:Mortierellomycetes(0.8800),o:Mortierellales(0.8800),f:Mortierellaceae(0.8200),g:Mortierella(0.7700),s:Mortierella_fatshederae_SH180138.07FU(0.2100)	+	d:Fungi,p:Mortierellomycota,c:Mortierellomycetes,o:Mortierellales,f:Mortierellaceae
Otu1481	d:Fungi(1.0000),p:Ascomycota(0.3500),c:Dothideomycetes(0.1800),o:Pleosporales(0.1800),f:Phaeosphaeriaceae(0.1800),g:Leptospora(0.1700),s:Leptospora_rubella_SH200463.07FU(0.0400)	+	d:Fungi
Otu1483	d:Fungi(1.0000),p:Basidiomycota(1.0000),c:Tremellomycetes(0.0500),o:Holtermanniales(0.0300),f:Holtermanniales_fam_Incertae_sedis(0.0300),g:Holtermanniella(0.0300),s:Holtermanniella_takashimae_SH190741.07FU(0.0300)	+	d:Fungi,p:Basidiomycota
Otu1477	d:Fungi(1.0000),p:Basidiomycota(1.0000),c:Tremellomycetes(1.0000),o:Tremellales(1.0000),f:Bulleribasidiaceae(1.0000),g:Vishniacozyma(1.0000),s:Vishniacozyma_victoriae_SH181632.07FU(1.0000)	+	d:Fungi,p:Basidiomycota,c:Tremellomycetes,o:Tremellales,f:Bulleribasidiaceae,g:Vishniacozyma,s:Vishniacozyma_victoriae_SH181632.07FU
Otu1480	d:Fungi(1.0000),p:Ascomycota(0.9100),c:Dothideomycetes(0.8400),o:Pleosporales(0.8400),f:Phaeosphaeriaceae(0.0100),g:Neostagonospora(0.0100),s:Neostagonospora_elegiae_SH118531.07FU(0.0100)	+	d:Fungi,p:Ascomycota,c:Dothideomycetes,o:Pleosporales
Otu1473	d:Fungi(1.0000),p:Ascomycota(1.0000),c:Leotiomycetes(0.7800),o:Helotiales(0.7800),f:Helotiales_fam_Incertae_sedis(0.0200),g:Leohumicola(0.0200),s:Leohumicola_verrucosa_SH201606.07FU(0.0100)	+	d:Fungi,p:Ascomycota
Otu1484	d:Fungi(1.0000),p:Chytridiomycota(0.5900),c:Rhizophydiomycetes(0.1000),o:Rhizophydiales(0.1000),f:Orbiliaceae(0.0500),g:Orbilia(0.0400),s:Synchytrium_papillatum_SH487289.07FU(0.0300)	+	d:Fungi
Otu1482	d:Fungi(1.0000),p:Basidiomycota(0.2600),c:Tremellomycetes(0.2500),o:Tremellales(0.2500),f:Bulleraceae(0.2000),g:Bullera(0.2000),s:Bullera_crocea_SH209709.07FU(0.2000)	+	d:Fungi
Otu1486	d:Rhizaria(0.6600),p:Cercozoa(0.6600),c:Glomeromycetes(0.0400),o:Agaricales(0.0300),f:Symbiotaphrinaceae(0.0300),g:Symbiotaphrina(0.0300),s:Symbiotaphrina_kochii_SH021199.07FU(0.0200)	+	
Otu1485	d:Fungi(1.0000),p:Ascomycota(1.0000),c:Sordariomycetes(1.0000),o:Diaporthales(1.0000),f:Gnomoniaceae(1.0000),g:Apiognomonia(0.8200),s:Apiognomonia_errabunda_SH207368.07FU(0.8200)	+	d:Fungi,p:Ascomycota,c:Sordariomycetes,o:Diaporthales,f:Gnomoniaceae,g:Apiognomonia,s:Apiognomonia_errabunda_SH207368.07FU
Otu1488	d:Fungi(1.0000),p:Ascomycota(1.0000),c:Dothideomycetes(1.0000),o:Pleosporales(1.0000),f:Pleosporaceae(1.0000),g:Embellisia(0.9600),s:Embellisia_phragmospora_SH434817.07FU(0.9600)	+	d:Fungi,p:Ascomycota,c:Dothideomycetes,o:Pleosporales,f:Pleosporaceae,g:Embellisia,s:Embellisia_phragmospora_SH434817.07FU
Otu1489	d:Fungi(0.8400),p:Ascomycota(0.4400),c:Dothideomycetes(0.2400),o:Capnodiales(0.2200),f:Cladosporiaceae(0.0900),g:Davidiella(0.0900),s:Davidiella_rosigena_SH016560.07FU(0.0900)	+	d:Fungi
Otu1493	d:Fungi(1.0000),p:Chytridiomycota(0.1400)	+	d:Fungi
Otu1487	d:Fungi(1.0000),p:Basidiomycota(0.5400),c:Tremellomycetes(0.5400),o:Tremellales(0.5400),f:Bulleraceae(0.4800),g:Bullera(0.4800),s:Bullera_crocea_SH209709.07FU(0.4800)	+	d:Fungi
Otu1492	d:Fungi(1.0000)	+	d:Fungi
Otu1490	d:Fungi(1.0000),p:Chytridiomycota(0.1200)	+	d:Fungi
Otu1499	d:Fungi(1.0000),p:Ascomycota(0.9000),c:Dothideomycetes(0.8900),o:Pleosporales(0.8900),f:Didymosphaeriaceae(0.5100),g:Verrucoconiothyrium(0.5100),s:Verrucoconiothyrium_prosopidis_SH186599.07FU(0.2800)	+	d:Fungi,p:Ascomycota,c:Dothideomycetes,o:Pleosporales
Otu1495	d:Fungi(1.0000),p:Basidiomycota(0.9900),c:Agaricostilbomycetes(0.9900),o:Agaricostilbales(0.9900),f:Chionosphaeraceae(0.9900),g:Kurtzmanomyces(0.7800)	+	d:Fungi,p:Basidiomycota,c:Agaricostilbomycetes,o:Agaricostilbales,f:Chionosphaeraceae
Otu1491	d:Fungi(1.0000),p:Ascomycota(0.0900),c:Eurotiomycetes(0.0500),o:Chaetothyriales(0.0500),f:Herpotrichiellaceae(0.0500),g:Coniosporium(0.0500),s:Coniosporium_apollinis_SH186605.07FU(0.0200)	+	d:Fungi
Otu1496	d:Fungi(1.0000),p:Ascomycota(0.9200),c:Leotiomycetes(0.8800),o:Helotiales(0.8800),f:Helotiales_fam_Incertae_sedis(0.1200),g:Coleophoma(0.0500),s:Belonioscyphella_hypnorum_SH631653.07FU(0.0100)	+	d:Fungi,p:Ascomycota,c:Leotiomycetes,o:Helotiales
Otu1503	d:Fungi(1.0000),p:Chytridiomycota(0.1600),c:Agaricomycetes(0.1400),o:Agaricales(0.0900),f:Cortinariaceae(0.0200),g:Cortinarius(0.0200),s:Hygrocybe_occidentalis_SH028694.07FU(0.0100)	+	d:Fungi
Otu1497	d:Fungi(1.0000),p:Chytridiomycota(0.2900),c:Rhizophydiomycetes(0.0600),o:Rhizophydiales(0.0600),f:Russulaceae(0.0200),g:Russula(0.0200),s:Acaulospora_tortuosa_SH201905.07FU(0.0100)	+	d:Fungi
Otu1494	d:Fungi(1.0000),p:Ascomycota(0.9400),c:Sordariomycetes(0.9400),o:Sordariales(0.8900),f:Sordariaceae(0.8900),g:Verticillium(0.0500),s:Verticillium_dahliae_SH466940.07FU(0.0500)	+	d:Fungi,p:Ascomycota,c:Sordariomycetes,o:Sordariales,f:Sordariaceae
Otu1506	d:Fungi(1.0000),p:Ascomycota(1.0000),c:Lecanoromycetes(1.0000),o:Caliciales(1.0000),f:Physciaceae(1.0000),g:Physcia(0.9900),s:Physcia_dubia_SH181754.07FU(0.4700)	+	d:Fungi,p:Ascomycota,c:Lecanoromycetes,o:Caliciales,f:Physciaceae,g:Physcia
Otu1498	d:Fungi(1.0000),p:Ascomycota(0.5100),c:Sordariomycetes(0.5100),o:Hypocreales(0.5100),f:Nectriaceae(0.5100),g:Cylindrocladiella(0.3800),s:Cylindrocladiella_cymbiformis_SH111908.07FU(0.2500)	+	d:Fungi
Otu1500	d:Fungi(1.0000),p:Ascomycota(0.9600),c:Dothideomycetes(0.9300),o:Capnodiales(0.9300),f:Cladosporiaceae(0.9300),g:Cladosporium(0.9300),s:Cladosporium_aphidis_SH294054.07FU(0.9300)	+	d:Fungi,p:Ascomycota,c:Dothideomycetes,o:Capnodiales,f:Cladosporiaceae,g:Cladosporium,s:Cladosporium_aphidis_SH294054.07FU
Otu1507	d:Fungi(1.0000),p:Ascomycota(0.4400),c:Sordariomycetes(0.4200),o:Sordariales(0.4200),f:Lasiosphaeriaceae(0.4200),g:Schizothecium(0.0400),s:Schizothecium_glutinans_SH201210.07FU(0.0400)	+	d:Fungi
Otu1510	d:Fungi(1.0000),p:Ascomycota(0.0800),c:Sordariomycetes(0.0800),o:Glomerellales(0.0800),f:Plectosphaerellaceae(0.0800),g:Plectosphaerella(0.0800),s:Plectosphaerella_cucumerina_SH527845.07FU(0.0500)	+	d:Fungi
Otu1505	d:Fungi(0.9000),p:Ascomycota(0.4100),c:Dothideomycetes(0.2400),o:Capnodiales(0.1900),f:Cladosporiaceae(0.0800),g:Davidiella(0.0800),s:Davidiella_rosigena_SH016560.07FU(0.0800)	+	d:Fungi
Otu1504	d:Fungi(1.0000),p:Basidiomycota(1.0000),c:Agaricomycetes(1.0000),o:Agaricales(1.0000),f:Tricholomataceae(1.0000),g:Arrhenia(1.0000)	+	d:Fungi,p:Basidiomycota,c:Agaricomycetes,o:Agaricales,f:Tricholomataceae,g:Arrhenia
Otu1508	d:Fungi(1.0000),p:Ascomycota(1.0000),c:Eurotiomycetes(1.0000),o:Verrucariales(1.0000),f:Verrucariaceae(0.5000),g:Agonimia(0.2100),s:Agonimia_allobata_SH013907.07FU(0.1600)	+	d:Fungi,p:Ascomycota,c:Eurotiomycetes,o:Verrucariales
Otu1502	d:Fungi(1.0000),p:Ascomycota(1.0000),c:Sordariomycetes(1.0000),o:Chaetosphaeriales(1.0000),f:Chaetosphaeriaceae(1.0000),g:Dinemasporium(1.0000),s:Dinemasporium_morbidum_SH208944.07FU(1.0000)	+	d:Fungi,p:Ascomycota,c:Sordariomycetes,o:Chaetosphaeriales,f:Chaetosphaeriaceae,g:Dinemasporium,s:Dinemasporium_morbidum_SH208944.07FU
Otu1513	d:Fungi(1.0000),p:Ascomycota(1.0000),c:Dothideomycetes(1.0000),o:Pleosporales(1.0000)	+	d:Fungi,p:Ascomycota,c:Dothideomycetes,o:Pleosporales
Otu1501	d:Fungi(1.0000),p:Ascomycota(0.1400),c:Glomeromycetes(0.0900),o:Glomerales(0.0800),f:Glomeraceae(0.0800),g:Inocybe(0.0400),s:Middelhovenomyces_tepae_SH026196.07FU(0.0100)	+	d:Fungi
Otu1514	d:Fungi(1.0000),p:Ascomycota(0.6300),c:Dothideomycetes(0.6300),o:Capnodiales(0.6300),f:Teratosphaeriaceae(0.2100),g:Devriesia(0.2100),s:Devriesia_pseudoamericana_SH192615.07FU(0.2100)	+	d:Fungi
Otu1518	d:Fungi(1.0000),p:Chytridiomycota(0.4200),c:Spizellomycetes(0.2300),o:Spizellomycetales(0.2300),f:Symbiotaphrinaceae(0.2000),g:Symbiotaphrina(0.2000),s:Symbiotaphrina_buchneri_SH643910.07FU(0.1900)	+	d:Fungi
Otu1509	d:Fungi(1.0000),p:Basidiomycota(1.0000),c:Agaricomycetes(1.0000),o:Cantharellales(1.0000),f:Cantharellales_fam_Incertae_sedis(1.0000),g:Minimedusa(1.0000),s:Minimedusa_polyspora_SH201127.07FU(1.0000)	+	d:Fungi,p:Basidiomycota,c:Agaricomycetes,o:Cantharellales,f:Cantharellales_fam_Incertae_sedis,g:Minimedusa,s:Minimedusa_polyspora_SH201127.07FU
Otu1522	d:Fungi(1.0000),p:Ascomycota(0.0800),c:Agaricomycetes(0.0600),o:Agaricales(0.0200),f:Inocybaceae(0.0200),g:Inocybe(0.0200),s:Inocybe_leucoblema_SH209544.07FU(0.0200)	+	d:Fungi
Otu1519	d:Fungi(1.0000),p:Ascomycota(0.6300),c:Sordariomycetes(0.6300),o:Sordariales(0.6300),f:Lasiosphaeriaceae(0.5900),g:Schizothecium(0.0200),s:Schizothecium_glutinans_SH201189.07FU(0.0100)	+	d:Fungi
Otu1515	d:Fungi(1.0000),p:Ascomycota(0.9500),c:Sordariomycetes(0.9400),o:Sordariales(0.9400),f:Lasiosphaeriaceae(0.9400),g:Schizothecium(0.7000),s:Schizothecium_carpinicola_SH201192.07FU(0.4300)	+	d:Fungi,p:Ascomycota,c:Sordariomycetes,o:Sordariales,f:Lasiosphaeriaceae
Otu1511	d:Fungi(1.0000),p:Glomeromycota(0.2900),c:Glomeromycetes(0.2800),o:Harpellales(0.2700),f:Legeriomycetaceae(0.2300),g:Smittium(0.2300),s:Smittium_morbosum_SH471714.07FU(0.2300)	+	d:Fungi
Otu1516	d:Fungi(1.0000),p:Basidiomycota(0.5300),c:Tremellomycetes(0.5200),o:Tremellales(0.5200),f:Bulleraceae(0.4700),g:Bullera(0.4700),s:Bullera_crocea_SH209709.07FU(0.4700)	+	d:Fungi
Otu1512	d:Fungi(1.0000),p:Ascomycota(1.0000),c:Dothideomycetes(1.0000),o:Capnodiales(1.0000),f:Mycosphaerellaceae(1.0000),g:Ramularia(0.6000),s:Ramularia_armoraciae_SH206862.07FU(0.2200)	+	d:Fungi,p:Ascomycota,c:Dothideomycetes,o:Capnodiales,f:Mycosphaerellaceae
Otu1521	d:Fungi(1.0000),p:Ascomycota(0.7100),c:Leotiomycetes(0.5700),o:Helotiales(0.5700),f:Dermateaceae(0.4000),g:Calloria(0.4000),s:Calloria_urticae_SH529064.07FU(0.4000)	+	d:Fungi
Otu1517	d:Fungi(1.0000),p:Ascomycota(0.9600),c:Dothideomycetes(0.0400),o:Pleosporales(0.0400)	+	d:Fungi,p:Ascomycota
Otu1524	d:Fungi(0.9800),p:Ascomycota(0.2900),c:Glomeromycetes(0.1800),o:Glomerales(0.1600),f:Glomeraceae(0.1500),g:Symbiotaphrina(0.1000),s:Symbiotaphrina_buchneri_SH643910.07FU(0.0700)	+	d:Fungi
Otu1523	d:Fungi(0.8800),p:Ascomycota(0.3900),c:Agaricomycetes(0.2000),o:Symbiotaphrinales(0.1800),f:Symbiotaphrinaceae(0.1800),g:Symbiotaphrina(0.1800),s:Symbiotaphrina_kochii_SH021199.07FU(0.1200)	+	d:Fungi
Otu1520	d:Fungi(1.0000),p:Chytridiomycota(0.6000),c:Agaricomycetes(0.1900),o:Agaricales(0.1000),f:Tricholomataceae(0.0400),g:Rhizophydium(0.0400),s:Betamyces_americae-meridionalis_SH027198.07FU(0.0300)	+	d:Fungi
Otu1525	d:Fungi(1.0000),p:Basidiomycota(1.0000),c:Tremellomycetes(0.3900),o:Tremellales(0.3900),f:Bulleribasidiaceae(0.3900),g:Dioszegia(0.3900),s:Dioszegia_fristingensis_SH209723.07FU(0.2700)	+	d:Fungi,p:Basidiomycota
Otu1528	d:Fungi(1.0000),p:Ascomycota(1.0000),c:Dothideomycetes(1.0000),o:Pleosporales(1.0000)	+	d:Fungi,p:Ascomycota,c:Dothideomycetes,o:Pleosporales
Otu1527	d:Fungi(1.0000),p:Basidiomycota(1.0000),c:Agaricomycetes(1.0000),o:Agaricales(1.0000),f:Psathyrellaceae(1.0000),g:Psathyrella(1.0000),s:Psathyrella_potteri_SH175222.07FU(0.9100)	+	d:Fungi,p:Basidiomycota,c:Agaricomycetes,o:Agaricales,f:Psathyrellaceae,g:Psathyrella,s:Psathyrella_potteri_SH175222.07FU
Otu1529	d:Fungi(1.0000),p:Ascomycota(0.1600),c:Dothideomycetes(0.1600),o:Pleosporales(0.1600),f:Sporormiaceae(0.1600),g:Preussia(0.1600),s:Preussia_flanaganii_SH184180.07FU(0.1600)	+	d:Fungi
Otu1526	d:Fungi(1.0000),p:Basidiomycota(0.5600),c:Tremellomycetes(0.5500),o:Tremellales(0.5500),f:Bulleraceae(0.5100),g:Bullera(0.5100),s:Bullera_crocea_SH209709.07FU(0.5100)	+	d:Fungi
Otu1531	d:Fungi(1.0000),p:Ascomycota(0.4000)	+	d:Fungi
Otu1535	d:Fungi(1.0000),p:Basidiomycota(0.0200),c:Tremellomycetes(0.0200),o:Filobasidiales(0.0200),f:Filobasidiaceae(0.0200),g:Filobasidium(0.0200),s:Filobasidium_chernovii_SH197624.07FU(0.0100)	+	d:Fungi
Otu1530	d:Fungi(1.0000),p:Ascomycota(0.9400),c:Pezizomycetes(0.8900),o:Pezizales(0.8900),f:Pyronemataceae(0.8900),g:Pulvinula(0.8800),s:Pulvinula_convexella_SH204542.07FU(0.0200)	+	d:Fungi,p:Ascomycota,c:Pezizomycetes,o:Pezizales,f:Pyronemataceae,g:Pulvinula
Otu1532	d:Fungi(1.0000),p:Basidiomycota(1.0000),c:Agaricomycetes(1.0000),o:Agaricales(1.0000),f:Physalacriaceae(1.0000),g:Strobilurus(1.0000),s:Strobilurus_stephanocystis_SH183748.07FU(0.7800)	+	d:Fungi,p:Basidiomycota,c:Agaricomycetes,o:Agaricales,f:Physalacriaceae,g:Strobilurus
Otu1536	d:Fungi(1.0000),p:Basidiomycota(0.9600),c:Agaricomycetes(0.9600),o:Agaricales(0.9500),f:Psathyrellaceae(0.0200),g:Psathyrella(0.0200),s:Symbiotaphrina_buchneri_SH643910.07FU(0.0200)	+	d:Fungi,p:Basidiomycota,c:Agaricomycetes,o:Agaricales
Otu1533	d:Fungi(1.0000),p:Basidiomycota(0.9900),c:Tremellomycetes(0.0400),o:Holtermanniales(0.0300),f:Holtermanniales_fam_Incertae_sedis(0.0300),g:Holtermanniella(0.0300),s:Holtermanniella_takashimae_SH190741.07FU(0.0300)	+	d:Fungi,p:Basidiomycota
Otu1539	d:Fungi(1.0000),p:Basidiomycota(0.0700),c:Agaricomycetes(0.0700),o:Agaricales(0.0500),f:Symbiotaphrinaceae(0.0500),g:Symbiotaphrina(0.0500),s:Symbiotaphrina_kochii_SH021199.07FU(0.0400)	+	d:Fungi
Otu1541	d:Fungi(1.0000),p:Ascomycota(1.0000),c:Dothideomycetes(1.0000),o:Pleosporales(1.0000),f:Melanommataceae(0.4700),g:Prosthemium(0.2100),s:Praetumpfia_obducens_SH198667.07FU(0.1800)	+	d:Fungi,p:Ascomycota,c:Dothideomycetes,o:Pleosporales
Otu1537	d:Fungi(1.0000),p:Ascomycota(0.9800),c:Leotiomycetes(0.9100),o:Helotiales(0.9100),f:Helotiales_fam_Incertae_sedis(0.3100),g:Chalara(0.3100),s:Chalara_longipes_SH202698.07FU(0.2500)	+	d:Fungi,p:Ascomycota,c:Leotiomycetes,o:Helotiales
Otu1540	d:Fungi(1.0000),p:Mortierellomycota(0.8000),c:Mortierellomycetes(0.8000),o:Mortierellales(0.8000),f:Mortierellaceae(0.8000),g:Mortierella(0.8000),s:Mortierella_fatshederae_SH180138.07FU(0.2700)	+	d:Fungi,p:Mortierellomycota,c:Mortierellomycetes,o:Mortierellales,f:Mortierellaceae,g:Mortierella
Otu1534	d:Fungi(1.0000),p:Ascomycota(1.0000),c:Dothideomycetes(0.3500),o:Capnodiales(0.3500),f:Mycosphaerellaceae(0.3500),g:Sphaerulina(0.3500),s:Sphaerulina_pseudovirgaureae_SH206769.07FU(0.3000)	+	d:Fungi,p:Ascomycota
Otu1542	d:Fungi(1.0000),p:Ascomycota(0.7300),c:Dothideomycetes(0.7300),o:Capnodiales(0.7300),f:Teratosphaeriaceae(0.4700),g:Devriesia(0.4700),s:Devriesia_pseudoamericana_SH192615.07FU(0.4700)	+	d:Fungi
Otu1538	d:Fungi(1.0000),p:Ascomycota(0.8800),c:Dothideomycetes(0.7600),o:Pleosporales(0.7600),f:Dictyosporiaceae(0.0100),g:Dictyosporium(0.0100),s:Dictyosporium_heptasporum_SH016883.07FU(0.0100)	+	d:Fungi,p:Ascomycota
Otu1547	d:Fungi(1.0000),p:Ascomycota(0.1700),c:Eurotiomycetes(0.0800),o:Eurotiales(0.0600),f:Elaphomycetaceae(0.0400),g:Elaphomyces(0.0400),s:Elaphomyces_septatus_SH487981.07FU(0.0200)	+	d:Fungi
Otu1543	d:Fungi(1.0000),p:Chytridiomycota(0.7700),c:Spizellomycetes(0.0500),o:Spizellomycetales(0.0500),f:Phaeosphaeriaceae(0.0200),g:Phaeosphaeria(0.0200),s:Dipodascus_tetrasporeus_SH028095.07FU(0.0200)	+	d:Fungi
Otu1544	d:Fungi(1.0000),p:Basidiomycota(1.0000),c:Tremellomycetes(1.0000),o:Tremellales(0.2200),f:Bulleribasidiaceae(0.2200),g:Vishniacozyma(0.2200),s:Vishniacozyma_victoriae_SH181632.07FU(0.1800)	+	d:Fungi,p:Basidiomycota,c:Tremellomycetes
Otu1549	d:Fungi(1.0000),p:Ascomycota(0.0100),c:Dothideomycetes(0.0100),o:Pleosporales(0.0100),f:Pleosporaceae(0.0100),g:Alternaria(0.0100),s:Alternaria_brassicicola_SH486316.07FU(0.0100)	+	d:Fungi
Otu1545	d:Fungi(1.0000),p:Ascomycota(1.0000),c:Sordariomycetes(1.0000),o:Sordariales(1.0000)	+	d:Fungi,p:Ascomycota,c:Sordariomycetes,o:Sordariales
Otu1548	d:Fungi(0.7000),p:Cercozoa(0.3000),c:Agaricomycetes(0.2000),o:Agaricales(0.1600),f:Cortinariaceae(0.0400),g:Cortinarius(0.0400),s:Psathyrella_sulcatotuberculosa_SH523263.07FU(0.0200)	+	
Otu1546	d:Fungi(1.0000),p:Ascomycota(0.9200),c:Sordariomycetes(0.9200),o:Sordariales(0.9200),f:Lasiosphaeriaceae(0.8600),g:Schizothecium(0.0400),s:Schizothecium_glutinans_SH201189.07FU(0.0200)	+	d:Fungi,p:Ascomycota,c:Sordariomycetes,o:Sordariales,f:Lasiosphaeriaceae
Otu1555	d:Fungi(1.0000),p:Ascomycota(0.9900),c:Leotiomycetes(0.9400),o:Helotiales(0.9400),f:Dermateaceae(0.9400),g:Trimmatostroma(0.9400),s:Trimmatostroma_cordae_SH002249.07FU(0.9400)	+	d:Fungi,p:Ascomycota,c:Leotiomycetes,o:Helotiales,f:Dermateaceae,g:Trimmatostroma,s:Trimmatostroma_cordae_SH002249.07FU
Otu1553	d:Fungi(1.0000),p:Ascomycota(0.9700),c:Dothideomycetes(0.9500),o:Capnodiales(0.9500),f:Teratosphaeriaceae(0.7200),g:Phaeothecoidea(0.4600),s:Phaeothecoidea_proteae_SH027337.07FU(0.4300)	+	d:Fungi,p:Ascomycota,c:Dothideomycetes,o:Capnodiales
Otu1551	d:Fungi(1.0000),p:Basidiomycota(1.0000),c:Tremellomycetes(1.0000),o:Filobasidiales(1.0000),f:Piskurozymaceae(1.0000),g:Solicoccozyma(1.0000),s:Solicoccozyma_aeria_SH190019.07FU(0.1400)	+	d:Fungi,p:Basidiomycota,c:Tremellomycetes,o:Filobasidiales,f:Piskurozymaceae,g:Solicoccozyma
Otu1561	d:Fungi(1.0000),p:Ascomycota(1.0000),c:Dothideomycetes(1.0000),o:Pleosporales(0.9700),f:Leptosphaeriaceae(0.8700),g:Leptosphaeria(0.8700)	+	d:Fungi,p:Ascomycota,c:Dothideomycetes,o:Pleosporales,f:Leptosphaeriaceae,g:Leptosphaeria
Otu1550	d:Fungi(1.0000),p:Ascomycota(0.9900),c:Saccharomycetes(0.9900),o:Saccharomycetales(0.9900),f:Debaryomycetaceae(0.5800),g:Debaryomyces(0.3400),s:Debaryomyces_prosopidis_SH190089.07FU(0.3400)	+	d:Fungi,p:Ascomycota,c:Saccharomycetes,o:Saccharomycetales
Otu1552	d:Fungi(1.0000),p:Ascomycota(0.6700),c:Dothideomycetes(0.6000),o:Capnodiales(0.5000),f:Mycosphaerellaceae(0.5000),g:Mycocentrospora(0.4600),s:Thyrostroma_cornicola_SH202166.07FU(0.0900)	+	d:Fungi
Otu1559	d:Fungi(0.9900),p:Ascomycota(0.5500),c:Agaricomycetes(0.2600),o:Agaricales(0.1500),f:Symbiotaphrinaceae(0.0600),g:Symbiotaphrina(0.0600),s:Symbiotaphrina_kochii_SH021199.07FU(0.0300)	+	d:Fungi
Otu1554	d:Fungi(1.0000),p:Ascomycota(0.9600),c:Sordariomycetes(0.9600),o:Xylariales(0.9600),f:Sporocadaceae(0.8900),g:Pseudopestalotiopsis(0.3100),s:Pseudopestalotiopsis_simitheae_SH388714.07FU(0.3000)	+	d:Fungi,p:Ascomycota,c:Sordariomycetes,o:Xylariales,f:Sporocadaceae
Otu1560	d:Fungi(1.0000),p:Ascomycota(0.9600),c:Eurotiomycetes(0.5700),o:Chaetothyriales(0.5700),f:Herpotrichiellaceae(0.3200),g:Coniosporium(0.2800),s:Knufia_perforans_SH180466.07FU(0.0100)	+	d:Fungi,p:Ascomycota
Otu1556	d:Fungi(1.0000),p:Ascomycota(0.8400),c:Leotiomycetes(0.8400),o:Helotiales(0.8400),f:Helotiaceae(0.8400),g:Articulospora(0.8400)	+	d:Fungi,p:Ascomycota,c:Leotiomycetes,o:Helotiales,f:Helotiaceae,g:Articulospora
Otu1563	d:Fungi(1.0000),p:Ascomycota(0.7500),c:Sordariomycetes(0.7500),o:Xylariales(0.7500),f:Xylariaceae(0.3800)	+	d:Fungi
Otu1557	d:Fungi(1.0000),p:Ascomycota(1.0000),c:Leotiomycetes(0.1300),o:Helotiales(0.1300),f:Helotiaceae(0.0900),g:Hymenoscyphus(0.0800),s:Hymenoscyphus_lepismoides_SH497063.07FU(0.0300)	+	d:Fungi,p:Ascomycota
Otu1558	d:Fungi(1.0000),p:Basidiomycota(1.0000),c:Tremellomycetes(1.0000),o:Tremellales(0.2300),f:Bulleribasidiaceae(0.2300),g:Vishniacozyma(0.2300),s:Vishniacozyma_victoriae_SH181628.07FU(0.1700)	+	d:Fungi,p:Basidiomycota,c:Tremellomycetes
Otu1570	d:Fungi(1.0000),p:Ascomycota(1.0000),c:Leotiomycetes(1.0000),o:Erysiphales(1.0000),f:Erysiphaceae(1.0000),g:Phyllactinia(1.0000),s:Phyllactinia_guttata_SH344013.07FU(0.9900)	+	d:Fungi,p:Ascomycota,c:Leotiomycetes,o:Erysiphales,f:Erysiphaceae,g:Phyllactinia,s:Phyllactinia_guttata_SH344013.07FU
Otu1567	d:Fungi(1.0000),p:Ascomycota(0.6100),c:Sordariomycetes(0.6100),o:Hypocreales(0.6100),f:Nectriaceae(0.6000),g:Dactylonectria(0.6000),s:Dactylonectria_estremocensis_SH238190.07FU(0.5700)	+	d:Fungi
Otu1573	d:Fungi(1.0000),p:Ascomycota(1.0000),c:Sordariomycetes(1.0000),o:Hypocreales(1.0000),f:Hypocreales_fam_Incertae_sedis(0.9800),g:Acremonium(0.9800),s:Acremonium_rutilum_SH207064.07FU(0.9800)	+	d:Fungi,p:Ascomycota,c:Sordariomycetes,o:Hypocreales,f:Hypocreales_fam_Incertae_sedis,g:Acremonium,s:Acremonium_rutilum_SH207064.07FU
Otu1565	d:Fungi(0.8700),p:Ascomycota(0.8700),c:Pezizomycetes(0.8700)	+	d:Fungi,p:Ascomycota,c:Pezizomycetes
Otu1569	d:Fungi(1.0000),p:Chytridiomycota(0.4400),c:Agaricomycetes(0.1600),o:Agaricales(0.0600),f:Glomeraceae(0.0500),g:Lobulomyces(0.0300),s:Diversispora_arenaria_SH196892.07FU(0.0100)	+	d:Fungi
Otu1562	d:Fungi(1.0000),p:Ascomycota(1.0000),c:Dothideomycetes(1.0000),o:Pleosporales(1.0000),f:Cucurbitariaceae(0.7800),g:Pyrenochaeta(0.7800)	+	d:Fungi,p:Ascomycota,c:Dothideomycetes,o:Pleosporales
Otu1571	d:Fungi(1.0000),p:Basidiomycota(0.9600),c:Tremellomycetes(0.9400),o:Tremellales(0.9400),f:Bulleribasidiaceae(0.9400),g:Vishniacozyma(0.9400),s:Vishniacozyma_dimennae_SH203797.07FU(0.7500)	+	d:Fungi,p:Basidiomycota,c:Tremellomycetes,o:Tremellales,f:Bulleribasidiaceae,g:Vishniacozyma
Otu1566	d:Fungi(1.0000),p:Basidiomycota(1.0000),c:Tremellomycetes(1.0000),o:Tremellales(1.0000),f:Bulleribasidiaceae(1.0000),g:Vishniacozyma(1.0000),s:Vishniacozyma_victoriae_SH181632.07FU(1.0000)	+	d:Fungi,p:Basidiomycota,c:Tremellomycetes,o:Tremellales,f:Bulleribasidiaceae,g:Vishniacozyma,s:Vishniacozyma_victoriae_SH181632.07FU
Otu1572	d:Fungi(1.0000),p:Basidiomycota(0.9500),c:Tremellomycetes(0.9200),o:Tremellales(0.9200),f:Bulleribasidiaceae(0.9200),g:Vishniacozyma(0.9200),s:Vishniacozyma_dimennae_SH203801.07FU(0.7800)	+	d:Fungi,p:Basidiomycota,c:Tremellomycetes,o:Tremellales,f:Bulleribasidiaceae,g:Vishniacozyma
Otu1564	d:Fungi(1.0000),p:Ascomycota(1.0000),c:Leotiomycetes(1.0000),o:Helotiales(1.0000),f:Hyaloscyphaceae(0.5900),g:Cistella(0.5900),s:Cistella_albidolutea_SH198116.07FU(0.5900)	+	d:Fungi,p:Ascomycota,c:Leotiomycetes,o:Helotiales
Otu1574	d:Fungi(1.0000),p:Ascomycota(1.0000),c:Dothideomycetes(1.0000),o:Pleosporales(1.0000),f:Phaeosphaeriaceae(1.0000)	+	d:Fungi,p:Ascomycota,c:Dothideomycetes,o:Pleosporales,f:Phaeosphaeriaceae
Otu1575	d:Fungi(1.0000),p:Ascomycota(0.9100),c:Sordariomycetes(0.6400),o:Hypocreales(0.6300),f:Stachybotryaceae(0.5800),g:Smaragdiniseta(0.2500),s:Smaragdiniseta_bisetosa_SH630182.07FU(0.2500)	+	d:Fungi,p:Ascomycota
Otu1576	d:Fungi(0.9700),p:Basidiomycota(0.4000),c:Agaricomycetes(0.3300),o:Agaricales(0.1100),f:Thelephoraceae(0.0600),g:Pseudotomentella(0.0500),s:Symbiotaphrina_kochii_SH021199.07FU(0.0300)	+	d:Fungi
Otu1577	d:Rhizaria(0.7000),p:Cercozoa(0.7000),c:Agaricomycetes(0.0800),o:Agaricales(0.0500),f:Cortinariaceae(0.0400),g:Symbiotaphrina(0.0400),s:Symbiotaphrina_kochii_SH021199.07FU(0.0200)	+	
Otu1568	d:Fungi(1.0000),p:Ascomycota(0.9600),c:Dothideomycetes(0.0400),o:Pleosporales(0.0400)	+	d:Fungi,p:Ascomycota
Otu1578	d:Fungi(1.0000),p:Ascomycota(0.3000),c:Xylonomycetes(0.1500),o:Symbiotaphrinales(0.1500),f:Symbiotaphrinaceae(0.1500),g:Symbiotaphrina(0.1500),s:Symbiotaphrina_kochii_SH021199.07FU(0.1500)	+	d:Fungi
Otu1581	d:Fungi(1.0000),p:Ascomycota(1.0000),c:Eurotiomycetes(1.0000),o:Verrucariales(1.0000),f:Verrucariaceae(0.0100),g:Catapyrenium(0.0100),s:Catapyrenium_cinereum_SH013143.07FU(0.0100)	+	d:Fungi,p:Ascomycota,c:Eurotiomycetes,o:Verrucariales
Otu1584	d:Fungi(1.0000),p:Ascomycota(0.8800),c:Sordariomycetes(0.8800),o:Sordariales(0.8800),f:Lasiosphaeriaceae(0.8800),g:Schizothecium(0.7800),s:Schizothecium_carpinicola_SH201192.07FU(0.7800)	+	d:Fungi,p:Ascomycota,c:Sordariomycetes,o:Sordariales,f:Lasiosphaeriaceae
Otu1579	d:Fungi(1.0000),p:Ascomycota(1.0000),c:Sordariomycetes(1.0000),o:Chaetosphaeriales(1.0000),f:Chaetosphaeriaceae(0.0900),g:Pseudolachnea(0.0900),s:Pseudolachnea_fraxini_SH207546.07FU(0.0900)	+	d:Fungi,p:Ascomycota,c:Sordariomycetes,o:Chaetosphaeriales
Otu1583	d:Fungi(1.0000),p:Ascomycota(0.5700),c:Orbiliomycetes(0.2900),o:Orbiliales(0.2800),f:Orbiliaceae(0.2700),g:Arthrobotrys(0.1400),s:Arthrobotrys_superba_SH221775.07FU(0.1200)	+	d:Fungi
Otu1580	d:Fungi(1.0000),p:Ascomycota(0.9000),c:Eurotiomycetes(0.9000),o:Chaetothyriales(0.9000),f:Trichomeriaceae(0.6900),g:Trichomerium(0.6900),s:Trichomerium_foliicola_SH177466.07FU(0.6800)	+	d:Fungi,p:Ascomycota,c:Eurotiomycetes,o:Chaetothyriales
Otu1585	d:Fungi(1.0000),p:Basidiomycota(0.0100),c:Cystobasidiomycetes(0.0100),o:Erythrobasidiales(0.0100),f:Erythrobasidiaceae(0.0100),g:Erythrobasidium(0.0100),s:Erythrobasidium_hasegawianum_SH194739.07FU(0.0100)	+	d:Fungi
Otu1590	d:Rhizaria(0.9700),p:Cercozoa(0.9700),c:Lecanoromycetes(0.0100),o:Umbilicariales(0.0100),f:Umbilicariaceae(0.0100),g:Lasallia(0.0100),s:Lasallia_pensylvanica_SH192354.07FU(0.0100)	+	d:Rhizaria,p:Cercozoa
Otu1586	d:Fungi(1.0000),p:Ascomycota(0.9400),c:Dothideomycetes(0.6400),o:Pleosporales(0.6400)	+	d:Fungi,p:Ascomycota
Otu1587	d:Fungi(1.0000),p:Ascomycota(0.6800),c:Leotiomycetes(0.6400),o:Helotiales(0.6400),f:Hyaloscyphaceae(0.1300),g:Proliferodiscus(0.0500),s:Proliferodiscus_tricolor_SH014732.07FU(0.0500)	+	d:Fungi
Otu1582	d:Fungi(1.0000),p:Ascomycota(0.7200),c:Sordariomycetes(0.7200),o:Xylariales(0.7100)	+	d:Fungi
Otu1588	d:Fungi(0.7500),p:Basidiomycota(0.3700),c:Agaricomycetes(0.3400),o:Agaricales(0.1300),f:Glomeraceae(0.0400),g:Inocybe(0.0300),s:Inocybe_monticola_SH219793.07FU(0.0200)	+	
Otu1591	d:Fungi(1.0000),p:Basidiomycota(0.9500),c:Tremellomycetes(0.9200),o:Tremellales(0.9200),f:Bulleribasidiaceae(0.9100),g:Vishniacozyma(0.9100),s:Vishniacozyma_dimennae_SH203801.07FU(0.7700)	+	d:Fungi,p:Basidiomycota,c:Tremellomycetes,o:Tremellales,f:Bulleribasidiaceae,g:Vishniacozyma
Otu1597	d:Fungi(1.0000),p:Basidiomycota(0.2600),c:Tremellomycetes(0.2500),o:Tremellales(0.2500),f:Bulleraceae(0.2000),g:Bullera(0.2000),s:Bullera_crocea_SH209709.07FU(0.2000)	+	d:Fungi
Otu1595	d:Fungi(1.0000),p:Ascomycota(1.0000),c:Leotiomycetes(1.0000)	+	d:Fungi,p:Ascomycota,c:Leotiomycetes
Otu1593	d:Fungi(1.0000),p:Basidiomycota(0.0200),c:Tremellomycetes(0.0200),o:Filobasidiales(0.0200),f:Filobasidiaceae(0.0200),g:Filobasidium(0.0200),s:Filobasidium_chernovii_SH197624.07FU(0.0100)	+	d:Fungi
Otu1592	d:Fungi(1.0000),p:Basidiomycota(0.2800),c:Tremellomycetes(0.2700),o:Tremellales(0.2700),f:Bulleraceae(0.2100),g:Bullera(0.2100),s:Bullera_crocea_SH209709.07FU(0.2100)	+	d:Fungi
Otu1594	d:Fungi(1.0000),p:Ascomycota(0.9900),c:Leotiomycetes(0.9900),o:Helotiales(0.9900),f:Hyaloscyphaceae(0.8300),g:Trichopeziza(0.7100),s:Trichopeziza_mollissima_SH196494.07FU(0.7100)	+	d:Fungi,p:Ascomycota,c:Leotiomycetes,o:Helotiales,f:Hyaloscyphaceae
Otu1601	d:Fungi(1.0000),p:Basidiomycota(1.0000),c:Agaricomycetes(1.0000),o:Agaricales(1.0000),f:Psathyrellaceae(0.9600),g:Coprinopsis(0.9600)	+	d:Fungi,p:Basidiomycota,c:Agaricomycetes,o:Agaricales,f:Psathyrellaceae,g:Coprinopsis
Otu1596	d:Fungi(1.0000),p:Ascomycota(1.0000),c:Dothideomycetes(1.0000),o:Dothideales(0.5500),f:Dothideaceae(0.5400),g:Rhizosphaera(0.3900),s:Rhizosphaera_kalkhoffii_SH206405.07FU(0.2800)	+	d:Fungi,p:Ascomycota,c:Dothideomycetes
Otu1602	d:Fungi(1.0000),p:Basidiomycota(1.0000),c:Agaricomycetes(1.0000),o:Polyporales(1.0000),f:Meruliaceae(1.0000),g:Bjerkandera(1.0000),s:Bjerkandera_adusta_SH197894.07FU(1.0000)	+	d:Fungi,p:Basidiomycota,c:Agaricomycetes,o:Polyporales,f:Meruliaceae,g:Bjerkandera,s:Bjerkandera_adusta_SH197894.07FU
Otu1589	d:Fungi(1.0000),p:Basidiomycota(0.9900),c:Agaricostilbomycetes(0.9900),o:Agaricostilbales(0.9900),f:Kondoaceae(0.9900),g:Kondoa(0.9900),s:Kondoa_changbaiensis_SH015125.07FU(0.6600)	+	d:Fungi,p:Basidiomycota,c:Agaricostilbomycetes,o:Agaricostilbales,f:Kondoaceae,g:Kondoa
Otu1598	d:Fungi(1.0000),p:Chytridiomycota(0.3000),c:Glomeromycetes(0.1300),o:Glomerales(0.1200),f:Glomeraceae(0.1100),g:Symbiotaphrina(0.0700),s:Symbiotaphrina_buchneri_SH643910.07FU(0.0500)	+	d:Fungi
Otu1600	d:Fungi(1.0000),p:Ascomycota(1.0000),c:Dothideomycetes(0.0300),o:Pleosporales(0.0300),f:Phaeosphaeriaceae(0.0200),g:Chaetosphaeronema(0.0200)	+	d:Fungi,p:Ascomycota
Otu1608	d:Fungi(1.0000),p:Ascomycota(1.0000),c:Eurotiomycetes(1.0000),o:Chaetothyriales(1.0000),f:Herpotrichiellaceae(1.0000),g:Capronia(0.0400)	+	d:Fungi,p:Ascomycota,c:Eurotiomycetes,o:Chaetothyriales,f:Herpotrichiellaceae
Otu1604	d:Fungi(1.0000),p:Mucoromycota(1.0000),c:Umbelopsidomycetes(1.0000),o:Umbelopsidales(1.0000),f:Umbelopsidaceae(1.0000),g:Umbelopsis(1.0000)	+	d:Fungi,p:Mucoromycota,c:Umbelopsidomycetes,o:Umbelopsidales,f:Umbelopsidaceae,g:Umbelopsis
Otu1603	d:Fungi(1.0000),p:Basidiomycota(0.5200),c:Tremellomycetes(0.4900),o:Tremellales(0.4900),f:Bulleraceae(0.4400),g:Bullera(0.4400),s:Bullera_crocea_SH209709.07FU(0.4400)	+	d:Fungi
Otu1606	d:Fungi(1.0000),p:Basidiomycota(0.9900),c:Tremellomycetes(0.0400),o:Holtermanniales(0.0300),f:Holtermanniales_fam_Incertae_sedis(0.0300),g:Holtermanniella(0.0300),s:Holtermanniella_takashimae_SH190741.07FU(0.0300)	+	d:Fungi,p:Basidiomycota
Otu1609	d:Fungi(1.0000),p:Basidiomycota(0.3600),c:Agaricomycetes(0.2100),o:Rhizophydiales(0.1300),f:Rhizophydiales_fam_Incertae_sedis(0.1200),g:Coralloidiomyces(0.1200),s:Coralloidiomyces_digitatus_SH461375.07FU(0.1200)	+	d:Fungi
Otu1599	d:Fungi(1.0000),p:Ascomycota(0.7600),c:Lecanoromycetes(0.2700),o:Lecanorales(0.1700),f:Aspergillaceae(0.0900),g:Penicillium(0.0600),s:Penicillium_wellingtonense_SH259275.07FU(0.0400)	+	d:Fungi
Otu1605	d:Fungi(1.0000),p:Ascomycota(0.1100),c:Dothideomycetes(0.1100)	+	d:Fungi
Otu1607	d:Fungi(1.0000),p:Basidiomycota(1.0000),c:Tremellomycetes(0.0600),o:Holtermanniales(0.0300),f:Holtermanniales_fam_Incertae_sedis(0.0300),g:Holtermanniella(0.0300),s:Holtermanniella_takashimae_SH190741.07FU(0.0300)	+	d:Fungi,p:Basidiomycota
Otu1613	d:Fungi(1.0000),p:Chytridiomycota(0.4600),c:Spizellomycetes(0.3000),o:Spizellomycetales(0.3000),f:Powellomycetaceae(0.0700),g:Powellomyces(0.0700),s:Symbiotaphrina_buchneri_SH643910.07FU(0.0400)	+	d:Fungi
Otu1612	d:Fungi(1.0000),p:Ascomycota(1.0000),c:Lecanoromycetes(1.0000),o:Lecanorales(1.0000),f:Parmeliaceae(1.0000),g:Melanelixia(0.9900),s:Melanelixia_subaurifera_SH179328.07FU(0.9900)	+	d:Fungi,p:Ascomycota,c:Lecanoromycetes,o:Lecanorales,f:Parmeliaceae,g:Melanelixia,s:Melanelixia_subaurifera_SH179328.07FU
Otu1615	d:Fungi(1.0000),p:Basidiomycota(0.3200),c:Agaricomycetes(0.2800),o:Diversisporales(0.1700),f:Acaulosporaceae(0.1400),g:Acaulospora(0.0700),s:Symbiotaphrina_buchneri_SH643910.07FU(0.0300)	+	d:Fungi
Otu1611	d:Fungi(1.0000),p:Basidiomycota(0.5500),c:Tremellomycetes(0.5400),o:Tremellales(0.5400),f:Bulleraceae(0.4900),g:Bullera(0.4900),s:Bullera_crocea_SH209709.07FU(0.4900)	+	d:Fungi
Otu1617	d:Fungi(0.9800),p:Ascomycota(0.3100),c:Agaricomycetes(0.1700),o:Capnodiales(0.1200),f:Legeriomycetaceae(0.0800),g:Smittium(0.0600),s:Smittium_morbosum_SH471714.07FU(0.0600)	+	d:Fungi
Otu1614	d:Fungi(0.9900),p:Rozellomycota(0.2700),c:Rozellomycotina_cls_Incertae_sedis(0.2400),o:GS11(0.1200),f:Acaulosporaceae(0.1000),g:Acaulospora(0.0600),s:Acaulospora_lacunosa_SH640298.07FU(0.0400)	+	d:Fungi
Otu1610	d:Fungi(1.0000),p:Ascomycota(0.4100),c:Pucciniomycetes(0.0900),o:Pucciniales(0.0900),f:Pucciniaceae(0.0800),g:Puccinia(0.0700),s:Puccinia_bartholomaei_SH194106.07FU(0.0300)	+	d:Fungi
Otu1618	d:Fungi(1.0000),p:Chytridiomycota(0.6400),c:Spizellomycetes(0.3800),o:Spizellomycetales(0.3800),f:Cortinariaceae(0.0500),g:Cortinarius(0.0500),s:Symbiotaphrina_kochii_SH021199.07FU(0.0400)	+	d:Fungi
Otu1621	d:Fungi(1.0000),p:Ascomycota(1.0000),c:Dothideomycetes(1.0000),o:Capnodiales(1.0000),f:Cladosporiaceae(0.0600),g:Rachicladosporium(0.0600),s:Rachicladosporium_antarcticum_SH205925.07FU(0.0300)	+	d:Fungi,p:Ascomycota,c:Dothideomycetes,o:Capnodiales
Otu1628	d:Fungi(1.0000),p:Ascomycota(1.0000),c:Sordariomycetes(1.0000),o:Branch06(1.0000)	+	d:Fungi,p:Ascomycota,c:Sordariomycetes,o:Branch06
Otu1622	d:Fungi(1.0000),p:Ascomycota(1.0000),c:Dothideomycetes(1.0000),o:Pleosporales(1.0000),f:Phaeosphaeriaceae(0.0400),g:Phoma(0.0300),s:Phoma_aloes_SH087322.07FU(0.0300)	+	d:Fungi,p:Ascomycota,c:Dothideomycetes,o:Pleosporales
Otu1619	d:Fungi(1.0000),p:Chytridiomycota(0.2800),c:Agaricomycetes(0.0900),o:Diversisporales(0.0400),f:Acaulosporaceae(0.0400),g:Acaulospora(0.0400),s:Acaulospora_alpina_SH201906.07FU(0.0400)	+	d:Fungi
Otu1624	d:Fungi(0.8900),p:Ascomycota(0.1700),c:Agaricomycetes(0.1300),o:Agaricales(0.0600),f:Symbiotaphrinaceae(0.0500),g:Symbiotaphrina(0.0500),s:Symbiotaphrina_buchneri_SH643910.07FU(0.0400)	+	d:Fungi
Otu1625	d:Fungi(1.0000),p:Ascomycota(0.9900),c:Sordariomycetes(0.9900),o:Xylariales(0.9900),f:Sporocadaceae(0.9900),g:Discosia(0.9900),s:Discosia_pseudoartocreas_SH278700.07FU(0.9900)	+	d:Fungi,p:Ascomycota,c:Sordariomycetes,o:Xylariales,f:Sporocadaceae,g:Discosia,s:Discosia_pseudoartocreas_SH278700.07FU
Otu1620	d:Fungi(1.0000),p:Ascomycota(0.7500),c:Dothideomycetes(0.7400),o:Pleosporales(0.7400),f:Pleomassariaceae(0.6600),g:Prosthemium(0.6600),s:Prosthemium_intermedium_SH198657.07FU(0.6600)	+	d:Fungi
Otu1616	d:Fungi(1.0000),p:Basidiomycota(1.0000),c:Tremellomycetes(1.0000),o:Tremellales(1.0000),f:Bulleribasidiaceae(1.0000),g:Vishniacozyma(1.0000),s:Vishniacozyma_victoriae_SH181632.07FU(1.0000)	+	d:Fungi,p:Basidiomycota,c:Tremellomycetes,o:Tremellales,f:Bulleribasidiaceae,g:Vishniacozyma,s:Vishniacozyma_victoriae_SH181632.07FU
Otu1623	d:Fungi(1.0000),p:Ascomycota(1.0000),c:Dothideomycetes(1.0000),o:Pleosporales(1.0000),f:Phaeosphaeriaceae(1.0000)	+	d:Fungi,p:Ascomycota,c:Dothideomycetes,o:Pleosporales,f:Phaeosphaeriaceae
Otu1629	d:Fungi(1.0000),p:Basidiomycota(0.9200),c:Microbotryomycetes(0.9200),o:Leucosporidiales(0.9100),f:Leucosporidiaceae(0.9100),g:Leucosporidium(0.2700),s:Leucosporidium_intermedium_SH193771.07FU(0.1700)	+	d:Fungi,p:Basidiomycota,c:Microbotryomycetes,o:Leucosporidiales,f:Leucosporidiaceae
Otu1627	d:Fungi(1.0000),p:Ascomycota(0.9900),c:Dothideomycetes(0.4900),o:Pleosporales(0.4900)	+	d:Fungi,p:Ascomycota
Otu1626	d:Rhizaria(0.5300),p:Cercozoa(0.5300),c:Agaricomycetes(0.1200),o:Sebacinales(0.0500),f:Sebacinaceae(0.0500),g:Sebacina(0.0300),s:Clavulicium_globosum_SH463713.07FU(0.0200)	+	
Otu1637	d:Fungi(1.0000),p:Chytridiomycota(0.4600),c:Agaricomycetes(0.1300),o:Agaricales(0.0900),f:Symbiotaphrinaceae(0.0500),g:Symbiotaphrina(0.0500),s:Symbiotaphrina_buchneri_SH643910.07FU(0.0300)	+	d:Fungi
Otu1630	d:Fungi(1.0000),p:Ascomycota(0.9600),c:Eurotiomycetes(0.9200),o:Chaetothyriales(0.9000),f:Herpotrichiellaceae(0.1200),g:Cladophialophora(0.0600),s:Strelitziana_malaysiana_SH487744.07FU(0.0300)	+	d:Fungi,p:Ascomycota,c:Eurotiomycetes,o:Chaetothyriales
Otu1633	d:Fungi(1.0000),p:Ascomycota(0.1400),c:Dothideomycetes(0.1400),o:Pleosporales(0.1400),f:Sporormiaceae(0.1300),g:Preussia(0.1000),s:Preussia_africana_SH184194.07FU(0.0300)	+	d:Fungi
Otu1640	d:Fungi(1.0000),p:Chytridiomycota(0.5500),c:Rhizophydiomycetes(0.1500),o:Rhizophydiales(0.1500),f:Rhizophydiaceae(0.0900),g:Rhizophydium(0.0900),s:Coralloidiomyces_digitatus_SH461375.07FU(0.0300)	+	d:Fungi
Otu1636	d:Fungi(1.0000),p:Chytridiomycota(0.0200),c:Glomeromycetes(0.0100),o:Rhizophydiales(0.0100),f:Gigasporaceae(0.0100),g:Exobasidium(0.0100),s:Gigaspora_margarita_SH630873.07FU(0.0100)	+	d:Fungi
Otu1631	d:Fungi(1.0000),p:Ascomycota(0.9600),c:Eurotiomycetes(0.9600),o:Chaetothyriales(0.9600),f:Herpotrichiellaceae(0.8700),g:Exophiala(0.7400),s:Exophiala_bonariae_SH197658.07FU(0.2000)	+	d:Fungi,p:Ascomycota,c:Eurotiomycetes,o:Chaetothyriales,f:Herpotrichiellaceae
Otu1635	d:Fungi(0.9700),p:Basidiomycota(0.2900),c:Agaricomycetes(0.2200),o:Glomerales(0.0700),f:Glomeraceae(0.0700),g:Orbilia(0.0400),s:Harpellomyces_montanus_SH486470.07FU(0.0300)	+	d:Fungi
Otu1632	d:Fungi(1.0000),p:Ascomycota(0.8200),c:Eurotiomycetes(0.2300),o:Helotiales(0.1300),f:Verrucariaceae(0.0600),g:Massaria(0.0500),s:Acarospora_schleicheri_SH191930.07FU(0.0200)	+	d:Fungi,p:Ascomycota
Otu1641	d:Fungi(1.0000),p:Ascomycota(0.5800),c:Dothideomycetes(0.3000),o:Pleosporales(0.2200),f:Symbiotaphrinaceae(0.0800),g:Symbiotaphrina(0.0800),s:Symbiotaphrina_buchneri_SH643910.07FU(0.0500)	+	d:Fungi
Otu1643	d:Fungi(1.0000),p:Basidiomycota(0.0300),c:Tremellomycetes(0.0300),o:Filobasidiales(0.0200),f:Filobasidiaceae(0.0200),g:Filobasidium(0.0200),s:Filobasidium_chernovii_SH197624.07FU(0.0100)	+	d:Fungi
Otu1638	d:Fungi(1.0000),p:Basidiomycota(0.5300),c:Tremellomycetes(0.4900),o:Tremellales(0.4900),f:Bulleraceae(0.4400),g:Bullera(0.4400),s:Bullera_crocea_SH209709.07FU(0.4400)	+	d:Fungi
Otu1642	d:Fungi(1.0000),p:Rozellomycota(0.5500),c:Agaricomycetes(0.0100),o:Cantharellales(0.0100),f:Cantharellales_fam_Incertae_sedis(0.0100),g:Sistotrema(0.0100)	+	d:Fungi
Otu1639	d:Fungi(1.0000),p:Basidiomycota(0.0200),c:Tremellomycetes(0.0200),o:Filobasidiales(0.0200),f:Filobasidiaceae(0.0200),g:Filobasidium(0.0200),s:Filobasidium_chernovii_SH197624.07FU(0.0100)	+	d:Fungi
Otu1634	d:Fungi(1.0000),p:Basidiomycota(0.2500),c:Tremellomycetes(0.2500),o:Tremellales(0.2500),f:Bulleraceae(0.1900),g:Bullera(0.1900),s:Bullera_crocea_SH209709.07FU(0.1900)	+	d:Fungi
Otu1644	d:Fungi(1.0000),p:Ascomycota(0.6300),c:Sordariomycetes(0.6300),o:Sordariales(0.6300),f:Lasiosphaeriaceae(0.5900),g:Schizothecium(0.0200),s:Schizothecium_glutinans_SH201189.07FU(0.0100)	+	d:Fungi
Otu1649	d:Fungi(1.0000),p:Ascomycota(0.2800),c:Sordariomycetes(0.2800),o:Sordariales(0.2800),f:Lasiosphaeriaceae(0.2400),g:Schizothecium(0.0100),s:Schizothecium_glutinans_SH201210.07FU(0.0100)	+	d:Fungi
Otu1648	d:Fungi(1.0000),p:Basidiomycota(1.0000),c:Tremellomycetes(0.0400),o:Holtermanniales(0.0200),f:Holtermanniales_fam_Incertae_sedis(0.0200),g:Holtermanniella(0.0200),s:Holtermanniella_takashimae_SH190741.07FU(0.0200)	+	d:Fungi,p:Basidiomycota
Otu1645	d:Fungi(1.0000),p:Ascomycota(0.8400),c:Leotiomycetes(0.8400),o:Helotiales(0.8400),f:Helotiaceae(0.8400),g:Articulospora(0.8400)	+	d:Fungi,p:Ascomycota,c:Leotiomycetes,o:Helotiales,f:Helotiaceae,g:Articulospora
Otu1646	d:Fungi(0.8800),p:Ascomycota(0.3200),c:Agaricomycetes(0.2400),o:Agaricales(0.1000),f:Symbiotaphrinaceae(0.0900),g:Symbiotaphrina(0.0900),s:Symbiotaphrina_kochii_SH021199.07FU(0.0900)	+	d:Fungi
Otu1650	d:Rhizaria(0.8300),p:Cercozoa(0.8300),c:Agaricomycetes(0.0200),o:Symbiotaphrinales(0.0200),f:Symbiotaphrinaceae(0.0200),g:Symbiotaphrina(0.0200),s:Symbiotaphrina_buchneri_SH643910.07FU(0.0200)	+	d:Rhizaria,p:Cercozoa
Otu1647	d:Fungi(1.0000),p:Ascomycota(1.0000),c:Dothideomycetes(1.0000),o:Capnodiales(1.0000),f:Mycosphaerellaceae(1.0000),g:Ramularia(0.9700),s:Ramularia_urticae_SH522471.07FU(0.3700)	+	d:Fungi,p:Ascomycota,c:Dothideomycetes,o:Capnodiales,f:Mycosphaerellaceae,g:Ramularia
Otu1651	d:Fungi(1.0000),p:Basidiomycota(0.6700),c:Tremellomycetes(0.6600),o:Tremellales(0.6600),f:Bulleribasidiaceae(0.6600),g:Dioszegia(0.6600),s:Dioszegia_hungarica_SH182099.07FU(0.6500)	+	d:Fungi
Otu1655	d:Fungi(1.0000),p:Ascomycota(1.0000),c:Orbiliomycetes(1.0000),o:Orbiliales(1.0000),f:Orbiliaceae(1.0000),g:Orbilia(1.0000),s:Orbilia_rectispora_SH206612.07FU(1.0000)	+	d:Fungi,p:Ascomycota,c:Orbiliomycetes,o:Orbiliales,f:Orbiliaceae,g:Orbilia,s:Orbilia_rectispora_SH206612.07FU
Otu1656	d:Fungi(1.0000),p:Basidiomycota(0.9600),c:Tremellomycetes(0.9400),o:Tremellales(0.9400),f:Bulleribasidiaceae(0.9400),g:Vishniacozyma(0.9400),s:Vishniacozyma_dimennae_SH203797.07FU(0.7500)	+	d:Fungi,p:Basidiomycota,c:Tremellomycetes,o:Tremellales,f:Bulleribasidiaceae,g:Vishniacozyma
Otu1659	d:Fungi(1.0000),p:Chytridiomycota(1.0000)	+	d:Fungi,p:Chytridiomycota
Otu1653	d:Fungi(1.0000),p:Ascomycota(1.0000),c:Sordariomycetes(1.0000),o:Sordariales(1.0000),f:Lasiosphaeriaceae(0.2600)	+	d:Fungi,p:Ascomycota,c:Sordariomycetes,o:Sordariales
Otu1654	d:Fungi(1.0000),p:Ascomycota(1.0000),c:Orbiliomycetes(1.0000),o:Orbiliales(1.0000),f:Orbiliaceae(1.0000),g:Orbilia(1.0000)	+	d:Fungi,p:Ascomycota,c:Orbiliomycetes,o:Orbiliales,f:Orbiliaceae,g:Orbilia
Otu1657	d:Fungi(1.0000),p:Ascomycota(1.0000),c:Dothideomycetes(0.9900),o:Pleosporales(0.8100),f:Leptosphaeriaceae(0.4300),g:Leptosphaeria(0.4300)	+	d:Fungi,p:Ascomycota,c:Dothideomycetes,o:Pleosporales
Otu1652	d:Fungi(1.0000),p:Ascomycota(0.9800),c:Dothideomycetes(0.9800),o:Dothideales(0.9800),f:Dothideaceae(0.0200),g:Endoconidioma(0.0200),s:Endoconidioma_populi_SH206393.07FU(0.0200)	+	d:Fungi,p:Ascomycota,c:Dothideomycetes,o:Dothideales
Otu1661	d:Fungi(1.0000),p:Basidiomycota(1.0000),c:Tremellomycetes(1.0000),o:Tremellales(1.0000),f:Tremellaceae(0.5400),g:Cryptococcus(0.5400),s:Cryptococcus_frias_SH205078.07FU(0.5400)	+	d:Fungi,p:Basidiomycota,c:Tremellomycetes,o:Tremellales
Otu1660	d:Fungi(1.0000),p:Basidiomycota(0.9700),c:Microbotryomycetes(0.0900),o:Leucosporidiales(0.0300),f:Leucosporidiaceae(0.0300),g:Leucosporidium(0.0300),s:Leucosporidium_intermedium_SH193771.07FU(0.0300)	+	d:Fungi,p:Basidiomycota
Otu1663	d:Fungi(1.0000),p:Basidiomycota(0.5200),c:Tremellomycetes(0.5000),o:Tremellales(0.5000),f:Bulleraceae(0.4600),g:Bullera(0.4600),s:Bullera_crocea_SH209709.07FU(0.4600)	+	d:Fungi
Otu1662	d:Fungi(1.0000),p:Ascomycota(1.0000),c:Dothideomycetes(1.0000)	+	d:Fungi,p:Ascomycota,c:Dothideomycetes
Otu1670	d:Fungi(1.0000),p:Ascomycota(1.0000),c:Orbiliomycetes(1.0000),o:Orbiliales(1.0000),f:Orbiliaceae(0.0100)	+	d:Fungi,p:Ascomycota,c:Orbiliomycetes,o:Orbiliales
Otu1669	d:Fungi(1.0000),p:Basidiomycota(1.0000),c:Tremellomycetes(1.0000),o:Tremellales(0.2200),f:Bulleribasidiaceae(0.2200),g:Vishniacozyma(0.2200),s:Vishniacozyma_victoriae_SH181632.07FU(0.1800)	+	d:Fungi,p:Basidiomycota,c:Tremellomycetes
Otu1668	d:Fungi(0.9800),p:Basidiomycota(0.3600),c:Agaricomycetes(0.3100),o:Agaricales(0.1100),f:Glomeraceae(0.1100),g:Russula(0.0500),s:Orphella_catalaunica_SH486519.07FU(0.0400)	+	d:Fungi
Otu1666	d:Fungi(1.0000),p:Ascomycota(0.9200),c:Orbiliomycetes(0.8300),o:Orbiliales(0.8200),f:Orbiliaceae(0.8100),g:Orbilia(0.0400),s:Botryozyma_mucatilis_SH207071.07FU(0.0200)	+	d:Fungi,p:Ascomycota,c:Orbiliomycetes,o:Orbiliales,f:Orbiliaceae
Otu1664	d:Fungi(1.0000),p:Ascomycota(1.0000),c:Dothideomycetes(1.0000),o:Pleosporales(1.0000),f:Leptosphaeriaceae(0.6300),g:Leptosphaeria(0.6300),s:Paraphoma_chrysanthemicola_SH211091.07FU(0.0100)	+	d:Fungi,p:Ascomycota,c:Dothideomycetes,o:Pleosporales
Otu1658	d:Fungi(1.0000),p:Ascomycota(1.0000),c:Dothideomycetes(1.0000),o:Pleosporales(1.0000),f:Melanommataceae(0.4700),g:Prosthemium(0.2100),s:Praetumpfia_obducens_SH198667.07FU(0.1800)	+	d:Fungi,p:Ascomycota,c:Dothideomycetes,o:Pleosporales
Otu1673	d:Fungi(1.0000),p:Ascomycota(1.0000),c:Dothideomycetes(1.0000),o:Pleosporales(1.0000),f:Coniothyriaceae(0.9900),g:Coniothyrium(0.9900),s:Coniothyrium_carteri_SH192125.07FU(0.9900)	+	d:Fungi,p:Ascomycota,c:Dothideomycetes,o:Pleosporales,f:Coniothyriaceae,g:Coniothyrium,s:Coniothyrium_carteri_SH192125.07FU
Otu1672	d:Fungi(1.0000),p:Basidiomycota(1.0000),c:Tremellomycetes(0.0400),o:Holtermanniales(0.0200),f:Holtermanniales_fam_Incertae_sedis(0.0200),g:Holtermanniella(0.0200),s:Holtermanniella_takashimae_SH190741.07FU(0.0200)	+	d:Fungi,p:Basidiomycota
Otu1676	d:Fungi(0.8000),p:Ascomycota(0.3900),c:Glomeromycetes(0.1200),o:Pleosporales(0.0600),f:Symbiotaphrinaceae(0.0500),g:Symbiotaphrina(0.0500),s:Symbiotaphrina_buchneri_SH643910.07FU(0.0300)	+	d:Fungi
Otu1675	d:Fungi(1.0000),p:Basidiomycota(0.2600),c:Tremellomycetes(0.2600),o:Tremellales(0.2600),f:Bulleraceae(0.2100),g:Bullera(0.2100),s:Bullera_crocea_SH209709.07FU(0.2100)	+	d:Fungi
Otu1667	d:Fungi(1.0000),p:Ascomycota(0.0800),c:Dothideomycetes(0.0800),o:Pleosporales(0.0800)	+	d:Fungi
Otu1674	d:Fungi(1.0000),p:Basidiomycota(0.8900),c:Tremellomycetes(0.8900),o:Filobasidiales(0.8900),f:Filobasidiaceae(0.8700),g:Heterocephalacria(0.8700),s:Heterocephalacria_arrabidensis_SH206653.07FU(0.5900)	+	d:Fungi,p:Basidiomycota,c:Tremellomycetes,o:Filobasidiales,f:Filobasidiaceae,g:Heterocephalacria
Otu1671	d:Fungi(1.0000),p:Basidiomycota(1.0000),c:Agaricomycetes(1.0000),o:Cantharellales(1.0000),f:Ceratobasidiaceae(1.0000)	+	d:Fungi,p:Basidiomycota,c:Agaricomycetes,o:Cantharellales,f:Ceratobasidiaceae
Otu1677	d:Fungi(1.0000),p:Ascomycota(1.0000),c:Dothideomycetes(1.0000),o:Capnodiales(1.0000),f:Mycosphaerellaceae(1.0000),g:Ramularia(0.8800),s:Ramularia_grevilleana_SH206807.07FU(0.3500)	+	d:Fungi,p:Ascomycota,c:Dothideomycetes,o:Capnodiales,f:Mycosphaerellaceae,g:Ramularia
Otu1679	d:Fungi(1.0000),p:Ascomycota(1.0000),c:Dothideomycetes(1.0000),o:Capnodiales(1.0000),f:Mycosphaerellaceae(0.8600),g:Cercosporella(0.3700),s:Cercosporella_dolichandrae_SH021518.07FU(0.1900)	+	d:Fungi,p:Ascomycota,c:Dothideomycetes,o:Capnodiales,f:Mycosphaerellaceae
Otu1682	d:Fungi(1.0000),p:Ascomycota(1.0000),c:Sordariomycetes(1.0000),o:Hypocreales(0.9900),f:Xylariaceae(0.0100),g:Pseudoacremonium(0.0100),s:Pseudoacremonium_sacchari_SH026839.07FU(0.0100)	+	d:Fungi,p:Ascomycota,c:Sordariomycetes,o:Hypocreales
Otu1681	d:Fungi(1.0000),p:Ascomycota(1.0000),c:Leotiomycetes(0.6900),o:Helotiales(0.6900),f:Helotiales_fam_Incertae_sedis(0.0700),g:Leohumicola(0.0600),s:Leohumicola_verrucosa_SH201606.07FU(0.0200)	+	d:Fungi,p:Ascomycota
Otu1680	d:Fungi(1.0000),p:Ascomycota(1.0000),c:Eurotiomycetes(0.9500),o:Phaeomoniellales(0.5200),f:Herpotrichiellaceae(0.1900),g:Symbiotaphrina(0.0300),s:Symbiotaphrina_kochii_SH021199.07FU(0.0300)	+	d:Fungi,p:Ascomycota,c:Eurotiomycetes
Otu1684	d:Fungi(1.0000),p:Ascomycota(0.9900),c:Dothideomycetes(0.9900),o:Pleosporales(0.9900),f:Leptosphaeriaceae(0.8800),g:Leptosphaeria(0.8800),s:Leptosphaeria_sclerotioides_SH206026.07FU(0.1600)	+	d:Fungi,p:Ascomycota,c:Dothideomycetes,o:Pleosporales,f:Leptosphaeriaceae,g:Leptosphaeria
Otu1685	d:Fungi(1.0000),p:Ascomycota(1.0000),c:Leotiomycetes(1.0000),o:Helotiales(1.0000)	+	d:Fungi,p:Ascomycota,c:Leotiomycetes,o:Helotiales
Otu1686	d:Fungi(1.0000)	+	d:Fungi
Otu1688	d:Fungi(1.0000),p:Chytridiomycota(0.8700)	+	d:Fungi,p:Chytridiomycota
Otu1687	d:Fungi(1.0000),p:Basidiomycota(0.9400),c:Agaricomycetes(0.8800),o:Agaricales(0.2500),f:Corticiaceae(0.1400),g:Laccaria(0.0700),s:Burgoa_verzuoliana_SH199660.07FU(0.0500)	+	d:Fungi,p:Basidiomycota,c:Agaricomycetes
Otu1683	d:Fungi(1.0000),p:Ascomycota(0.7700)	+	d:Fungi
Otu1690	d:Fungi(1.0000),p:Ascomycota(1.0000)	+	d:Fungi,p:Ascomycota
Otu1691	d:Fungi(1.0000),p:Basidiomycota(1.0000),c:Agaricostilbomycetes(1.0000),o:Agaricostilbales(1.0000),f:Kondoaceae(1.0000),g:Kondoa(1.0000),s:Kondoa_aeria_SH197511.07FU(0.9900)	+	d:Fungi,p:Basidiomycota,c:Agaricostilbomycetes,o:Agaricostilbales,f:Kondoaceae,g:Kondoa,s:Kondoa_aeria_SH197511.07FU
Otu1692	d:Fungi(1.0000),p:Ascomycota(0.9500),c:Dothideomycetes(0.4200),o:Dothideales(0.3300),f:Dothideaceae(0.2200),g:Endoconidioma(0.1800),s:Endoconidioma_populi_SH206393.07FU(0.1800)	+	d:Fungi,p:Ascomycota
Otu1693	d:Fungi(1.0000),p:Basidiomycota(1.0000),c:Tremellomycetes(1.0000),o:Tremellales(1.0000),f:Bulleribasidiaceae(0.9600),g:Vishniacozyma(0.9600),s:Vishniacozyma_tephrensis_SH085566.07FU(0.6800)	+	d:Fungi,p:Basidiomycota,c:Tremellomycetes,o:Tremellales,f:Bulleribasidiaceae,g:Vishniacozyma
Otu1689	d:Fungi(1.0000),p:Ascomycota(0.8200),c:Dothideomycetes(0.6700),o:Pleosporales(0.6700),f:Didymellaceae(0.5400),g:Ascochyta(0.4900),s:Ascochyta_medicaginicola_var._macrospora_SH091871.07FU(0.4800)	+	d:Fungi,p:Ascomycota
Otu1665	d:Fungi(1.0000),p:Ascomycota(1.0000),c:Leotiomycetes(1.0000),o:Helotiales(1.0000),f:Hyaloscyphaceae(0.9100),g:Cistella(0.9100),s:Cistella_albidolutea_SH198116.07FU(0.9100)	+	d:Fungi,p:Ascomycota,c:Leotiomycetes,o:Helotiales,f:Hyaloscyphaceae,g:Cistella,s:Cistella_albidolutea_SH198116.07FU
Otu1694	d:Fungi(1.0000),p:Ascomycota(1.0000),c:Dothideomycetes(1.0000),o:Pleosporales(1.0000),f:Pleosporaceae(1.0000),g:Alternaria(0.9900),s:Alternaria_cinerariae_SH216796.07FU(0.4200)	+	d:Fungi,p:Ascomycota,c:Dothideomycetes,o:Pleosporales,f:Pleosporaceae,g:Alternaria
Otu1700	d:Fungi(1.0000),p:Ascomycota(1.0000),c:Leotiomycetes(1.0000),o:Helotiales(1.0000)	+	d:Fungi,p:Ascomycota,c:Leotiomycetes,o:Helotiales
Otu1698	d:Fungi(0.7200),p:Ascomycota(0.3100),c:Agaricomycetes(0.1400),o:Glomerales(0.1300),f:Glomeraceae(0.1200),g:Sclerotinia(0.0300),s:Sclerotinia_homoeocarpa_SH183853.07FU(0.0300)	+	
Otu1695	d:Fungi(1.0000),p:Basidiomycota(1.0000),c:Tremellomycetes(0.0400),o:Holtermanniales(0.0200),f:Holtermanniales_fam_Incertae_sedis(0.0200),g:Holtermanniella(0.0200),s:Holtermanniella_takashimae_SH190741.07FU(0.0200)	+	d:Fungi,p:Basidiomycota
Otu1699	d:Fungi(1.0000),p:Basidiomycota(0.9500),c:Tremellomycetes(0.9100),o:Tremellales(0.8900),f:Bulleribasidiaceae(0.8900),g:Vishniacozyma(0.8900),s:Vishniacozyma_dimennae_SH203801.07FU(0.7600)	+	d:Fungi,p:Basidiomycota,c:Tremellomycetes,o:Tremellales,f:Bulleribasidiaceae,g:Vishniacozyma
Otu1696	d:Fungi(1.0000),p:Ascomycota(1.0000),c:Dothideomycetes(1.0000),o:Pleosporales(1.0000),f:Torulaceae(1.0000),g:Torula(1.0000)	+	d:Fungi,p:Ascomycota,c:Dothideomycetes,o:Pleosporales,f:Torulaceae,g:Torula
Otu1697	d:Fungi(1.0000),p:Ascomycota(1.0000),c:Sordariomycetes(1.0000),o:Hypocreales(1.0000),f:Hypocreales_fam_Incertae_sedis(1.0000),g:Acremonium(0.8100),s:Acremonium_dichromosporum_SH217330.07FU(0.6800)	+	d:Fungi,p:Ascomycota,c:Sordariomycetes,o:Hypocreales,f:Hypocreales_fam_Incertae_sedis,g:Acremonium
Otu1703	d:Fungi(1.0000),p:Basidiomycota(1.0000),c:Agaricostilbomycetes(1.0000),o:Agaricostilbales(1.0000),f:Kondoaceae(1.0000),g:Kondoa(1.0000)	+	d:Fungi,p:Basidiomycota,c:Agaricostilbomycetes,o:Agaricostilbales,f:Kondoaceae,g:Kondoa
Otu1706	d:Fungi(1.0000),p:Ascomycota(1.0000),c:Dothideomycetes(1.0000),o:Pleosporales(1.0000),f:Phaeosphaeriaceae(0.4000),g:Paraphoma(0.4000),s:Paraphoma_chrysanthemicola_SH208737.07FU(0.1100)	+	d:Fungi,p:Ascomycota,c:Dothideomycetes,o:Pleosporales
Otu1705	d:Fungi(1.0000),p:Ascomycota(0.0200),c:Dothideomycetes(0.0200),o:Pleosporales(0.0200),f:Sporormiaceae(0.0200),g:Preussia(0.0200)	+	d:Fungi
Otu1704	d:Fungi(1.0000),p:Ascomycota(0.8400),c:Leotiomycetes(0.8400),o:Helotiales(0.8400),f:Helotiaceae(0.8400),g:Articulospora(0.8400)	+	d:Fungi,p:Ascomycota,c:Leotiomycetes,o:Helotiales,f:Helotiaceae,g:Articulospora
Otu1708	d:Fungi(1.0000),p:Chytridiomycota(0.6700),c:Spizellomycetes(0.1200),o:Spizellomycetales(0.1200),f:Powellomycetaceae(0.0400),g:Powellomyces(0.0400),s:Synchytrium_papillatum_SH487289.07FU(0.0300)	+	d:Fungi
Otu1707	d:Fungi(1.0000),p:Ascomycota(0.2800),c:Dothideomycetes(0.2600),o:Myriangiales(0.2600),f:Myriangiales_fam_Incertae_sedis(0.2600),g:Endosporium(0.2600)	+	d:Fungi
Otu1701	d:Fungi(1.0000),p:Ascomycota(0.0900),c:Eurotiomycetes(0.0300),o:Thelephorales(0.0200),f:Thelephoraceae(0.0200),g:Corynelia(0.0200),s:Corynelia_portoricensis_SH029461.07FU(0.0200)	+	d:Fungi
Otu1678	d:Fungi(1.0000),p:Ascomycota(0.8200),c:Leotiomycetes(0.3100),o:Helotiales(0.2700),f:Helotiaceae(0.1500),g:Symbiotaphrina(0.1400),s:Symbiotaphrina_kochii_SH021199.07FU(0.1300)	+	d:Fungi,p:Ascomycota
Otu1709	d:Fungi(0.7800),p:Ascomycota(0.3700),c:Glomeromycetes(0.1300),o:Glomerales(0.1200),f:Glomeraceae(0.1100),g:Funneliformis(0.0400),s:Veluticeps_abietina_SH197315.07FU(0.0300)	+	
Otu1710	d:Fungi(1.0000),p:Ascomycota(1.0000),c:Dothideomycetes(1.0000),o:Capnodiales(0.7100),f:Mycosphaerellaceae(0.7100),g:Ramularia(0.6600),s:Ramularia_proteae_SH279150.07FU(0.3500)	+	d:Fungi,p:Ascomycota,c:Dothideomycetes
Otu1714	d:Fungi(1.0000),p:Ascomycota(1.0000),c:Dothideomycetes(1.0000),o:Pleosporales(1.0000)	+	d:Fungi,p:Ascomycota,c:Dothideomycetes,o:Pleosporales
Otu1712	d:Fungi(0.7100),p:Cercozoa(0.2900),c:Agaricomycetes(0.1400),o:Glomerales(0.1000),f:Glomeraceae(0.1000),g:Glomus(0.0400),s:Loweomyces_wynneae_SH218184.07FU(0.0200)	+	
Otu1711	d:Fungi(1.0000),p:Ascomycota(1.0000),c:Eurotiomycetes(0.0700),o:Chaetothyriales(0.0700),f:Herpotrichiellaceae(0.0700),g:Cladophialophora(0.0700)	+	d:Fungi,p:Ascomycota
Otu1713	d:Fungi(1.0000),p:Chytridiomycota(0.7400),c:Rhizophydiomycetes(0.6600),o:Rhizophydiales(0.6600),f:Protrudomycetaceae(0.4400),g:Protrudomyces(0.4400),s:Protrudomyces_lateralis_SH210255.07FU(0.4400)	+	d:Fungi
Otu1715	d:Fungi(1.0000),p:Ascomycota(0.3100),c:Dothideomycetes(0.1000),o:Pleosporales(0.1000)	+	d:Fungi
Otu1716	d:Fungi(1.0000),p:Ascomycota(0.8000),c:Dothideomycetes(0.7900),o:Capnodiales(0.7900),f:Teratosphaeriaceae(0.3900),g:Capnobotryella(0.1100),s:Penidiella_aggregata_SH025638.07FU(0.0800)	+	d:Fungi,p:Ascomycota
Otu1718	d:Fungi(1.0000),p:Ascomycota(0.8400),c:Sordariomycetes(0.8300),o:Hypocreales(0.4700),f:Sordariaceae(0.3300),g:Phialophora(0.0100),s:Gibellulopsis_chrysanthemi_SH219562.07FU(0.0100)	+	d:Fungi,p:Ascomycota,c:Sordariomycetes
Otu1719	d:Fungi(1.0000),p:Basidiomycota(0.6700),c:Tremellomycetes(0.6600),o:Tremellales(0.6600),f:Bulleribasidiaceae(0.6600),g:Dioszegia(0.6600),s:Dioszegia_hungarica_SH182099.07FU(0.6500)	+	d:Fungi
Otu1722	d:Fungi(1.0000),p:Ascomycota(1.0000),c:Sordariomycetes(1.0000),o:Hypocreales(1.0000),f:Hypocreales_fam_Incertae_sedis(1.0000),g:Acremonium(1.0000)	+	d:Fungi,p:Ascomycota,c:Sordariomycetes,o:Hypocreales,f:Hypocreales_fam_Incertae_sedis,g:Acremonium
Otu1723	d:Fungi(0.9900),p:Ascomycota(0.0500),c:Glomeromycetes(0.0300),o:Orbiliales(0.0200),f:Orbiliaceae(0.0200),g:Scutellospora(0.0200),s:Paraconiothyrium_hawaiiense_SH186963.07FU(0.0100)	+	d:Fungi
Otu1721	d:Fungi(1.0000),p:Basidiomycota(0.2600),c:Tremellomycetes(0.2600),o:Tremellales(0.2600),f:Bulleraceae(0.2100),g:Bullera(0.2100),s:Bullera_crocea_SH209709.07FU(0.2100)	+	d:Fungi
Otu1720	d:Fungi(1.0000),p:Basidiomycota(0.7400),c:Agaricomycetes(0.4200),o:Tremellales(0.2000),f:Bulleribasidiaceae(0.0800),g:Cryptococcus(0.0600),s:Symbiotaphrina_kochii_SH021199.07FU(0.0500)	+	d:Fungi
Otu1724	d:Fungi(1.0000),p:Basidiomycota(0.9900),c:Tremellomycetes(0.9900),o:Tremellales(0.9500),f:Tremellaceae(0.5800),g:Cryptococcus(0.5800),s:Cryptococcus_perniciosus_SH205048.07FU(0.1400)	+	d:Fungi,p:Basidiomycota,c:Tremellomycetes,o:Tremellales
Otu1725	d:Fungi(1.0000),p:Chytridiomycota(0.3800),c:Agaricomycetes(0.1400),o:Agaricales(0.0700),f:Sebacinaceae(0.0400),g:Derxomyces(0.0300),s:Synchytrium_cupulatum_SH009047.07FU(0.0200)	+	d:Fungi
Otu1726	d:Fungi(1.0000),p:Ascomycota(1.0000),c:Dothideomycetes(1.0000),o:Capnodiales(0.8000),f:Mycosphaerellaceae(0.8000),g:Ramularia(0.7200),s:Ramularia_cynarae_SH206859.07FU(0.2600)	+	d:Fungi,p:Ascomycota,c:Dothideomycetes,o:Capnodiales,f:Mycosphaerellaceae
Otu1730	d:Fungi(1.0000),p:Ascomycota(0.5200),c:Agaricomycetes(0.3100),o:Orbiliales(0.1400),f:Orbiliaceae(0.1200),g:Symbiotaphrina(0.1200),s:Symbiotaphrina_buchneri_SH643910.07FU(0.1200)	+	d:Fungi
Otu1728	d:Fungi(1.0000),p:Basidiomycota(1.0000),c:Tremellomycetes(0.0300),o:Holtermanniales(0.0300),f:Holtermanniales_fam_Incertae_sedis(0.0300),g:Holtermanniella(0.0300),s:Holtermanniella_takashimae_SH190741.07FU(0.0300)	+	d:Fungi,p:Basidiomycota
Otu1731	d:Fungi(1.0000),p:Ascomycota(1.0000),c:Dothideomycetes(1.0000),o:Pleosporales(1.0000),f:Phaeosphaeriaceae(0.5100),g:Phaeosphaeria(0.3200),s:Phoma_puncteliae_SH005849.07FU(0.0400)	+	d:Fungi,p:Ascomycota,c:Dothideomycetes,o:Pleosporales
Otu1729	d:Fungi(1.0000),p:Ascomycota(1.0000),c:Lecanoromycetes(1.0000),o:Lecanorales(1.0000),f:Ramalinaceae(1.0000),g:Lecania(1.0000),s:Lecania_cyrtella_SH211253.07FU(1.0000)	+	d:Fungi,p:Ascomycota,c:Lecanoromycetes,o:Lecanorales,f:Ramalinaceae,g:Lecania,s:Lecania_cyrtella_SH211253.07FU
Otu1702	d:Fungi(1.0000),p:Ascomycota(0.4400),c:Sordariomycetes(0.4200),o:Sordariales(0.4200),f:Lasiosphaeriaceae(0.4200),g:Schizothecium(0.0400),s:Schizothecium_glutinans_SH201210.07FU(0.0400)	+	d:Fungi
Otu1732	d:Fungi(1.0000),p:Ascomycota(1.0000),c:Dothideomycetes(1.0000),o:Pleosporales(1.0000),f:Leptosphaeriaceae(0.6300),g:Leptosphaeria(0.6300),s:Paraphoma_chrysanthemicola_SH211091.07FU(0.0100)	+	d:Fungi,p:Ascomycota,c:Dothideomycetes,o:Pleosporales
Otu1733	d:Fungi(1.0000),p:Ascomycota(0.9900),c:Dothideomycetes(0.9700),o:Pleosporales(0.9700),f:Phaeosphaeriaceae(0.8200),g:Septoriella(0.8200),s:Septoriella_phragmitis_SH238525.07FU(0.5900)	+	d:Fungi,p:Ascomycota,c:Dothideomycetes,o:Pleosporales,f:Phaeosphaeriaceae,g:Septoriella
Otu1735	d:Fungi(1.0000),p:Basidiomycota(1.0000),c:Tremellomycetes(0.9900),o:Tremellales(0.1400),f:Bulleribasidiaceae(0.1400),g:Vishniacozyma(0.1400),s:Vishniacozyma_victoriae_SH181632.07FU(0.1200)	+	d:Fungi,p:Basidiomycota,c:Tremellomycetes
Otu1738	d:Fungi(0.7400),p:Ascomycota(0.3000),c:Agaricomycetes(0.2000),o:Orbiliales(0.0800),f:Orbiliaceae(0.0800),g:Orbilia(0.0600),s:Athelia_arachnoidea_SH180230.07FU(0.0400)	+	
Otu1736	d:Fungi(1.0000),p:Ascomycota(1.0000),c:Leotiomycetes(1.0000),o:Helotiales(1.0000)	+	d:Fungi,p:Ascomycota,c:Leotiomycetes,o:Helotiales
Otu1734	d:Fungi(1.0000),p:Mortierellomycota(0.8800),c:Mortierellomycetes(0.8800),o:Mortierellales(0.8800),f:Mortierellaceae(0.8500),g:Mortierella(0.7900),s:Mortierella_exigua_SH180111.07FU(0.2100)	+	d:Fungi,p:Mortierellomycota,c:Mortierellomycetes,o:Mortierellales,f:Mortierellaceae
Otu1737	d:Fungi(1.0000),p:Ascomycota(0.8100),c:Dothideomycetes(0.7600),o:Capnodiales(0.7600),f:Teratosphaeriaceae(0.3500),g:Capnobotryella(0.1000),s:Capnobotryella_renispora_SH183953.07FU(0.1000)	+	d:Fungi,p:Ascomycota
Otu1717	d:Fungi(1.0000),p:Basidiomycota(1.0000),c:Tremellomycetes(0.0500),o:Holtermanniales(0.0400),f:Holtermanniales_fam_Incertae_sedis(0.0400),g:Holtermanniella(0.0400),s:Holtermanniella_takashimae_SH190741.07FU(0.0400)	+	d:Fungi,p:Basidiomycota
Otu1740	d:Fungi(1.0000),p:Ascomycota(1.0000),c:Dothideomycetes(1.0000),o:Pleosporales(1.0000),f:Pleosporaceae(1.0000),g:Alternaria(1.0000),s:Alternaria_metachromatica_SH216783.07FU(0.0400)	+	d:Fungi,p:Ascomycota,c:Dothideomycetes,o:Pleosporales,f:Pleosporaceae,g:Alternaria
Otu1743	d:Fungi(1.0000),p:Ascomycota(0.9800),c:Sordariomycetes(0.9800),o:Xylariales(0.9800),f:Amphisphaeriaceae(0.9700),g:Seimatosporium(0.9700),s:Seimatosporium_hypericinum_SH206684.07FU(0.8200)	+	d:Fungi,p:Ascomycota,c:Sordariomycetes,o:Xylariales,f:Amphisphaeriaceae,g:Seimatosporium,s:Seimatosporium_hypericinum_SH206684.07FU
Otu1742	d:Fungi(1.0000),p:Glomeromycota(0.0100),c:Glomeromycetes(0.0100),o:Glomerales(0.0100),f:Claroideoglomeraceae(0.0100),g:Claroideoglomus(0.0100),s:Claroideoglomus_etunicatum_SH208987.07FU(0.0100)	+	d:Fungi
Otu1744	d:Fungi(1.0000)	+	d:Fungi
Otu1746	d:Fungi(1.0000),p:Basidiomycota(0.8800),c:Microbotryomycetes(0.8800),o:Leucosporidiales(0.8400),f:Leucosporidiaceae(0.8200),g:Leucosporidium(0.8200),s:Leucosporidium_fragarium_SH193772.07FU(0.2000)	+	d:Fungi,p:Basidiomycota,c:Microbotryomycetes,o:Leucosporidiales,f:Leucosporidiaceae,g:Leucosporidium
Otu1727	d:Fungi(1.0000),p:Basidiomycota(1.0000),c:Microbotryomycetes(0.9700),o:Sporidiobolales(0.9700),f:Sporidiobolaceae(0.9700),g:Sporobolomyces(0.9700),s:Sporobolomyces_symmetricus_SH205939.07FU(0.9700)	+	d:Fungi,p:Basidiomycota,c:Microbotryomycetes,o:Sporidiobolales,f:Sporidiobolaceae,g:Sporobolomyces,s:Sporobolomyces_symmetricus_SH205939.07FU
Otu1748	d:Fungi(1.0000),p:Chytridiomycota(0.1200)	+	d:Fungi
Otu1741	d:Fungi(1.0000),p:Ascomycota(1.0000),c:Eurotiomycetes(1.0000),o:Chaetothyriales(1.0000),f:Herpotrichiellaceae(0.9900),g:Knufia(0.0100),s:Knufia_tsunedae_SH180481.07FU(0.0100)	+	d:Fungi,p:Ascomycota,c:Eurotiomycetes,o:Chaetothyriales,f:Herpotrichiellaceae
Otu1749	d:Fungi(1.0000),p:Basidiomycota(1.0000),c:Tremellomycetes(0.4000),o:Tremellales(0.4000),f:Bulleribasidiaceae(0.4000),g:Dioszegia(0.4000),s:Dioszegia_fristingensis_SH209723.07FU(0.3100)	+	d:Fungi,p:Basidiomycota
Otu1750	d:Fungi(1.0000),p:Ascomycota(0.9900),c:Sordariomycetes(0.9900),o:Hypocreales(0.9900),f:Nectriaceae(0.9800),g:Cylindrocarpon(0.4200)	+	d:Fungi,p:Ascomycota,c:Sordariomycetes,o:Hypocreales,f:Nectriaceae
Otu1751	d:Fungi(1.0000),p:Ascomycota(0.9900),c:Dothideomycetes(0.9500),o:Pezizales(0.0100),f:Sarcoscyphaceae(0.0100),g:Microstoma(0.0100),s:Microstoma_floccosum_SH016178.07FU(0.0100)	+	d:Fungi,p:Ascomycota,c:Dothideomycetes
Otu1747	d:Fungi(1.0000),p:Chytridiomycota(0.4400),c:Lobulomycetes(0.0900),o:Lobulomycetales(0.0900),f:Lobulomycetaceae(0.0900),g:Clydaea(0.0900),s:Synchytrium_collapsum_SH461865.07FU(0.0400)	+	d:Fungi
Otu1753	d:Fungi(1.0000),p:Chytridiomycota(0.4000),c:Agaricomycetes(0.1600),o:Rhizophydiales(0.1500),f:Rhizophydiales_fam_Incertae_sedis(0.1400),g:Coralloidiomyces(0.1400),s:Coralloidiomyces_digitatus_SH461375.07FU(0.1400)	+	d:Fungi
Otu1754	d:Fungi(0.8100),p:Basidiomycota(0.3400),c:Agaricomycetes(0.3300),o:Agaricales(0.1900),f:Psathyrellaceae(0.0500),g:Psathyrella(0.0300),s:Dictyonema_thelephora_SH192082.07FU(0.0200)	+	d:Fungi
Otu1756	d:Fungi(1.0000),p:Basidiomycota(0.5100),c:Tremellomycetes(0.4900),o:Tremellales(0.4900),f:Bulleraceae(0.4400),g:Bullera(0.4400),s:Bullera_crocea_SH209709.07FU(0.4400)	+	d:Fungi
Otu1757	d:Fungi(1.0000),p:Ascomycota(0.3000),c:Eurotiomycetes(0.2400),o:Chaetothyriales(0.2400),f:Herpotrichiellaceae(0.2400)	+	d:Fungi
Otu1758	d:Fungi(1.0000),p:Basidiomycota(1.0000),c:Tremellomycetes(1.0000),o:Filobasidiales(1.0000),f:Piskurozymaceae(1.0000),g:Solicoccozyma(1.0000),s:Solicoccozyma_terricola_SH190017.07FU(1.0000)	+	d:Fungi,p:Basidiomycota,c:Tremellomycetes,o:Filobasidiales,f:Piskurozymaceae,g:Solicoccozyma,s:Solicoccozyma_terricola_SH190017.07FU
Otu1752	d:Fungi(1.0000),p:Ascomycota(1.0000),c:Dothideomycetes(1.0000),o:Dothideales(1.0000),f:Dothioraceae(0.6000),g:Hormonema(0.1900),s:Hormonema_prunorum_SH116002.07FU(0.1900)	+	d:Fungi,p:Ascomycota,c:Dothideomycetes,o:Dothideales
Otu1760	d:Fungi(1.0000),p:Ascomycota(0.8000),c:Eurotiomycetes(0.1900),o:Chaetothyriales(0.0900),f:Orbiliaceae(0.0800),g:Orbilia(0.0700),s:Symbiotaphrina_buchneri_SH643910.07FU(0.0300)	+	d:Fungi,p:Ascomycota
Otu1761	d:Fungi(1.0000),p:Ascomycota(1.0000),c:Dothideomycetes(1.0000),o:Pleosporales(1.0000),f:Phaeosphaeriaceae(1.0000)	+	d:Fungi,p:Ascomycota,c:Dothideomycetes,o:Pleosporales,f:Phaeosphaeriaceae
Otu1755	d:Fungi(1.0000),p:Ascomycota(1.0000),c:Dothideomycetes(1.0000),o:Pleosporales(1.0000),f:Phaeosphaeriaceae(1.0000),g:Setophoma(1.0000)	+	d:Fungi,p:Ascomycota,c:Dothideomycetes,o:Pleosporales,f:Phaeosphaeriaceae,g:Setophoma
Otu1762	d:Fungi(1.0000),p:Ascomycota(0.3100),c:Dothideomycetes(0.1000),o:Pleosporales(0.1000)	+	d:Fungi
Otu1763	d:Fungi(1.0000),p:Basidiomycota(0.1800),c:Microbotryomycetes(0.1800),o:Sporidiobolales(0.1700),f:Sporidiobolaceae(0.1700),g:Rhodotorula(0.1700),s:Rhodotorula_ingeniosa_SH213424.07FU(0.1700)	+	d:Fungi
Otu1739	d:Fungi(1.0000),p:Ascomycota(1.0000),c:Sordariomycetes(1.0000),o:Sordariales(0.9700),f:Lasiosphaeriaceae(0.9700),g:Cladorrhinum(0.9700),s:Cladorrhinum_microsclerotigenum_SH012182.07FU(0.0100)	+	d:Fungi,p:Ascomycota,c:Sordariomycetes,o:Sordariales,f:Lasiosphaeriaceae,g:Cladorrhinum
Otu1764	d:Fungi(1.0000),p:Ascomycota(0.9900),c:Dothideomycetes(0.9900),o:Dothideales(0.9600),f:Dothioraceae(0.6100),g:Hormonema(0.5600),s:Hormonema_macrosporum_SH206392.07FU(0.5600)	+	d:Fungi,p:Ascomycota,c:Dothideomycetes,o:Dothideales
Otu1745	d:Fungi(1.0000),p:Ascomycota(0.8200),c:Dothideomycetes(0.8200),o:Pleosporales(0.8200),f:Phaeosphaeriaceae(0.8200),g:Ophiosphaerella(0.8200),s:Ophiosphaerella_korrae_SH183026.07FU(0.8100)	+	d:Fungi,p:Ascomycota,c:Dothideomycetes,o:Pleosporales,f:Phaeosphaeriaceae,g:Ophiosphaerella,s:Ophiosphaerella_korrae_SH183026.07FU
Otu1766	d:Fungi(1.0000),p:Basidiomycota(0.4000),c:Agaricomycetes(0.3600),o:Agaricales(0.2100),f:Agaricaceae(0.0900),g:Tulostoma(0.0700),s:Symbiotaphrina_kochii_SH021199.07FU(0.0400)	+	d:Fungi
Otu1767	d:Fungi(1.0000),p:Ascomycota(1.0000),c:Dothideomycetes(1.0000),o:Pleosporales(1.0000),f:Phaeosphaeriaceae(1.0000),g:Septoriella(0.7700),s:Septoriella_phragmitis_SH238525.07FU(0.7700)	+	d:Fungi,p:Ascomycota,c:Dothideomycetes,o:Pleosporales,f:Phaeosphaeriaceae
Otu1769	d:Fungi(1.0000),p:Basidiomycota(0.4900),c:Tremellomycetes(0.4900),o:Tremellales(0.4900),f:Bulleraceae(0.4400),g:Bullera(0.4400),s:Bullera_crocea_SH209709.07FU(0.4400)	+	d:Fungi
Otu1759	d:Fungi(1.0000),p:Basidiomycota(0.0100),c:Agaricomycetes(0.0100),o:Trechisporales(0.0100),f:Hydnodontaceae(0.0100),g:Trechispora(0.0100)	+	d:Fungi
Otu1772	d:Fungi(1.0000),p:Basidiomycota(1.0000),c:Tremellomycetes(0.0600),o:Holtermanniales(0.0200),f:Holtermanniales_fam_Incertae_sedis(0.0200),g:Holtermanniella(0.0200),s:Holtermanniella_takashimae_SH190741.07FU(0.0200)	+	d:Fungi,p:Basidiomycota
Otu1770	d:Fungi(1.0000),p:Ascomycota(1.0000),c:Dothideomycetes(1.0000),o:Capnodiales(1.0000),f:Mycosphaerellaceae(1.0000),g:Ramularia(0.8600),s:Ramularia_armoraciae_SH206862.07FU(0.3500)	+	d:Fungi,p:Ascomycota,c:Dothideomycetes,o:Capnodiales,f:Mycosphaerellaceae,g:Ramularia
Otu1765	d:Fungi(1.0000),p:Basidiomycota(0.5500),c:Tremellomycetes(0.5400),o:Tremellales(0.5400),f:Bulleraceae(0.4800),g:Bullera(0.4800),s:Bullera_crocea_SH209709.07FU(0.4800)	+	d:Fungi
Otu1768	d:Fungi(1.0000),p:Ascomycota(1.0000),c:Sordariomycetes(1.0000),o:Sordariales(1.0000),f:Lasiosphaeriaceae(1.0000)	+	d:Fungi,p:Ascomycota,c:Sordariomycetes,o:Sordariales,f:Lasiosphaeriaceae
Otu1774	d:Fungi(1.0000),p:Rozellomycota(0.4800)	+	d:Fungi
Otu1776	d:Fungi(1.0000),p:Ascomycota(0.5900),c:Dothideomycetes(0.4400),o:Pleosporales(0.4300),f:Leptosphaeriaceae(0.1500),g:Coniothyrina(0.1000),s:Coniothyrina_agaves_SH017462.07FU(0.1000)	+	d:Fungi
Otu1778	d:Fungi(1.0000),p:Ascomycota(0.9800),c:Dothideomycetes(0.8900),o:Pleosporales(0.8800),f:Phaeosphaeriaceae(0.8800),g:Phaeosphaeria(0.8800),s:Phaeosphaeria_triglochinicola_SH208537.07FU(0.8800)	+	d:Fungi,p:Ascomycota,c:Dothideomycetes,o:Pleosporales,f:Phaeosphaeriaceae,g:Phaeosphaeria,s:Phaeosphaeria_triglochinicola_SH208537.07FU
Otu1775	d:Fungi(1.0000),p:Ascomycota(1.0000),c:Sordariomycetes(1.0000)	+	d:Fungi,p:Ascomycota,c:Sordariomycetes
Otu1773	d:Fungi(1.0000),p:Ascomycota(0.4200),c:Agaricomycetes(0.2000),o:Symbiotaphrinales(0.2000),f:Symbiotaphrinaceae(0.2000),g:Symbiotaphrina(0.2000),s:Symbiotaphrina_kochii_SH021199.07FU(0.1900)	+	d:Fungi
Otu1779	d:Fungi(1.0000),p:Ascomycota(0.9900),c:Leotiomycetes(0.9900),o:Helotiales(0.9900),f:Hyaloscyphaceae(0.7500),g:Cistella(0.7500),s:Cistella_albidolutea_SH198116.07FU(0.7500)	+	d:Fungi,p:Ascomycota,c:Leotiomycetes,o:Helotiales
Otu1781	d:Fungi(1.0000),p:Basidiomycota(0.5500),c:Tremellomycetes(0.5500),o:Pleosporales(0.0100),f:Didymellaceae(0.0100),g:Didymella(0.0100),s:Didymella_glomerata_SH008134.07FU(0.0100)	+	d:Fungi
Otu1783	d:Fungi(1.0000),p:Ascomycota(1.0000),c:Lecanoromycetes(1.0000),o:Teloschistales(1.0000),f:Teloschistaceae(1.0000),g:Caloplaca(1.0000),s:Caloplaca_atroflava_SH206230.07FU(1.0000)	+	d:Fungi,p:Ascomycota,c:Lecanoromycetes,o:Teloschistales,f:Teloschistaceae,g:Caloplaca,s:Caloplaca_atroflava_SH206230.07FU
Otu1784	d:Fungi(1.0000),p:Ascomycota(0.1400),c:Dothideomycetes(0.1400),o:Pleosporales(0.1400),f:Sporormiaceae(0.1300),g:Preussia(0.1200),s:Preussia_africana_SH184194.07FU(0.0100)	+	d:Fungi
Otu1782	d:Fungi(1.0000),p:Ascomycota(1.0000),c:Dothideomycetes(1.0000),o:Pleosporales(0.9600),f:Leptosphaeriaceae(0.8400),g:Leptosphaeria(0.8400)	+	d:Fungi,p:Ascomycota,c:Dothideomycetes,o:Pleosporales,f:Leptosphaeriaceae,g:Leptosphaeria
Otu1785	d:Fungi(1.0000),p:Basidiomycota(1.0000),c:Agaricomycetes(1.0000),o:Auriculariales(0.9900),f:Auriculariaceae(0.0400),g:Auricularia(0.0400),s:Auricularia_americana_SH640987.07FU(0.0400)	+	d:Fungi,p:Basidiomycota,c:Agaricomycetes,o:Auriculariales
Otu1787	d:Fungi(1.0000),p:Ascomycota(1.0000),c:Dothideomycetes(1.0000),o:Pleosporales(1.0000),f:Phaeosphaeriaceae(1.0000),g:Phaeosphaeria(1.0000)	+	d:Fungi,p:Ascomycota,c:Dothideomycetes,o:Pleosporales,f:Phaeosphaeriaceae,g:Phaeosphaeria
Otu1780	d:Fungi(1.0000),p:Ascomycota(0.9100),c:Dothideomycetes(0.9100),o:Capnodiales(0.9100),f:Teratosphaeriaceae(0.8100),g:Devriesia(0.8100),s:Devriesia_pseudoamericana_SH192615.07FU(0.8100)	+	d:Fungi,p:Ascomycota,c:Dothideomycetes,o:Capnodiales,f:Teratosphaeriaceae,g:Devriesia,s:Devriesia_pseudoamericana_SH192615.07FU
Otu1771	d:Fungi(1.0000),p:Monoblepharomycota(1.0000),c:Monoblepharidomycetes(1.0000),o:Monoblepharidales(1.0000)	+	d:Fungi,p:Monoblepharomycota,c:Monoblepharidomycetes,o:Monoblepharidales
Otu1789	d:Fungi(1.0000),p:Basidiomycota(1.0000),c:Tremellomycetes(1.0000),o:Tremellales(1.0000),f:Bulleraceae(1.0000),g:Bullera(1.0000),s:Bullera_alba_SH215453.07FU(1.0000)	+	d:Fungi,p:Basidiomycota,c:Tremellomycetes,o:Tremellales,f:Bulleraceae,g:Bullera,s:Bullera_alba_SH215453.07FU
Otu1788	d:Fungi(1.0000),p:Ascomycota(1.0000),c:Sordariomycetes(1.0000),o:Hypocreales(1.0000)	+	d:Fungi,p:Ascomycota,c:Sordariomycetes,o:Hypocreales
Otu1790	d:Fungi(1.0000),p:Ascomycota(0.9700),c:Dothideomycetes(0.9600),o:Pleosporales(0.9400),f:Didymellaceae(0.2600),g:Phoma(0.2600),s:Herpotrichia_parasitica_SH005854.07FU(0.1200)	+	d:Fungi,p:Ascomycota,c:Dothideomycetes,o:Pleosporales
Otu1792	d:Fungi(1.0000),p:Ascomycota(1.0000),c:Sordariomycetes(1.0000),o:Diaporthales(1.0000),f:Gnomoniaceae(1.0000),g:Apiognomonia(0.8800),s:Apiognomonia_errabunda_SH207368.07FU(0.8800)	+	d:Fungi,p:Ascomycota,c:Sordariomycetes,o:Diaporthales,f:Gnomoniaceae,g:Apiognomonia,s:Apiognomonia_errabunda_SH207368.07FU
Otu1793	d:Fungi(1.0000),p:Basidiomycota(0.4200),c:Agaricomycetes(0.2600),o:Tremellales(0.1200),f:Bulleribasidiaceae(0.1000),g:Derxomyces(0.1000),s:Symbiotaphrina_kochii_SH021199.07FU(0.0300)	+	d:Fungi
Otu1796	d:Fungi(0.9800),p:Chytridiomycota(0.5000),c:Spizellomycetes(0.1700),o:Spizellomycetales(0.1700),f:Glomeraceae(0.0400),g:Russula(0.0300),s:Byssoporia_terrestris_SH213812.07FU(0.0200)	+	d:Fungi
Otu1791	d:Fungi(1.0000),p:Ascomycota(0.9900),c:Leotiomycetes(0.9900),o:Helotiales(0.9900),f:Helotiaceae(0.0200),g:Tetracladium(0.0200)	+	d:Fungi,p:Ascomycota,c:Leotiomycetes,o:Helotiales
Otu1786	d:Fungi(1.0000),p:Ascomycota(0.9900),c:Dothideomycetes(0.9900),o:Pleosporales(0.9900),f:Leptosphaeriaceae(0.8800),g:Leptosphaeria(0.8800),s:Leptosphaeria_sclerotioides_SH206026.07FU(0.1600)	+	d:Fungi,p:Ascomycota,c:Dothideomycetes,o:Pleosporales,f:Leptosphaeriaceae,g:Leptosphaeria
Otu1777	d:Fungi(1.0000),p:Mortierellomycota(1.0000),c:Mortierellomycetes(1.0000),o:Mortierellales(1.0000),f:Mortierellaceae(0.3600),g:Mortierella(0.3600),s:Mortierella_elongata_SH180118.07FU(0.0700)	+	d:Fungi,p:Mortierellomycota,c:Mortierellomycetes,o:Mortierellales
Otu1798	d:Fungi(1.0000),p:Basidiomycota(1.0000),c:Tremellomycetes(1.0000),o:Tremellales(1.0000),f:Tremellaceae(0.5500),g:Cryptococcus(0.5500),s:Cryptococcus_frias_SH205078.07FU(0.5500)	+	d:Fungi,p:Basidiomycota,c:Tremellomycetes,o:Tremellales
Otu1800	d:Fungi(1.0000),p:Chytridiomycota(0.1500)	+	d:Fungi
Otu1801	d:Fungi(1.0000),p:Basidiomycota(1.0000),c:Tremellomycetes(0.0800),o:Holtermanniales(0.0400),f:Holtermanniales_fam_Incertae_sedis(0.0400),g:Holtermanniella(0.0400),s:Holtermanniella_takashimae_SH190741.07FU(0.0400)	+	d:Fungi,p:Basidiomycota
Otu1802	d:Fungi(1.0000),p:Basidiomycota(0.1900),c:Agaricomycetes(0.1900),o:Agaricales(0.1500),f:Tricholomataceae(0.1400),g:Arrhenia(0.1300),s:Arrhenia_auriscalpium_SH104559.07FU(0.1000)	+	d:Fungi
Otu1799	d:Fungi(1.0000),p:Basidiomycota(0.2600),c:Tremellomycetes(0.2600),o:Tremellales(0.2600),f:Bulleraceae(0.2100),g:Bullera(0.2100),s:Bullera_crocea_SH209709.07FU(0.2100)	+	d:Fungi
Otu1794	d:Fungi(1.0000),p:Basidiomycota(0.5300),c:Tremellomycetes(0.5100),o:Tremellales(0.5100),f:Bulleraceae(0.4700),g:Bullera(0.4700),s:Bullera_crocea_SH209709.07FU(0.4700)	+	d:Fungi
Otu1797	d:Fungi(1.0000),p:Basidiomycota(1.0000),c:Agaricomycetes(1.0000),o:Agaricales(1.0000),f:Psathyrellaceae(1.0000),g:Coprinopsis(1.0000),s:Coprinopsis_calospora_SH218993.07FU(0.0400)	+	d:Fungi,p:Basidiomycota,c:Agaricomycetes,o:Agaricales,f:Psathyrellaceae,g:Coprinopsis
Otu1805	d:Fungi(0.9100),p:Ascomycota(0.6300),c:Saccharomycetes(0.4600),o:Saccharomycetales(0.4600),f:Mycosphaerellaceae(0.0500),g:Stenella(0.0400),s:Stenella_araguata_SH631423.07FU(0.0400)	+	d:Fungi
Otu1806	d:Fungi(1.0000),p:Basidiomycota(1.0000),c:Tremellomycetes(1.0000),o:Tremellales(1.0000),f:Tremellaceae(0.5400),g:Cryptococcus(0.5400),s:Cryptococcus_frias_SH205078.07FU(0.5400)	+	d:Fungi,p:Basidiomycota,c:Tremellomycetes,o:Tremellales
Otu1807	d:Fungi(1.0000),p:Ascomycota(0.0100),c:Dothideomycetes(0.0100),o:Capnodiales(0.0100),f:Cladosporiaceae(0.0100),g:Cladosporium(0.0100),s:Cladosporium_grevilleae_SH176536.07FU(0.0100)	+	d:Fungi
Otu1808	d:Fungi(1.0000),p:Basidiomycota(1.0000),c:Tremellomycetes(1.0000),o:Tremellales(0.9900),f:Tremellaceae(0.6600),g:Cryptococcus(0.6600),s:Papiliotrema_anemochoreius_SH020874.07FU(0.1200)	+	d:Fungi,p:Basidiomycota,c:Tremellomycetes,o:Tremellales
Otu1809	d:Fungi(1.0000),p:Ascomycota(0.8000),c:Dothideomycetes(0.8000),o:Capnodiales(0.0200),f:Cladosporiaceae(0.0200),g:Rachicladosporium(0.0200),s:Rachicladosporium_luculiae_SH018822.07FU(0.0100)	+	d:Fungi,p:Ascomycota,c:Dothideomycetes
Otu1812	d:Fungi(1.0000),p:Basidiomycota(0.6000),c:Tremellomycetes(0.5800),o:Tremellales(0.5800),f:Bulleraceae(0.5200),g:Bullera(0.5200),s:Bullera_crocea_SH209709.07FU(0.5200)	+	d:Fungi
Otu1811	d:Fungi(1.0000),p:Basidiomycota(1.0000),c:Agaricomycetes(1.0000),o:Cantharellales(1.0000),f:Cantharellales_fam_Incertae_sedis(1.0000),g:Sistotrema(1.0000)	+	d:Fungi,p:Basidiomycota,c:Agaricomycetes,o:Cantharellales,f:Cantharellales_fam_Incertae_sedis,g:Sistotrema
Otu1795	d:Fungi(1.0000),p:Ascomycota(0.9500),c:Sordariomycetes(0.8700),o:Sordariales(0.5400),f:Lasiosphaeriaceae(0.2900),g:Podospora(0.2300),s:Podospora_immersa_SH021116.07FU(0.2300)	+	d:Fungi,p:Ascomycota,c:Sordariomycetes
Otu1814	d:Fungi(1.0000),p:Chytridiomycota(0.4100),c:Agaricomycetes(0.1100),o:Agaricales(0.0700),f:Endogonales_fam_Incertae_sedis(0.0700),g:Densospora(0.0700),s:Symbiotaphrina_kochii_SH021199.07FU(0.0600)	+	d:Fungi
Otu1803	d:Fungi(1.0000),p:Basidiomycota(1.0000),c:Tremellomycetes(1.0000),o:Tremellales(1.0000),f:Tremellaceae(0.5400),g:Cryptococcus(0.5400),s:Cryptococcus_frias_SH205078.07FU(0.5400)	+	d:Fungi,p:Basidiomycota,c:Tremellomycetes,o:Tremellales
Otu1813	d:Fungi(1.0000),p:Ascomycota(0.9700),c:Eurotiomycetes(0.9700),o:Eurotiales(0.9700),f:Aspergillaceae(0.9600),g:Penicillium(0.9600),s:Penicillium_bialowiezense_SH199400.07FU(0.5400)	+	d:Fungi,p:Ascomycota,c:Eurotiomycetes,o:Eurotiales,f:Aspergillaceae,g:Penicillium
Otu1817	d:Fungi(1.0000),p:Basidiomycota(1.0000),c:Tremellomycetes(0.3700),o:Tremellales(0.3700),f:Bulleribasidiaceae(0.3700),g:Dioszegia(0.3700),s:Dioszegia_fristingensis_SH209723.07FU(0.3000)	+	d:Fungi,p:Basidiomycota
Otu1820	d:Fungi(0.9800),p:Basidiomycota(0.5400),c:Agaricomycetes(0.4600),o:Sebacinales(0.2100),f:Serendipitaceae(0.1700),g:Serendipita(0.1200),s:Symbiotaphrina_kochii_SH021199.07FU(0.0700)	+	d:Fungi
Otu1810	d:Fungi(1.0000),p:Ascomycota(0.9900),c:Leotiomycetes(0.9900),o:Helotiales(0.9900),f:Hyaloscyphaceae(0.8400),g:Trichopeziza(0.7100),s:Trichopeziza_mollissima_SH196494.07FU(0.7100)	+	d:Fungi,p:Ascomycota,c:Leotiomycetes,o:Helotiales,f:Hyaloscyphaceae
Otu1818	d:Fungi(1.0000),p:Basidiomycota(1.0000),c:Tremellomycetes(1.0000),o:Tremellales(1.0000),f:Bulleribasidiaceae(0.9600),g:Vishniacozyma(0.9600),s:Vishniacozyma_tephrensis_SH085566.07FU(0.6800)	+	d:Fungi,p:Basidiomycota,c:Tremellomycetes,o:Tremellales,f:Bulleribasidiaceae,g:Vishniacozyma
Otu1816	d:Fungi(1.0000),p:Ascomycota(1.0000),c:Dothideomycetes(1.0000),o:Pleosporales(0.9900),f:Phaeosphaeriaceae(0.5800),g:Chaetosphaeronema(0.4400),s:Phoma_puncteliae_SH005849.07FU(0.0100)	+	d:Fungi,p:Ascomycota,c:Dothideomycetes,o:Pleosporales
Otu1821	d:Fungi(1.0000),p:Basidiomycota(1.0000),c:Agaricomycetes(1.0000),o:Sebacinales(1.0000),f:Sebacinaceae(1.0000),g:Sebacina(0.6600)	+	d:Fungi,p:Basidiomycota,c:Agaricomycetes,o:Sebacinales,f:Sebacinaceae
Otu1822	d:Fungi(1.0000),p:Ascomycota(0.9200),c:Sordariomycetes(0.9200),o:Sordariales(0.9200),f:Lasiosphaeriaceae(0.8600),g:Schizothecium(0.0400),s:Schizothecium_glutinans_SH201189.07FU(0.0200)	+	d:Fungi,p:Ascomycota,c:Sordariomycetes,o:Sordariales,f:Lasiosphaeriaceae
Otu1815	d:Fungi(1.0000),p:Basidiomycota(0.6500),c:Tremellomycetes(0.6500),o:Filobasidiales(0.6500),f:Filobasidiaceae(0.6500),g:Naganishia(0.6500),s:Naganishia_adeliensis_SH405379.07FU(0.4900)	+	d:Fungi
Otu1824	d:Fungi(1.0000),p:Basidiomycota(0.2100),c:Tremellomycetes(0.2100),o:Tremellales(0.2100),f:Bulleraceae(0.1700),g:Bullera(0.1700),s:Bullera_crocea_SH209709.07FU(0.1700)	+	d:Fungi
Otu1823	d:Fungi(1.0000),p:Ascomycota(1.0000),c:Leotiomycetes(0.9900),o:Helotiales(0.9900),f:Hyaloscyphaceae(0.6900),g:Cistella(0.6900),s:Cistella_albidolutea_SH198116.07FU(0.6900)	+	d:Fungi,p:Ascomycota,c:Leotiomycetes,o:Helotiales
Otu1804	d:Fungi(1.0000),p:Ascomycota(0.0300),c:Lecanoromycetes(0.0200),o:Lecanorales(0.0200),f:Orbiliaceae(0.0100),g:Dactylaria(0.0100),s:Dactylaria_dimorphospora_SH025283.07FU(0.0100)	+	d:Fungi
Otu1828	d:Fungi(1.0000),p:Ascomycota(1.0000),c:Dothideomycetes(1.0000),o:Pleosporales(1.0000),f:Massarinaceae(0.9700),g:Stagonospora(0.9700),s:Stagonospora_pseudovitensis_SH182977.07FU(0.9700)	+	d:Fungi,p:Ascomycota,c:Dothideomycetes,o:Pleosporales,f:Massarinaceae,g:Stagonospora,s:Stagonospora_pseudovitensis_SH182977.07FU
Otu1829	d:Fungi(1.0000),p:Ascomycota(0.8500),c:Dothideomycetes(0.8300),o:Pleosporales(0.8300),f:Didymellaceae(0.5700),g:Phoma(0.5700),s:Phoma_puncteliae_SH005849.07FU(0.5700)	+	d:Fungi,p:Ascomycota,c:Dothideomycetes,o:Pleosporales
Otu1825	d:Rhizaria(0.5700),p:Cercozoa(0.5700),c:Agaricomycetes(0.1200),o:Glomerales(0.0600),f:Glomeraceae(0.0600),g:Orbilia(0.0300),s:Symbiotaphrina_buchneri_SH643910.07FU(0.0300)	+	
Otu1819	d:Fungi(0.7600),p:Basidiomycota(0.3100),c:Agaricomycetes(0.2200),o:Agaricales(0.0800),f:Symbiotaphrinaceae(0.0700),g:Symbiotaphrina(0.0700),s:Symbiotaphrina_buchneri_SH643910.07FU(0.0600)	+	
Otu1830	d:Fungi(1.0000),p:Ascomycota(1.0000),c:Dothideomycetes(1.0000),o:Capnodiales(1.0000),f:Mycosphaerellaceae(0.9900),g:Zymoseptoria(0.9400),s:Zymoseptoria_verkleyi_SH195834.07FU(0.3100)	+	d:Fungi,p:Ascomycota,c:Dothideomycetes,o:Capnodiales,f:Mycosphaerellaceae,g:Zymoseptoria
Otu1831	d:Fungi(1.0000),p:Ascomycota(1.0000),c:Dothideomycetes(1.0000),o:Pleosporales(1.0000)	+	d:Fungi,p:Ascomycota,c:Dothideomycetes,o:Pleosporales
Otu1826	d:Fungi(1.0000),p:Ascomycota(0.7100),c:Dothideomycetes(0.5500),o:Pleosporales(0.5300),f:Leptosphaeriaceae(0.2400),g:Neophaeosphaeria(0.1200),s:Neophaeosphaeria_filamentosa_SH200388.07FU(0.1100)	+	d:Fungi
Otu1827	d:Fungi(1.0000),p:Ascomycota(1.0000),c:Leotiomycetes(0.4200),o:Helotiales(0.4200)	+	d:Fungi,p:Ascomycota
Otu1832	d:Fungi(1.0000),p:Ascomycota(1.0000),c:Dothideomycetes(1.0000),o:Mytilinidiales(0.5400),f:Mytilinidiaceae(0.5400),g:Lophium(0.5400)	+	d:Fungi,p:Ascomycota,c:Dothideomycetes
Otu1839	d:Rhizaria(0.9700),p:Cercozoa(0.9700),c:Agaricomycetes(0.0100),o:Sebacinales(0.0100),f:Sebacinaceae(0.0100),g:Sebacina(0.0100),s:Heliocephala_natarajanii_SH468648.07FU(0.0100)	+	d:Rhizaria,p:Cercozoa
Otu1835	d:Fungi(1.0000),p:Ascomycota(1.0000),c:Leotiomycetes(0.1900),o:Helotiales(0.1900),f:Helotiaceae(0.0700),g:Hymenoscyphus(0.0700),s:Hymenoscyphus_lepismoides_SH497063.07FU(0.0300)	+	d:Fungi,p:Ascomycota
Otu1838	d:Fungi(1.0000),p:Basidiomycota(0.5500),c:Tremellomycetes(0.5500),o:Tremellales(0.5500),f:Bulleraceae(0.4800),g:Bullera(0.4800),s:Bullera_crocea_SH209709.07FU(0.4800)	+	d:Fungi
Otu1834	d:Fungi(1.0000),p:Ascomycota(1.0000),c:Leotiomycetes(1.0000),o:Helotiales(1.0000),f:Helotiales_fam_Incertae_sedis(0.1000),g:Mycoarthris(0.1000),s:Mycoarthris_corallina_SH198115.07FU(0.1000)	+	d:Fungi,p:Ascomycota,c:Leotiomycetes,o:Helotiales
Otu1842	d:Fungi(1.0000),p:Basidiomycota(1.0000),c:Agaricomycetes(1.0000),o:Agaricales(1.0000),f:Strophariaceae(1.0000),g:Hypholoma(1.0000),s:Hypholoma_lateritium_SH219735.07FU(0.8300)	+	d:Fungi,p:Basidiomycota,c:Agaricomycetes,o:Agaricales,f:Strophariaceae,g:Hypholoma,s:Hypholoma_lateritium_SH219735.07FU
Otu1843	d:Fungi(0.9900),p:Ascomycota(0.9900),c:Dothideomycetes(0.0600)	+	d:Fungi,p:Ascomycota
Otu1845	d:Fungi(1.0000),p:Chytridiomycota(0.9500)	+	d:Fungi,p:Chytridiomycota
Otu1841	d:Fungi(1.0000),p:Basidiomycota(1.0000),c:Tremellomycetes(0.3700),o:Tremellales(0.3700),f:Bulleribasidiaceae(0.3700),g:Dioszegia(0.3700),s:Dioszegia_fristingensis_SH209723.07FU(0.3000)	+	d:Fungi,p:Basidiomycota
Otu1836	d:Fungi(1.0000),p:Ascomycota(0.8100),c:Leotiomycetes(0.5100),o:Helotiales(0.4400),f:Helotiales_fam_Incertae_sedis(0.1700),g:Cadophora(0.1500),s:Tricladium_alaskense_SH186795.07FU(0.0500)	+	d:Fungi,p:Ascomycota
Otu1844	d:Fungi(1.0000),p:Ascomycota(0.9300),c:Dothideomycetes(0.4200),o:Pleosporales(0.3800),f:Symbiotaphrinaceae(0.1200),g:Symbiotaphrina(0.1200),s:Symbiotaphrina_kochii_SH021199.07FU(0.1200)	+	d:Fungi,p:Ascomycota
Otu1840	d:Fungi(1.0000),p:Ascomycota(0.6300),c:Leotiomycetes(0.2300),o:Helotiales(0.2000),f:Parmeliaceae(0.0600),g:Pyrenula(0.0300),s:Pannoparmelia_angustata_SH205907.07FU(0.0300)	+	d:Fungi
Otu1837	d:Fungi(0.8700),p:Ascomycota(0.3800),c:Agaricomycetes(0.1200),o:Helotiales(0.0600),f:Symbiotaphrinaceae(0.0500),g:Symbiotaphrina(0.0500),s:Symbiotaphrina_kochii_SH021199.07FU(0.0400)	+	d:Fungi
Otu1847	d:Fungi(1.0000),p:Ascomycota(0.6900),c:Dothideomycetes(0.4500),o:Pleosporales(0.3800),f:Massarinaceae(0.1300),g:Stagonospora(0.0900),s:Stagonospora_pseudopaludosa_SH004392.07FU(0.0200)	+	d:Fungi
Otu1848	d:Fungi(1.0000),p:Ascomycota(1.0000)	+	d:Fungi,p:Ascomycota
Otu1853	d:Fungi(0.9900),p:Chytridiomycota(0.5000),c:Spizellomycetes(0.2500),o:Spizellomycetales(0.2500),f:Symbiotaphrinaceae(0.0800),g:Symbiotaphrina(0.0800),s:Symbiotaphrina_buchneri_SH643910.07FU(0.0800)	+	d:Fungi
Otu1852	d:Fungi(1.0000),p:Basidiomycota(0.0800),c:Agaricomycetes(0.0700),o:Agaricales(0.0300),f:Glomeraceae(0.0200),g:Phylloporus(0.0200),s:Phylloporus_leucomycelinus_SH209934.07FU(0.0200)	+	d:Fungi
Otu1850	d:Fungi(1.0000),p:Basidiomycota(0.9500),c:Microbotryomycetes(0.9500),o:Sporidiobolales(0.9500),f:Sporidiobolaceae(0.9500),g:Sporobolomyces(0.0700),s:Sporobolomyces_roseus_SH194973.07FU(0.0700)	+	d:Fungi,p:Basidiomycota,c:Microbotryomycetes,o:Sporidiobolales,f:Sporidiobolaceae
Otu1851	d:Fungi(1.0000),p:Ascomycota(0.0100),c:Dothideomycetes(0.0100),o:Pleosporales(0.0100),f:Massariaceae(0.0100),g:Massaria(0.0100),s:Massaria_zanthoxyli_SH477496.07FU(0.0100)	+	d:Fungi
Otu1855	d:Fungi(1.0000),p:Ascomycota(1.0000),c:Leotiomycetes(1.0000),o:Helotiales(1.0000),f:Hyaloscyphaceae(0.9400),g:Trichopezizella(0.9100),s:Trichopezizella_otanii_SH196512.07FU(0.9100)	+	d:Fungi,p:Ascomycota,c:Leotiomycetes,o:Helotiales,f:Hyaloscyphaceae,g:Trichopezizella,s:Trichopezizella_otanii_SH196512.07FU
Otu1833	d:Fungi(1.0000),p:Ascomycota(0.9900),c:Dothideomycetes(0.6500),o:Capnodiales(0.6500),f:Extremaceae(0.6200),g:Vermiconia(0.6200),s:Vermiconia_calcicola_SH585084.07FU(0.6200)	+	d:Fungi,p:Ascomycota
Otu1857	d:Fungi(1.0000),p:Basidiomycota(0.2600),c:Glomeromycetes(0.1500),o:Pucciniales(0.0900),f:Glomeraceae(0.0500),g:Phakopsora(0.0500),s:Phakopsora_meibomiae_SH202866.07FU(0.0500)	+	d:Fungi
Otu1858	d:Rhizaria(0.5300),p:Cercozoa(0.5300),c:Agaricomycetes(0.0400),o:Polyporales(0.0200),f:Acaulosporaceae(0.0200),g:Acaulospora(0.0200),s:Symbiotaphrina_kochii_SH021199.07FU(0.0200)	+	
Otu1856	d:Fungi(1.0000),p:Basidiomycota(0.5400),c:Tremellomycetes(0.5400),o:Tremellales(0.5400),f:Bulleraceae(0.4800),g:Bullera(0.4800),s:Bullera_crocea_SH209709.07FU(0.4800)	+	d:Fungi
Otu1846	d:Fungi(1.0000),p:Ascomycota(1.0000),c:Dothideomycetes(1.0000),o:Pleosporales(1.0000),f:Phaeosphaeriaceae(1.0000)	+	d:Fungi,p:Ascomycota,c:Dothideomycetes,o:Pleosporales,f:Phaeosphaeriaceae
Otu1849	d:Fungi(1.0000),p:Ascomycota(0.8800),c:Dothideomycetes(0.7600),o:Pleosporales(0.7600),f:Dictyosporiaceae(0.0100),g:Dictyosporium(0.0100),s:Dictyosporium_heptasporum_SH016883.07FU(0.0100)	+	d:Fungi,p:Ascomycota
Otu1864	d:Rhizaria(0.6700),p:Cercozoa(0.6700),c:Agaricomycetes(0.0600),o:Symbiotaphrinales(0.0500),f:Symbiotaphrinaceae(0.0500),g:Symbiotaphrina(0.0500),s:Symbiotaphrina_kochii_SH021199.07FU(0.0400)	+	
Otu1865	d:Fungi(1.0000),p:Basidiomycota(1.0000),c:Agaricomycetes(1.0000),o:Agaricales(1.0000),f:Physalacriaceae(1.0000),g:Flammulina(1.0000),s:Flammulina_velutipes_SH221673.07FU(0.5200)	+	d:Fungi,p:Basidiomycota,c:Agaricomycetes,o:Agaricales,f:Physalacriaceae,g:Flammulina
Otu1863	d:Fungi(1.0000),p:Ascomycota(1.0000),c:Eurotiomycetes(0.9900),o:Verrucariales(0.9900),f:Verrucariaceae(0.0100),g:Verrucaria(0.0100),s:Symbiotaphrina_kochii_SH021199.07FU(0.0100)	+	d:Fungi,p:Ascomycota,c:Eurotiomycetes,o:Verrucariales
Otu1861	d:Fungi(1.0000),p:Basidiomycota(1.0000),c:Agaricomycetes(1.0000),o:Agaricales(1.0000),f:Psathyrellaceae(0.9900),g:Coprinellus(0.9900),s:Coprinellus_micaceus_SH220349.07FU(0.8700)	+	d:Fungi,p:Basidiomycota,c:Agaricomycetes,o:Agaricales,f:Psathyrellaceae,g:Coprinellus,s:Coprinellus_micaceus_SH220349.07FU
Otu1859	d:Fungi(1.0000),p:Ascomycota(1.0000),c:Dothideomycetes(1.0000),o:Pleosporales(1.0000),f:Pleosporaceae(1.0000),g:Alternaria(1.0000),s:Alternaria_cinerariae_SH216796.07FU(0.9100)	+	d:Fungi,p:Ascomycota,c:Dothideomycetes,o:Pleosporales,f:Pleosporaceae,g:Alternaria,s:Alternaria_cinerariae_SH216796.07FU
Otu1860	d:Fungi(1.0000),p:Ascomycota(0.9600),c:Dothideomycetes(0.6400),o:Pleosporales(0.6400),f:Melanommataceae(0.6400),g:Alpinaria(0.4200),s:Alpinaria_rhododendri_SH106794.07FU(0.4200)	+	d:Fungi,p:Ascomycota
Otu1868	d:Fungi(1.0000),p:Ascomycota(0.7900),c:Eurotiomycetes(0.2500),o:Chaetothyriales(0.1300),f:Verrucariaceae(0.0600),g:Verrucaria(0.0500),s:Cladonia_borealis_SH210018.07FU(0.0400)	+	d:Fungi
Otu1869	d:Fungi(1.0000),p:Basidiomycota(0.6500),c:Tremellomycetes(0.6400),o:Tremellales(0.6400),f:Bulleribasidiaceae(0.6400),g:Dioszegia(0.6400),s:Dioszegia_hungarica_SH182099.07FU(0.6200)	+	d:Fungi
Otu1854	d:Fungi(1.0000),p:Ascomycota(1.0000),c:Arthoniomycetes(0.9600),o:Lichenostigmatales(0.9600),f:Phaeococcomycetaceae(0.9600),g:Phaeococcomyces(0.9600),s:Phaeococcomyces_catenatus_SH197114.07FU(0.9600)	+	d:Fungi,p:Ascomycota,c:Arthoniomycetes,o:Lichenostigmatales,f:Phaeococcomycetaceae,g:Phaeococcomyces,s:Phaeococcomyces_catenatus_SH197114.07FU
Otu1872	d:Fungi(1.0000),p:Ascomycota(0.8000),c:Dothideomycetes(0.4900),o:Pleosporales(0.4700),f:Symbiotaphrinaceae(0.0900),g:Symbiotaphrina(0.0900),s:Symbiotaphrina_kochii_SH021199.07FU(0.0700)	+	d:Fungi,p:Ascomycota
Otu1870	d:Fungi(1.0000),p:Ascomycota(0.4400),c:Sordariomycetes(0.4200),o:Sordariales(0.4200),f:Lasiosphaeriaceae(0.4200),g:Schizothecium(0.0400),s:Schizothecium_glutinans_SH201210.07FU(0.0400)	+	d:Fungi
Otu1873	d:Fungi(1.0000),p:Basidiomycota(0.9900),c:Tremellomycetes(0.0400),o:Holtermanniales(0.0300),f:Holtermanniales_fam_Incertae_sedis(0.0300),g:Holtermanniella(0.0300),s:Holtermanniella_takashimae_SH190741.07FU(0.0300)	+	d:Fungi,p:Basidiomycota
Otu1867	d:Fungi(1.0000),p:Basidiomycota(0.2600),c:Tremellomycetes(0.2500),o:Tremellales(0.2500),f:Bulleraceae(0.2000),g:Bullera(0.2000),s:Bullera_crocea_SH209709.07FU(0.2000)	+	d:Fungi
Otu1862	d:Fungi(0.9800),p:Basidiomycota(0.2900),c:Agaricomycetes(0.2700),o:Agaricales(0.1900),f:Glomeraceae(0.1600),g:Symbiotaphrina(0.1000),s:Symbiotaphrina_kochii_SH021199.07FU(0.0900)	+	d:Fungi
Otu1875	d:Fungi(0.7500),p:Ascomycota(0.4900),c:Orbiliomycetes(0.3600),o:Orbiliales(0.3600),f:Orbiliaceae(0.3600),g:Inocybe(0.1300),s:Symbiotaphrina_kochii_SH021199.07FU(0.1300)	+	
Otu1874	d:Fungi(0.8600),p:Ascomycota(0.6100),c:Saccharomycetes(0.4100),o:Saccharomycetales(0.4100),f:Mycosphaerellaceae(0.0700),g:Stenella(0.0600),s:Stenella_araguata_SH631423.07FU(0.0600)	+	d:Fungi
Otu1871	d:Fungi(1.0000),p:Basidiomycota(0.3400),c:Agaricomycetes(0.2600),o:Agaricales(0.1500),f:Russulaceae(0.0500),g:Entorrhiza(0.0500),s:Entorrhiza_aschersoniana_SH523879.07FU(0.0200)	+	d:Fungi
Otu1866	d:Fungi(1.0000),p:Ascomycota(1.0000),c:Sordariomycetes(1.0000),o:Diaporthales(1.0000),f:Gnomoniaceae(1.0000),g:Cryptodiaporthe(0.6300),s:Plagiostoma_samuelsii_SH279979.07FU(0.3200)	+	d:Fungi,p:Ascomycota,c:Sordariomycetes,o:Diaporthales,f:Gnomoniaceae
Otu1878	d:Fungi(1.0000),p:Basidiomycota(0.4900),c:Tremellomycetes(0.4900),o:Tremellales(0.4900),f:Bulleraceae(0.4400),g:Bullera(0.4400),s:Bullera_crocea_SH209709.07FU(0.4400)	+	d:Fungi
Otu1883	d:Fungi(1.0000),p:Ascomycota(1.0000),c:Dothideomycetes(1.0000),o:Pleosporales(1.0000),f:Lentitheciaceae(1.0000),g:Darksidea(1.0000),s:Darksidea_gamma_SH207014.07FU(0.6700)	+	d:Fungi,p:Ascomycota,c:Dothideomycetes,o:Pleosporales,f:Lentitheciaceae,g:Darksidea
Otu1877	d:Fungi(1.0000),p:Ascomycota(0.9600),c:Dothideomycetes(0.0400),o:Pleosporales(0.0400)	+	d:Fungi,p:Ascomycota
Otu1886	d:Fungi(1.0000),p:Basidiomycota(1.0000),c:Agaricomycetes(1.0000),o:Polyporales(1.0000),f:Polyporaceae(0.9900),g:Daedaleopsis(0.9900),s:Daedaleopsis_confragosa_SH198781.07FU(0.9900)	+	d:Fungi,p:Basidiomycota,c:Agaricomycetes,o:Polyporales,f:Polyporaceae,g:Daedaleopsis,s:Daedaleopsis_confragosa_SH198781.07FU
Otu1880	d:Fungi(1.0000),p:Basidiomycota(1.0000),c:Tremellomycetes(0.0300),o:Holtermanniales(0.0300),f:Holtermanniales_fam_Incertae_sedis(0.0300),g:Holtermanniella(0.0300),s:Holtermanniella_takashimae_SH190741.07FU(0.0300)	+	d:Fungi,p:Basidiomycota
Otu1884	d:Fungi(0.9900),p:Ascomycota(0.2600),c:Agaricomycetes(0.2000),o:Agaricales(0.1700),f:Glomeraceae(0.1000),g:Arthrobotrys(0.0500),s:Arthrobotrys_superba_SH221775.07FU(0.0500)	+	d:Fungi
Otu1879	d:Fungi(1.0000),p:Ascomycota(0.9900),c:Leotiomycetes(0.9900),o:Helotiales(0.9900)	+	d:Fungi,p:Ascomycota,c:Leotiomycetes,o:Helotiales
Otu1882	d:Fungi(1.0000),p:Ascomycota(0.0900),c:Dothideomycetes(0.0900),o:Pleosporales(0.0900),f:Pleosporaceae(0.0900),g:Alternaria(0.0900)	+	d:Fungi
Otu1888	d:Fungi(1.0000),p:Basidiomycota(0.0800),c:Agaricomycetes(0.0800),o:Agaricales(0.0500),f:Glomeraceae(0.0200),g:Pneumocystis(0.0200),s:Pneumocystis_murina_SH473765.07FU(0.0100)	+	d:Fungi
Otu1885	d:Fungi(0.9800),p:Basidiomycota(0.3100),c:Agaricomycetes(0.2500),o:Pezizales(0.1300),f:Pezizaceae(0.1200),g:Peziza(0.0800),s:Peziza_ellipsospora_SH181526.07FU(0.0400)	+	d:Fungi
Otu1887	d:Fungi(1.0000),p:Basidiomycota(0.2400),c:Glomeromycetes(0.1100),o:Lobulomycetales(0.0700),f:Lobulomycetaceae(0.0700),g:Lobulomyces(0.0600),s:Diversispora_clara_SH196897.07FU(0.0200)	+	d:Fungi
Otu1881	d:Rhizaria(0.9800),p:Cercozoa(0.9800),c:Agaricomycetes(0.0100),o:Agaricales(0.0100),f:Cortinariaceae(0.0100),g:Cortinarius(0.0100),s:Cortinarius_glaucopus_SH521545.07FU(0.0100)	+	d:Rhizaria,p:Cercozoa
Otu1889	d:Fungi(1.0000),p:Basidiomycota(1.0000),c:Agaricomycetes(1.0000),o:Sebacinales(1.0000),f:Serendipitaceae(0.0300),g:Serendipita(0.0300)	+	d:Fungi,p:Basidiomycota,c:Agaricomycetes,o:Sebacinales
Otu1876	d:Fungi(1.0000),p:Basidiomycota(1.0000),c:Agaricomycetes(1.0000),o:Sebacinales(1.0000),f:Serendipitaceae(0.1100),g:Serendipita(0.1100),s:Serendipita_herbamans_SH192972.07FU(0.0100)	+	d:Fungi,p:Basidiomycota,c:Agaricomycetes,o:Sebacinales
Otu1890	d:Fungi(1.0000),p:Basidiomycota(1.0000),c:Agaricomycetes(1.0000),o:Agaricales(1.0000),f:Strophariaceae(1.0000),g:Hypholoma(1.0000),s:Hypholoma_fasciculare_SH201439.07FU(0.5400)	+	d:Fungi,p:Basidiomycota,c:Agaricomycetes,o:Agaricales,f:Strophariaceae,g:Hypholoma
Otu1895	d:Fungi(0.9900),p:Chytridiomycota(0.6900),c:Spizellomycetes(0.5700),o:Spizellomycetales(0.5700),f:Powellomycetaceae(0.1300),g:Powellomyces(0.1300),s:Powellomyces_hirtus_SH221975.07FU(0.0400)	+	d:Fungi
Otu1892	d:Fungi(1.0000),p:Basidiomycota(1.0000),c:Microbotryomycetes(0.9900),o:Microbotryales(0.9900),f:Entolomataceae(0.0100),g:Entoloma(0.0100)	+	d:Fungi,p:Basidiomycota,c:Microbotryomycetes,o:Microbotryales
Otu1893	d:Fungi(1.0000),p:Basidiomycota(0.2600),c:Tremellomycetes(0.2600),o:Tremellales(0.2500),f:Bulleraceae(0.1800),g:Bullera(0.1800),s:Bullera_crocea_SH209709.07FU(0.1800)	+	d:Fungi
Otu1891	d:Fungi(1.0000),p:Ascomycota(0.9800),c:Leotiomycetes(0.8000),o:Helotiales(0.8000),f:Helotiales_fam_Incertae_sedis(0.1100),g:Leohumicola(0.1000),s:Leohumicola_verrucosa_SH201606.07FU(0.0300)	+	d:Fungi,p:Ascomycota,c:Leotiomycetes,o:Helotiales
Otu1894	d:Fungi(1.0000),p:Basidiomycota(0.2500),c:Tremellomycetes(0.2200),o:Tremellales(0.2200),f:Bulleraceae(0.1500),g:Bullera(0.1500),s:Bullera_crocea_SH209709.07FU(0.1500)	+	d:Fungi
Otu1898	d:Fungi(1.0000),p:Ascomycota(0.9200),c:Eurotiomycetes(0.8700),o:Chaetothyriales(0.6000),f:Cyphellophoraceae(0.2400),g:Cyphellophora(0.2400),s:Cyphellophora_phyllostachydis_SH495317.07FU(0.0500)	+	d:Fungi,p:Ascomycota,c:Eurotiomycetes
Otu1897	d:Fungi(1.0000),p:Ascomycota(0.2800),c:Sordariomycetes(0.2700),o:Hypocreales(0.1800),f:Clavicipitaceae(0.0300),g:Phaeoacremonium(0.0200),s:Ramophialophora_humicola_SH215228.07FU(0.0100)	+	d:Fungi
Otu1900	d:Fungi(1.0000),p:Basidiomycota(1.0000),c:Tremellomycetes(0.0300),o:Holtermanniales(0.0200),f:Holtermanniales_fam_Incertae_sedis(0.0200),g:Holtermanniella(0.0200),s:Holtermanniella_takashimae_SH190741.07FU(0.0200)	+	d:Fungi,p:Basidiomycota
Otu1901	d:Fungi(1.0000),p:Basidiomycota(0.0300),c:Tremellomycetes(0.0300),o:Filobasidiales(0.0200),f:Filobasidiaceae(0.0200),g:Filobasidium(0.0200),s:Filobasidium_chernovii_SH197624.07FU(0.0100)	+	d:Fungi
Otu1902	d:Fungi(1.0000),p:Basidiomycota(0.5500),c:Tremellomycetes(0.5400),o:Tremellales(0.5400),f:Bulleraceae(0.4900),g:Bullera(0.4900),s:Bullera_crocea_SH209709.07FU(0.4900)	+	d:Fungi
Otu1905	d:Fungi(1.0000),p:Ascomycota(0.9400),c:Leotiomycetes(0.9400),o:Helotiales(0.9400),f:Helotiales_fam_Incertae_sedis(0.9300),g:Cadophora(0.8100),s:Collembolispora_barbata_SH186791.07FU(0.1200)	+	d:Fungi,p:Ascomycota,c:Leotiomycetes,o:Helotiales,f:Helotiales_fam_Incertae_sedis,g:Cadophora
Otu1906	d:Fungi(1.0000),p:Ascomycota(0.9400),c:Sordariomycetes(0.9400),o:Sordariales(0.8900),f:Sordariaceae(0.8900),g:Verticillium(0.0500),s:Verticillium_dahliae_SH466940.07FU(0.0500)	+	d:Fungi,p:Ascomycota,c:Sordariomycetes,o:Sordariales,f:Sordariaceae
Otu1904	d:Fungi(1.0000),p:Ascomycota(0.3700),c:Sordariomycetes(0.3700),o:Xylariales(0.3700),f:Bartaliniaceae(0.0600),g:Seimatosporium(0.0400),s:Seimatosporium_falcatum_SH206680.07FU(0.0300)	+	d:Fungi
Otu1896	d:Fungi(1.0000),p:Basidiomycota(0.9600),c:Tremellomycetes(0.9400),o:Tremellales(0.9400),f:Bulleribasidiaceae(0.9400),g:Vishniacozyma(0.9400),s:Vishniacozyma_dimennae_SH203797.07FU(0.7500)	+	d:Fungi,p:Basidiomycota,c:Tremellomycetes,o:Tremellales,f:Bulleribasidiaceae,g:Vishniacozyma
Otu1903	d:Fungi(1.0000),p:Ascomycota(1.0000),c:Sordariomycetes(1.0000),o:Sordariales(0.1100),f:Lasiosphaeriaceae(0.0100),g:Cercophora(0.0100)	+	d:Fungi,p:Ascomycota,c:Sordariomycetes
Otu1909	d:Fungi(1.0000),p:Ascomycota(1.0000),c:Orbiliomycetes(1.0000),o:Orbiliales(0.0800)	+	d:Fungi,p:Ascomycota,c:Orbiliomycetes
Otu1908	d:Rhizaria(0.9700),p:Cercozoa(0.9700)	+	d:Rhizaria,p:Cercozoa
Otu1907	d:Fungi(1.0000),p:Chytridiomycota(0.8400)	+	d:Fungi,p:Chytridiomycota
Otu1899	d:Fungi(1.0000),p:Ascomycota(1.0000),c:Dothideomycetes(1.0000),o:Pleosporales(1.0000),f:Pleosporaceae(1.0000)	+	d:Fungi,p:Ascomycota,c:Dothideomycetes,o:Pleosporales,f:Pleosporaceae
Otu1911	d:Fungi(0.9900),p:Chytridiomycota(0.6500),c:Spizellomycetes(0.3100),o:Spizellomycetales(0.3100),f:Powellomycetaceae(0.0600),g:Powellomyces(0.0600),s:Synchytrium_endobioticum_SH221412.07FU(0.0200)	+	d:Fungi
Otu1910	d:Fungi(1.0000),p:Basidiomycota(1.0000),c:Tremellomycetes(1.0000),o:Tremellales(0.0700),f:Bulleribasidiaceae(0.0700),g:Vishniacozyma(0.0700),s:Vishniacozyma_victoriae_SH181632.07FU(0.0400)	+	d:Fungi,p:Basidiomycota,c:Tremellomycetes
Otu1912	d:Fungi(1.0000),p:Ascomycota(0.9800),c:Dothideomycetes(0.4300),o:Pleosporales(0.4300),f:Melanommataceae(0.4100),g:Herpotrichia(0.1800),s:Herpotrichia_juniperi_SH198655.07FU(0.1800)	+	d:Fungi,p:Ascomycota
Otu1913	d:Fungi(1.0000),p:Chytridiomycota(0.5800),c:Agaricomycetes(0.1100),o:Rhizophydiales(0.1000),f:Orbiliaceae(0.0600),g:Orbilia(0.0500),s:Synchytrium_papillatum_SH487289.07FU(0.0300)	+	d:Fungi
Otu1917	d:Fungi(1.0000),p:Basidiomycota(0.2800),c:Agaricomycetes(0.2600),o:Agaricales(0.1300),f:Acaulosporaceae(0.0600),g:Acaulospora(0.0500),s:Smittium_morbosum_SH471714.07FU(0.0500)	+	d:Fungi
Otu1916	d:Fungi(1.0000),p:Ascomycota(1.0000),c:Leotiomycetes(0.9700),o:Helotiales(0.9700),f:Hyaloscyphaceae(0.3800),g:Cistella(0.3800),s:Cistella_albidolutea_SH198116.07FU(0.0300)	+	d:Fungi,p:Ascomycota,c:Leotiomycetes,o:Helotiales
Otu1915	d:Fungi(1.0000),p:Ascomycota(1.0000),c:Lecanoromycetes(1.0000),o:Caliciales(1.0000),f:Physciaceae(1.0000),g:Physcia(1.0000),s:Physcia_biziana_SH005006.07FU(0.3600)	+	d:Fungi,p:Ascomycota,c:Lecanoromycetes,o:Caliciales,f:Physciaceae,g:Physcia
Otu1921	d:Fungi(1.0000),p:Basidiomycota(0.3600),c:Agaricomycetes(0.3200),o:Agaricales(0.1500),f:Entorrhizaceae(0.0800),g:Entorrhiza(0.0800),s:Entorrhiza_casparyana_SH523632.07FU(0.0500)	+	d:Fungi
Otu1920	d:Fungi(1.0000),p:Chytridiomycota(0.4300)	+	d:Fungi
Otu1919	d:Fungi(1.0000),p:Basidiomycota(1.0000),c:Tremellomycetes(0.0300),o:Holtermanniales(0.0300),f:Holtermanniales_fam_Incertae_sedis(0.0300),g:Holtermanniella(0.0300),s:Holtermanniella_takashimae_SH190741.07FU(0.0300)	+	d:Fungi,p:Basidiomycota
Otu1923	d:Fungi(1.0000),p:Basidiomycota(0.4200),c:Agaricomycetes(0.3700),o:Agaricales(0.1600),f:Orbiliaceae(0.0600),g:Psathyrella(0.0500),s:Entorrhiza_globoidea_SH496419.07FU(0.0300)	+	d:Fungi
Otu1922	d:Fungi(1.0000),p:Basidiomycota(0.5500),c:Agaricomycetes(0.4300),o:Agaricales(0.1800),f:Polyporaceae(0.0700),g:Datronia(0.0600),s:Datronia_mollis_SH015311.07FU(0.0600)	+	d:Fungi
Otu1914	d:Fungi(1.0000),p:Basidiomycota(1.0000),c:Tremellomycetes(0.0400),o:Holtermanniales(0.0300),f:Holtermanniales_fam_Incertae_sedis(0.0300),g:Holtermanniella(0.0300),s:Holtermanniella_takashimae_SH190741.07FU(0.0300)	+	d:Fungi,p:Basidiomycota
Otu1925	d:Rhizaria(0.9200),p:Cercozoa(0.9200),c:Lecanoromycetes(0.0200),o:Verrucariales(0.0200),f:Verrucariaceae(0.0200),g:Verrucaria(0.0200),s:Verrucaria_funckii_SH187386.07FU(0.0200)	+	d:Rhizaria,p:Cercozoa
Otu1924	d:Fungi(1.0000),p:Ascomycota(1.0000),c:Dothideomycetes(1.0000),o:Pleosporales(1.0000),f:Phaeosphaeriaceae(0.9500),g:Paraphoma(0.9500),s:Paraphoma_chrysanthemicola_SH211091.07FU(0.8500)	+	d:Fungi,p:Ascomycota,c:Dothideomycetes,o:Pleosporales,f:Phaeosphaeriaceae,g:Paraphoma,s:Paraphoma_chrysanthemicola_SH211091.07FU
Otu1918	d:Fungi(1.0000),p:Basidiomycota(0.9500),c:Tremellomycetes(0.9300),o:Tremellales(0.9200),f:Bulleribasidiaceae(0.9200),g:Vishniacozyma(0.9200),s:Vishniacozyma_dimennae_SH203797.07FU(0.7300)	+	d:Fungi,p:Basidiomycota,c:Tremellomycetes,o:Tremellales,f:Bulleribasidiaceae,g:Vishniacozyma
Otu1931	d:Fungi(1.0000),p:Ascomycota(0.3400),c:Orbiliomycetes(0.1500),o:Orbiliales(0.1500),f:Orbiliaceae(0.1500),g:Orbilia(0.1100),s:Synchytrium_collapsum_SH461865.07FU(0.0500)	+	d:Fungi
Otu1927	d:Fungi(1.0000),p:Basidiomycota(1.0000),c:Tremellomycetes(0.0500),o:Holtermanniales(0.0400),f:Holtermanniales_fam_Incertae_sedis(0.0400),g:Holtermanniella(0.0400),s:Holtermanniella_takashimae_SH190741.07FU(0.0400)	+	d:Fungi,p:Basidiomycota
Otu1929	d:Fungi(1.0000),p:Basidiomycota(0.9500),c:Microbotryomycetes(0.0900),o:Leucosporidiales(0.0300),f:Leucosporidiaceae(0.0300),g:Leucosporidium(0.0300),s:Leucosporidium_intermedium_SH193771.07FU(0.0300)	+	d:Fungi,p:Basidiomycota
Otu1930	d:Fungi(1.0000),p:Ascomycota(0.4800),c:Sordariomycetes(0.4800),o:Xylariales(0.1800),f:Xylariaceae(0.0300),g:Lopadostoma(0.0100),s:Lopadostoma_linospermum_SH200646.07FU(0.0100)	+	d:Fungi
Otu1933	d:Fungi(1.0000),p:Basidiomycota(1.0000),c:Agaricomycetes(1.0000),o:Russulales(1.0000),f:Stereaceae(1.0000),g:Stereum(1.0000),s:Stereum_hirsutum_SH196424.07FU(0.4900)	+	d:Fungi,p:Basidiomycota,c:Agaricomycetes,o:Russulales,f:Stereaceae,g:Stereum
Otu1928	d:Fungi(1.0000),p:Ascomycota(0.6700),c:Leotiomycetes(0.6400),o:Helotiales(0.6400),f:Mortierellaceae(0.3300),g:Mycofalcella(0.1000),s:Mycofalcella_calcarata_SH115707.07FU(0.1000)	+	d:Fungi
Otu1934	d:Fungi(1.0000),p:Basidiomycota(0.9700),c:Tremellomycetes(0.9400),o:Tremellales(0.9400),f:Bulleribasidiaceae(0.9400),g:Vishniacozyma(0.9400),s:Vishniacozyma_dimennae_SH203797.07FU(0.7500)	+	d:Fungi,p:Basidiomycota,c:Tremellomycetes,o:Tremellales,f:Bulleribasidiaceae,g:Vishniacozyma
Otu1938	d:Fungi(1.0000),p:Ascomycota(1.0000),c:Dothideomycetes(0.9700)	+	d:Fungi,p:Ascomycota,c:Dothideomycetes
Otu1937	d:Fungi(1.0000),p:Ascomycota(0.9200),c:Eurotiomycetes(0.8600),o:Chaetothyriales(0.8600),f:Herpotrichiellaceae(0.8600),g:Rhinocladiella(0.8600),s:Phylliscum_demangeonii_SH199272.07FU(0.0600)	+	d:Fungi,p:Ascomycota,c:Eurotiomycetes,o:Chaetothyriales,f:Herpotrichiellaceae,g:Rhinocladiella
Otu1936	d:Fungi(1.0000),p:Basidiomycota(1.0000),c:Agaricomycetes(1.0000),o:Sebacinales(1.0000),f:Serendipitaceae(0.1100),g:Serendipita(0.1100),s:Serendipita_herbamans_SH192972.07FU(0.0100)	+	d:Fungi,p:Basidiomycota,c:Agaricomycetes,o:Sebacinales
Otu1935	d:Fungi(0.9900),p:Ascomycota(0.4000),c:Pezizomycetes(0.1800),o:Pezizales(0.1800),f:Pezizaceae(0.1700),g:Acaulospora(0.0900),s:Peziza_ellipsospora_SH181526.07FU(0.0700)	+	d:Fungi
Otu1932	d:Fungi(1.0000),p:Basidiomycota(0.9900),c:Agaricomycetes(0.9900),o:Hymenochaetales(0.9900),f:Hymenochaetales_fam_Incertae_sedis(0.9900),g:Resinicium(0.9900),s:Resinicium_bicolor_SH204931.07FU(0.9600)	+	d:Fungi,p:Basidiomycota,c:Agaricomycetes,o:Hymenochaetales,f:Hymenochaetales_fam_Incertae_sedis,g:Resinicium,s:Resinicium_bicolor_SH204931.07FU
Otu1940	d:Fungi(1.0000),p:Ascomycota(0.9200),c:Sordariomycetes(0.9200),o:Sordariales(0.9200),f:Lasiosphaeriaceae(0.8600),g:Schizothecium(0.0400),s:Schizothecium_glutinans_SH201189.07FU(0.0200)	+	d:Fungi,p:Ascomycota,c:Sordariomycetes,o:Sordariales,f:Lasiosphaeriaceae
Otu1939	d:Fungi(1.0000),p:Basidiomycota(0.2700),c:Tremellomycetes(0.2600),o:Tremellales(0.2600),f:Bulleraceae(0.2100),g:Bullera(0.2100),s:Bullera_crocea_SH209709.07FU(0.2100)	+	d:Fungi
Otu1941	d:Fungi(1.0000),p:Basidiomycota(1.0000),c:Agaricomycetes(0.9800),o:Cantharellales(0.9800),f:Cystofilobasidiaceae(0.0200),g:Cystofilobasidium(0.0200),s:Cystofilobasidium_capitatum_SH194014.07FU(0.0200)	+	d:Fungi,p:Basidiomycota,c:Agaricomycetes,o:Cantharellales
Otu1942	d:Fungi(1.0000),p:Basidiomycota(0.5100),c:Tremellomycetes(0.4900),o:Tremellales(0.4900),f:Bulleraceae(0.4400),g:Bullera(0.4400),s:Bullera_crocea_SH209709.07FU(0.4400)	+	d:Fungi
Otu1926	d:Fungi(1.0000),p:Ascomycota(0.5000),c:Dothideomycetes(0.5000),o:Capnodiales(0.0100),f:Cladosporiaceae(0.0100),g:Rachicladosporium(0.0100),s:Rachicladosporium_luculiae_SH018822.07FU(0.0100)	+	d:Fungi
Otu1944	d:Fungi(1.0000),p:Basidiomycota(1.0000),c:Tremellomycetes(1.0000),o:Tremellales(1.0000),f:Tremellaceae(0.5400),g:Cryptococcus(0.5400),s:Cryptococcus_frias_SH205078.07FU(0.5400)	+	d:Fungi,p:Basidiomycota,c:Tremellomycetes,o:Tremellales
Otu1943	d:Fungi(1.0000),p:Basidiomycota(0.6600),c:Microbotryomycetes(0.6100),o:Sporidiobolales(0.6100),f:Sporidiobolaceae(0.6100),g:Rhodotorula(0.6100),s:Rhodotorula_graminis_SH216362.07FU(0.6000)	+	d:Fungi
Otu1951	d:Fungi(1.0000),p:Chytridiomycota(0.5500),c:Glomeromycetes(0.0900),o:Glomerales(0.0700),f:Glomeraceae(0.0600),g:Lobulomyces(0.0500),s:Pneumocystis_murina_SH473765.07FU(0.0400)	+	d:Fungi
Otu1950	d:Fungi(1.0000),p:Basidiomycota(0.2600),c:Tremellomycetes(0.2600),o:Tremellales(0.2600),f:Bulleraceae(0.2100),g:Bullera(0.2100),s:Bullera_crocea_SH209709.07FU(0.2100)	+	d:Fungi
Otu1953	d:Fungi(1.0000),p:Ascomycota(0.9400),c:Eurotiomycetes(0.9000),o:Chaetothyriales(0.8800),f:Herpotrichiellaceae(0.6400),g:Rhinocladiella(0.4300),s:Cyphellophora_laciniata_SH197858.07FU(0.0400)	+	d:Fungi,p:Ascomycota,c:Eurotiomycetes,o:Chaetothyriales
Otu1952	d:Fungi(1.0000),p:Chytridiomycota(0.4400),c:Lobulomycetes(0.1200),o:Lobulomycetales(0.1200),f:Lobulomycetaceae(0.1200),g:Clydaea(0.0900),s:Lobulomyces_poculatus_SH029498.07FU(0.0300)	+	d:Fungi
Otu1949	d:Fungi(1.0000),p:Basidiomycota(0.9900),c:Tremellomycetes(0.9800),o:Tremellales(0.9800),f:Tremellaceae(0.9800),g:Tremella(0.9800),s:Tremella_moriformis_SH019470.07FU(0.9800)	+	d:Fungi,p:Basidiomycota,c:Tremellomycetes,o:Tremellales,f:Tremellaceae,g:Tremella,s:Tremella_moriformis_SH019470.07FU
Otu1948	d:Fungi(1.0000),p:Basidiomycota(0.8500),c:Agaricomycetes(0.8100),o:Agaricales(0.7700),f:Entolomataceae(0.0200),g:Entoloma(0.0100),s:Entoloma_saundersii_SH221939.07FU(0.0100)	+	d:Fungi,p:Basidiomycota,c:Agaricomycetes
Otu1955	d:Fungi(1.0000),p:Basidiomycota(1.0000),c:Tremellomycetes(1.0000),o:Tremellales(0.2200),f:Bulleribasidiaceae(0.2200),g:Vishniacozyma(0.2200),s:Vishniacozyma_victoriae_SH181632.07FU(0.1800)	+	d:Fungi,p:Basidiomycota,c:Tremellomycetes
Otu1956	d:Fungi(1.0000)	+	d:Fungi
Otu1957	d:Fungi(1.0000)	+	d:Fungi
Otu1947	d:Fungi(1.0000),p:Basidiomycota(0.9900),c:Tremellomycetes(0.0400),o:Holtermanniales(0.0300),f:Holtermanniales_fam_Incertae_sedis(0.0300),g:Holtermanniella(0.0300),s:Holtermanniella_takashimae_SH190741.07FU(0.0300)	+	d:Fungi,p:Basidiomycota
Otu1958	d:Fungi(0.9700),p:Basidiomycota(0.4800),c:Agaricomycetes(0.3900),o:Agaricales(0.2100),f:Symbiotaphrinaceae(0.0700),g:Symbiotaphrina(0.0700),s:Symbiotaphrina_kochii_SH021199.07FU(0.0700)	+	d:Fungi
Otu1945	d:Fungi(1.0000),p:Ascomycota(1.0000),c:Dothideomycetes(1.0000),o:Pleosporales(1.0000),f:Phaeosphaeriaceae(1.0000)	+	d:Fungi,p:Ascomycota,c:Dothideomycetes,o:Pleosporales,f:Phaeosphaeriaceae
Otu1946	d:Fungi(0.9700),p:Basidiomycota(0.3700),c:Agaricomycetes(0.3500),o:Agaricales(0.1000),f:Thelephoraceae(0.0800),g:Pseudotomentella(0.0400),s:Symbiotaphrina_kochii_SH021199.07FU(0.0200)	+	d:Fungi
Otu1961	d:Fungi(1.0000),p:Basidiomycota(0.0800),c:Agaricomycetes(0.0600),o:Agaricales(0.0300),f:Diversisporaceae(0.0300),g:Diversispora(0.0300),s:Microbotryum_betonicae_SH186562.07FU(0.0200)	+	d:Fungi
Otu1954	d:Fungi(1.0000),p:Basidiomycota(0.9900),c:Tremellomycetes(0.0400),o:Holtermanniales(0.0300),f:Holtermanniales_fam_Incertae_sedis(0.0300),g:Holtermanniella(0.0300),s:Holtermanniella_takashimae_SH190741.07FU(0.0300)	+	d:Fungi,p:Basidiomycota
Otu1965	d:Fungi(1.0000),p:Basidiomycota(1.0000),c:Tremellomycetes(1.0000),o:Tremellales(1.0000),f:Bulleribasidiaceae(1.0000),g:Vishniacozyma(1.0000),s:Vishniacozyma_victoriae_SH181632.07FU(1.0000)	+	d:Fungi,p:Basidiomycota,c:Tremellomycetes,o:Tremellales,f:Bulleribasidiaceae,g:Vishniacozyma,s:Vishniacozyma_victoriae_SH181632.07FU
Otu1962	d:Fungi(1.0000),p:Ascomycota(0.9800),c:Leotiomycetes(0.9700),o:Helotiales(0.9700),f:Hyaloscyphaceae(0.8200),g:Trichopeziza(0.7100),s:Trichopeziza_mollissima_SH196494.07FU(0.7100)	+	d:Fungi,p:Ascomycota,c:Leotiomycetes,o:Helotiales,f:Hyaloscyphaceae
Otu1960	d:Fungi(0.9700),p:Ascomycota(0.6700),c:Saccharomycetes(0.5400),o:Saccharomycetales(0.5400),f:Glomeraceae(0.0300),g:Mucor(0.0300),s:Trichaptum_biforme_SH178781.07FU(0.0200)	+	d:Fungi
Otu1967	d:Fungi(1.0000),p:Chytridiomycota(1.0000),c:Chytridiomycetes(0.7800),o:Rhizophlyctidales(0.2200),f:Rhizophlyctidaceae(0.2200),g:Rhizophlyctis(0.2200),s:Rhizophlyctis_rosea_SH024698.07FU(0.0100)	+	d:Fungi,p:Chytridiomycota
Otu1963	d:Fungi(1.0000),p:Ascomycota(1.0000),c:Dothideomycetes(1.0000),o:Pleosporales(1.0000),f:Lophiostomataceae(1.0000)	+	d:Fungi,p:Ascomycota,c:Dothideomycetes,o:Pleosporales,f:Lophiostomataceae
Otu1959	d:Fungi(1.0000),p:Mortierellomycota(1.0000),c:Mortierellomycetes(1.0000),o:Mortierellales(1.0000),f:Mortierellaceae(1.0000),g:Mortierella(1.0000),s:Mortierella_alpina_SH183636.07FU(0.8900)	+	d:Fungi,p:Mortierellomycota,c:Mortierellomycetes,o:Mortierellales,f:Mortierellaceae,g:Mortierella,s:Mortierella_alpina_SH183636.07FU
Otu1968	d:Fungi(1.0000),p:Ascomycota(0.3700),c:Sordariomycetes(0.3700),o:Xylariales(0.3700),f:Bartaliniaceae(0.0600),g:Seimatosporium(0.0400),s:Seimatosporium_falcatum_SH206680.07FU(0.0300)	+	d:Fungi
Otu1964	d:Fungi(1.0000),p:Basidiomycota(1.0000),c:Agaricomycetes(1.0000),o:Sebacinales(1.0000),f:Serendipitaceae(0.8000),g:Serendipita(0.0100)	+	d:Fungi,p:Basidiomycota,c:Agaricomycetes,o:Sebacinales,f:Serendipitaceae
Otu1971	d:Fungi(1.0000),p:Ascomycota(0.7400),c:Eurotiomycetes(0.2300),o:Chaetothyriales(0.1300),f:Herpotrichiellaceae(0.0600),g:Orbilia(0.0400),s:Diploschistes_actinostomus_SH192209.07FU(0.0200)	+	d:Fungi
Otu1966	d:Fungi(1.0000),p:Basidiomycota(1.0000),c:Tremellomycetes(1.0000),o:Tremellales(1.0000),f:Bulleribasidiaceae(1.0000),g:Vishniacozyma(1.0000),s:Vishniacozyma_victoriae_SH181632.07FU(1.0000)	+	d:Fungi,p:Basidiomycota,c:Tremellomycetes,o:Tremellales,f:Bulleribasidiaceae,g:Vishniacozyma,s:Vishniacozyma_victoriae_SH181632.07FU
Otu1970	d:Fungi(1.0000),p:Chytridiomycota(0.5100),c:Agaricomycetes(0.1400),o:Rhizophydiales(0.1100),f:Orbiliaceae(0.0300),g:Orbilia(0.0300),s:Synchytrium_papillatum_SH487289.07FU(0.0300)	+	d:Fungi
Otu1976	d:Fungi(1.0000),p:Ascomycota(0.0300),c:Sordariomycetes(0.0300),o:Sordariales(0.0300)	+	d:Fungi
Otu1975	d:Fungi(1.0000),p:Ascomycota(0.8900),c:Lecanoromycetes(0.5600),o:Lecanorales(0.4600),f:Lecanoraceae(0.3200),g:Scoliciosporum(0.2600),s:Scoliciosporum_umbrinum_SH631601.07FU(0.2100)	+	d:Fungi,p:Ascomycota
Otu1978	d:Fungi(1.0000),p:Ascomycota(1.0000),c:Eurotiomycetes(1.0000),o:Verrucariales(1.0000),f:Verrucariaceae(1.0000),g:Verrucaria(0.9700),s:Verrucaria_lapidicola_SH195264.07FU(0.9600)	+	d:Fungi,p:Ascomycota,c:Eurotiomycetes,o:Verrucariales,f:Verrucariaceae,g:Verrucaria,s:Verrucaria_lapidicola_SH195264.07FU
Otu1969	d:Fungi(1.0000),p:Basidiomycota(0.1100),c:Agaricomycetes(0.0900),o:Agaricales(0.0800),f:Inocybaceae(0.0500),g:Inocybe(0.0500),s:Limacella_delicata_SH210694.07FU(0.0100)	+	d:Fungi
Otu1973	d:Fungi(1.0000),p:Basidiomycota(0.5400),c:Tremellomycetes(0.5300),o:Tremellales(0.5300),f:Bulleraceae(0.4700),g:Bullera(0.4700),s:Bullera_crocea_SH209709.07FU(0.4700)	+	d:Fungi
Otu1974	d:Fungi(1.0000),p:Chytridiomycota(0.0100)	+	d:Fungi
Otu1972	d:Fungi(1.0000),p:Basidiomycota(1.0000),c:Tremellomycetes(1.0000),o:Filobasidiales(0.9800),f:Piskurozymaceae(0.9800),g:Solicoccozyma(0.9800),s:Solicoccozyma_terrea_SH190018.07FU(0.9700)	+	d:Fungi,p:Basidiomycota,c:Tremellomycetes,o:Filobasidiales,f:Piskurozymaceae,g:Solicoccozyma,s:Solicoccozyma_terrea_SH190018.07FU
Otu1979	d:Fungi(1.0000),p:Basidiomycota(1.0000),c:Tremellomycetes(1.0000),o:Tremellales(0.0700),f:Bulleribasidiaceae(0.0700),g:Vishniacozyma(0.0700),s:Vishniacozyma_victoriae_SH181632.07FU(0.0400)	+	d:Fungi,p:Basidiomycota,c:Tremellomycetes
Otu1981	d:Fungi(1.0000),p:Basidiomycota(0.5400),c:Tremellomycetes(0.5300),o:Tremellales(0.5300),f:Bulleraceae(0.4700),g:Bullera(0.4700),s:Bullera_crocea_SH209709.07FU(0.4700)	+	d:Fungi
Otu1983	d:Fungi(1.0000),p:Basidiomycota(0.5100),c:Tremellomycetes(0.4900),o:Tremellales(0.4900),f:Bulleraceae(0.4400),g:Bullera(0.4400),s:Bullera_crocea_SH209709.07FU(0.4400)	+	d:Fungi
Otu1982	d:Fungi(1.0000),p:Ascomycota(1.0000),c:Leotiomycetes(1.0000),o:Helotiales(1.0000),f:Hyaloscyphaceae(0.9800),g:Lachnum(0.9400),s:Proliferodiscus_tricolor_SH014732.07FU(0.0100)	+	d:Fungi,p:Ascomycota,c:Leotiomycetes,o:Helotiales,f:Hyaloscyphaceae,g:Lachnum
Otu1985	d:Fungi(1.0000),p:Ascomycota(1.0000),c:Orbiliomycetes(1.0000),o:Orbiliales(1.0000),f:Orbiliaceae(1.0000),g:Orbilia(1.0000),s:Orbilia_serpentina_SH497422.07FU(0.0100)	+	d:Fungi,p:Ascomycota,c:Orbiliomycetes,o:Orbiliales,f:Orbiliaceae,g:Orbilia
Otu1989	d:Fungi(1.0000),p:Ascomycota(1.0000),c:Dothideomycetes(1.0000),o:Pleosporales(1.0000)	+	d:Fungi,p:Ascomycota,c:Dothideomycetes,o:Pleosporales
Otu1988	d:Fungi(1.0000),p:Mortierellomycota(0.9600),c:Mortierellomycetes(0.9600),o:Mortierellales(0.9600),f:Mortierellaceae(0.9000),g:Mortierella(0.8300),s:Mortierella_fatshederae_SH180138.07FU(0.2600)	+	d:Fungi,p:Mortierellomycota,c:Mortierellomycetes,o:Mortierellales,f:Mortierellaceae,g:Mortierella
Otu1990	d:Fungi(1.0000),p:Chytridiomycota(1.0000),c:Chytridiomycetes(0.7300),o:Rhizophlyctidales(0.2400),f:Rhizophlyctidaceae(0.2400),g:Rhizophlyctis(0.2400),s:Rhizophlyctis_rosea_SH024698.07FU(0.0300)	+	d:Fungi,p:Chytridiomycota
Otu1977	d:Rhizaria(0.9600),p:Cercozoa(0.9600),c:Glomeromycetes(0.0100),o:Glomerales(0.0100),f:Glomeraceae(0.0100),g:Funneliformis(0.0100)	+	d:Rhizaria,p:Cercozoa
Otu1992	d:Fungi(1.0000),p:Basidiomycota(0.9800),c:Agaricomycetes(0.9800),o:Agaricales(0.9800),f:Typhulaceae(0.9800),g:Typhula(0.9800),s:Typhula_variabilis_SH209642.07FU(0.9800)	+	d:Fungi,p:Basidiomycota,c:Agaricomycetes,o:Agaricales,f:Typhulaceae,g:Typhula,s:Typhula_variabilis_SH209642.07FU
Otu1986	d:Fungi(1.0000),p:Basidiomycota(0.8900),c:Tremellomycetes(0.8600),o:Tremellales(0.8300),f:Bulleribasidiaceae(0.8300),g:Vishniacozyma(0.8300),s:Vishniacozyma_dimennae_SH203801.07FU(0.6800)	+	d:Fungi,p:Basidiomycota,c:Tremellomycetes,o:Tremellales,f:Bulleribasidiaceae,g:Vishniacozyma
Otu1991	d:Fungi(1.0000),p:Basidiomycota(0.9100),c:Tremellomycetes(0.9100),o:Tremellales(0.9100),f:Bulleribasidiaceae(0.8800),g:Vishniacozyma(0.8800),s:Vishniacozyma_foliicola_SH236211.07FU(0.5500)	+	d:Fungi,p:Basidiomycota,c:Tremellomycetes,o:Tremellales,f:Bulleribasidiaceae,g:Vishniacozyma
Otu1987	d:Fungi(1.0000),p:Basidiomycota(1.0000),c:Tremellomycetes(0.4100),o:Tremellales(0.4100),f:Bulleribasidiaceae(0.4100),g:Dioszegia(0.4100),s:Dioszegia_fristingensis_SH209723.07FU(0.3100)	+	d:Fungi,p:Basidiomycota
Otu1980	d:Fungi(1.0000),p:Basidiomycota(0.5300),c:Tremellomycetes(0.5100),o:Tremellales(0.5100),f:Bulleraceae(0.4700),g:Bullera(0.4700),s:Bullera_crocea_SH209709.07FU(0.4700)	+	d:Fungi
Otu1994	d:Fungi(1.0000),p:Basidiomycota(0.8000),c:Cystobasidiomycetes(0.8000),o:Cystobasidiales(0.0400),f:Mortierellaceae(0.0200),g:Occultifur(0.0100)	+	d:Fungi,p:Basidiomycota,c:Cystobasidiomycetes
Otu1993	d:Fungi(1.0000),p:Ascomycota(0.3200),c:Dothideomycetes(0.2900),o:Pleosporales(0.2900),f:Didymellaceae(0.2100),g:Stagonosporopsis(0.1700),s:Stagonosporopsis_tanaceti_SH245101.07FU(0.1600)	+	d:Fungi
Otu1984	d:Fungi(1.0000),p:Ascomycota(0.9500),c:Lecanoromycetes(0.9500),o:Lecanorales(0.9500),f:Ramalinaceae(0.9500),g:Bacidia(0.8900),s:Bacidia_chloroticula_SH026961.07FU(0.0600)	+	d:Fungi,p:Ascomycota,c:Lecanoromycetes,o:Lecanorales,f:Ramalinaceae,g:Bacidia
Otu1999	d:Fungi(1.0000),p:Basidiomycota(1.0000),c:Tremellomycetes(1.0000),o:Tremellales(0.9900),f:Bulleribasidiaceae(0.9500),g:Vishniacozyma(0.9500),s:Vishniacozyma_tephrensis_SH085566.07FU(0.3700)	+	d:Fungi,p:Basidiomycota,c:Tremellomycetes,o:Tremellales,f:Bulleribasidiaceae,g:Vishniacozyma
Otu1995	d:Fungi(1.0000),p:Basidiomycota(1.0000),c:Tremellomycetes(0.0400),o:Holtermanniales(0.0300),f:Holtermanniales_fam_Incertae_sedis(0.0300),g:Holtermanniella(0.0300),s:Holtermanniella_takashimae_SH190741.07FU(0.0300)	+	d:Fungi,p:Basidiomycota
Otu1998	d:Fungi(0.9900),p:Chytridiomycota(0.5100),c:Agaricomycetes(0.1000),o:Agaricales(0.0500),f:Orbiliaceae(0.0400),g:Orbilia(0.0200),s:Orphella_catalaunica_SH486519.07FU(0.0200)	+	d:Fungi
Otu2002	d:Fungi(1.0000),p:Basidiomycota(0.5100),c:Tremellomycetes(0.2600),o:Tremellales(0.2500),f:Bulleribasidiaceae(0.2200),g:Derxomyces(0.1300),s:Derxomyces_qinlingensis_SH215977.07FU(0.0600)	+	d:Fungi
Otu2005	d:Fungi(1.0000),p:Ascomycota(1.0000),c:Sordariomycetes(1.0000)	+	d:Fungi,p:Ascomycota,c:Sordariomycetes
Otu2000	d:Fungi(1.0000),p:Basidiomycota(0.0800),c:Agaricomycetes(0.0600),o:Diversisporales(0.0400),f:Diversisporaceae(0.0300),g:Diversispora(0.0300),s:Microbotryum_betonicae_SH186562.07FU(0.0200)	+	d:Fungi
Otu2001	d:Fungi(1.0000),p:Basidiomycota(1.0000),c:Tremellomycetes(0.0300),o:Holtermanniales(0.0200),f:Holtermanniales_fam_Incertae_sedis(0.0200),g:Holtermanniella(0.0200),s:Holtermanniella_takashimae_SH190741.07FU(0.0200)	+	d:Fungi,p:Basidiomycota
Otu2006	d:Fungi(1.0000)	+	d:Fungi
Otu2009	d:Fungi(1.0000),p:Glomeromycota(0.2800),c:Glomeromycetes(0.2200),o:Diversisporales(0.1500),f:Acaulosporaceae(0.1400),g:Symbiotaphrina(0.0600),s:Symbiotaphrina_kochii_SH021199.07FU(0.0500)	+	d:Fungi
Otu2008	d:Fungi(1.0000),p:Ascomycota(1.0000),c:Sordariomycetes(1.0000),o:Hypocreales(1.0000),f:Nectriaceae(1.0000),g:Fusarium(1.0000),s:Fusarium_venenatum_SH215301.07FU(1.0000)	+	d:Fungi,p:Ascomycota,c:Sordariomycetes,o:Hypocreales,f:Nectriaceae,g:Fusarium,s:Fusarium_venenatum_SH215301.07FU
Otu1997	d:Fungi(1.0000),p:Basidiomycota(0.5300),c:Tremellomycetes(0.5200),o:Tremellales(0.5200),f:Bulleraceae(0.4800),g:Bullera(0.4800),s:Bullera_crocea_SH209709.07FU(0.4800)	+	d:Fungi
Otu1996	d:Fungi(1.0000),p:Ascomycota(0.6100),c:Eurotiomycetes(0.5300),o:Chaetothyriales(0.5300),f:Cyphellophoraceae(0.1600),g:Cyphellophora(0.1600),s:Cyphellophora_reptans_SH197862.07FU(0.0400)	+	d:Fungi
Otu2004	d:Fungi(1.0000),p:Olpidiomycota(0.1200),c:Olpidiomycetes(0.1200),o:Olpidiales(0.1200),f:Olpidiaceae(0.0700),g:Olpidium(0.0700),s:Olpidium_brassicae_SH194417.07FU(0.0700)	+	d:Fungi
Otu2007	d:Fungi(1.0000),p:Basidiomycota(0.8200),c:Agaricomycetes(0.7800),o:Agaricales(0.7400),f:Entolomataceae(0.0200),g:Entoloma(0.0100),s:Entoloma_saundersii_SH221939.07FU(0.0100)	+	d:Fungi,p:Basidiomycota
Otu2014	d:Fungi(1.0000),p:Ascomycota(0.4800),c:Agaricomycetes(0.2100),o:Saccharomycetales(0.1700),f:Saccharomycetales_fam_Incertae_sedis(0.1600),g:Candida(0.0900),s:Diutina_rugosa_SH180756.07FU(0.0400)	+	d:Fungi
Otu2011	d:Fungi(1.0000),p:Ascomycota(0.8200),c:Eurotiomycetes(0.4000),o:Chaetothyriales(0.2000),f:Verrucariaceae(0.0800),g:Verrucaria(0.0800),s:Verrucaria_nigrescens_SH021091.07FU(0.0500)	+	d:Fungi,p:Ascomycota
Otu2012	d:Fungi(1.0000),p:Basidiomycota(0.9900),c:Tremellomycetes(0.0400),o:Holtermanniales(0.0300),f:Holtermanniales_fam_Incertae_sedis(0.0300),g:Holtermanniella(0.0300),s:Holtermanniella_takashimae_SH190741.07FU(0.0300)	+	d:Fungi,p:Basidiomycota
Otu2003	d:Fungi(1.0000),p:Ascomycota(0.8800),c:Dothideomycetes(0.8000),o:Capnodiales(0.8000),f:Teratosphaeriaceae(0.3400),g:Arthrocatena(0.1800),s:Arthrocatena_tenebrio_SH200603.07FU(0.1800)	+	d:Fungi,p:Ascomycota,c:Dothideomycetes,o:Capnodiales
Otu2010	d:Fungi(1.0000),p:Ascomycota(0.2800),c:Sordariomycetes(0.2800),o:Sordariales(0.2800)	+	d:Fungi
Otu2013	d:Rhizaria(0.5400),p:Cercozoa(0.5400),c:Dothideomycetes(0.0300),o:Pleosporales(0.0200),f:Orbiliaceae(0.0200),g:Orbilia(0.0100),s:Haematomma_erythromma_SH006300.07FU(0.0100)	+	
Otu2019	d:Fungi(1.0000),p:Basidiomycota(1.0000),c:Tremellomycetes(0.0400),o:Holtermanniales(0.0300),f:Holtermanniales_fam_Incertae_sedis(0.0300),g:Holtermanniella(0.0300),s:Holtermanniella_takashimae_SH190741.07FU(0.0300)	+	d:Fungi,p:Basidiomycota
Otu2020	d:Fungi(1.0000),p:Ascomycota(0.8200),c:Sordariomycetes(0.8200),o:Sordariales(0.8200)	+	d:Fungi,p:Ascomycota,c:Sordariomycetes,o:Sordariales
Otu2021	d:Fungi(1.0000),p:Basidiomycota(0.9900),c:Tremellomycetes(0.9900),o:Filobasidiales(0.9900),f:Filobasidiaceae(0.9900),g:Filobasidium(0.9900),s:Filobasidium_wieringae_SH221435.07FU(0.9900)	+	d:Fungi,p:Basidiomycota,c:Tremellomycetes,o:Filobasidiales,f:Filobasidiaceae,g:Filobasidium,s:Filobasidium_wieringae_SH221435.07FU
Otu2024	d:Fungi(1.0000),p:Ascomycota(0.8600),c:Leotiomycetes(0.8400),o:Helotiales(0.8400),f:Helotiaceae(0.7700),g:Articulospora(0.5000),s:Calloria_urticae_SH529064.07FU(0.0400)	+	d:Fungi,p:Ascomycota,c:Leotiomycetes,o:Helotiales
Otu2017	d:Fungi(0.8500),p:Basidiomycota(0.2800),c:Tremellomycetes(0.1700),o:Tremellales(0.1500),f:Symbiotaphrinaceae(0.1000),g:Symbiotaphrina(0.1000),s:Symbiotaphrina_buchneri_SH643910.07FU(0.0900)	+	d:Fungi
Otu2018	d:Fungi(1.0000),p:Basidiomycota(0.2500),c:Tremellomycetes(0.2400),o:Tremellales(0.2400),f:Bulleraceae(0.1900),g:Bullera(0.1900),s:Bullera_crocea_SH209709.07FU(0.1900)	+	d:Fungi
Otu2025	d:Fungi(1.0000),p:Basidiomycota(1.0000),c:Tremellomycetes(0.0300),o:Holtermanniales(0.0300),f:Holtermanniales_fam_Incertae_sedis(0.0300),g:Holtermanniella(0.0300),s:Holtermanniella_takashimae_SH190741.07FU(0.0300)	+	d:Fungi,p:Basidiomycota
Otu2015	d:Fungi(1.0000)	+	d:Fungi
Otu2027	d:Fungi(1.0000),p:Basidiomycota(0.2800),c:Agaricomycetes(0.2500),o:Entorrhizales(0.1300),f:Entorrhizaceae(0.1300),g:Entorrhiza(0.1300),s:Entorrhiza_aschersoniana_SH523879.07FU(0.0600)	+	d:Fungi
Otu2023	d:Fungi(1.0000),p:Ascomycota(1.0000),c:Lecanoromycetes(1.0000),o:Teloschistales(1.0000),f:Teloschistaceae(1.0000),g:Xanthocarpia(0.7300),s:Xanthocarpia_crenulatella_SH025521.07FU(0.3200)	+	d:Fungi,p:Ascomycota,c:Lecanoromycetes,o:Teloschistales,f:Teloschistaceae
Otu2026	d:Fungi(1.0000),p:Ascomycota(1.0000),c:Dothideomycetes(1.0000),o:Pleosporales(0.8600),f:Phaeosphaeriaceae(0.0100)	+	d:Fungi,p:Ascomycota,c:Dothideomycetes,o:Pleosporales
Otu2033	d:Fungi(1.0000),p:Ascomycota(0.8800),c:Leotiomycetes(0.6100),o:Helotiales(0.6100),f:Helotiaceae(0.3900),g:Tricladium(0.3900),s:Tricladium_alaskense_SH186795.07FU(0.3900)	+	d:Fungi,p:Ascomycota
Otu2030	d:Fungi(1.0000),p:Ascomycota(1.0000),c:Sordariomycetes(1.0000),o:Myrmecridiales(1.0000),f:Myrmecridiaceae(1.0000),g:Myrmecridium(1.0000),s:Myrmecridium_phragmitis_SH030697.07FU(0.9300)	+	d:Fungi,p:Ascomycota,c:Sordariomycetes,o:Myrmecridiales,f:Myrmecridiaceae,g:Myrmecridium,s:Myrmecridium_phragmitis_SH030697.07FU
Otu2031	d:Fungi(1.0000),p:Ascomycota(1.0000),c:Lecanoromycetes(1.0000),o:Lecanorales(0.9900),f:Parmeliaceae(0.9800),g:Parmelia(0.9700),s:Parmelia_squarrosa_SH179386.07FU(0.3400)	+	d:Fungi,p:Ascomycota,c:Lecanoromycetes,o:Lecanorales,f:Parmeliaceae,g:Parmelia
Otu2022	d:Fungi(1.0000),p:Basidiomycota(0.7100),c:Agaricomycetes(0.7000),o:Polyporales(0.0600),f:Meruliaceae(0.0400),g:Rickenella(0.0300),s:Phlebia_acanthocystis_SH192459.07FU(0.0300)	+	d:Fungi
Otu2028	d:Fungi(1.0000),p:Ascomycota(0.9600),c:Dothideomycetes(0.9600)	+	d:Fungi,p:Ascomycota,c:Dothideomycetes
Otu2016	d:Fungi(1.0000),p:Basidiomycota(0.9800),c:Tremellomycetes(0.9700),o:Tremellales(0.5200),f:Bulleribasidiaceae(0.5200),g:Vishniacozyma(0.5200),s:Vishniacozyma_victoriae_SH181632.07FU(0.4900)	+	d:Fungi,p:Basidiomycota,c:Tremellomycetes
Otu2036	d:Fungi(1.0000),p:Basidiomycota(0.3500),c:Agaricostilbomycetes(0.3300),o:Agaricostilbales(0.3300),f:Chionosphaeraceae(0.0600),g:Cystobasidiopsis(0.0500),s:Cystobasidiopsis_lophatheri_SH023554.07FU(0.0400)	+	d:Fungi
Otu2032	d:Fungi(1.0000),p:Ascomycota(0.8500),c:Eurotiomycetes(0.8100),o:Chaetothyriales(0.8100),f:Herpotrichiellaceae(0.6000),g:Capronia(0.4900),s:Knufia_perforans_SH180466.07FU(0.1000)	+	d:Fungi,p:Ascomycota,c:Eurotiomycetes,o:Chaetothyriales
Otu2037	d:Fungi(1.0000),p:Basidiomycota(0.2600),c:Tremellomycetes(0.2600),o:Tremellales(0.2600),f:Bulleraceae(0.2100),g:Bullera(0.2100),s:Bullera_crocea_SH209709.07FU(0.2100)	+	d:Fungi
Otu2034	d:Fungi(1.0000),p:Basidiomycota(0.9700),c:Tremellomycetes(0.9400),o:Tremellales(0.9400),f:Bulleribasidiaceae(0.9400),g:Vishniacozyma(0.9400),s:Vishniacozyma_dimennae_SH203797.07FU(0.7500)	+	d:Fungi,p:Basidiomycota,c:Tremellomycetes,o:Tremellales,f:Bulleribasidiaceae,g:Vishniacozyma
Otu2029	d:Fungi(1.0000),p:Ascomycota(0.8900),c:Lecanoromycetes(0.5600),o:Lecanorales(0.4600),f:Lecanoraceae(0.3200),g:Scoliciosporum(0.2600),s:Scoliciosporum_umbrinum_SH631601.07FU(0.2100)	+	d:Fungi,p:Ascomycota
Otu2038	d:Fungi(1.0000),p:Ascomycota(1.0000),c:Dothideomycetes(1.0000),o:Pleosporales(1.0000),f:Lophiostomataceae(1.0000),g:Lophiostoma(0.0600),s:Sigarispora_coronillae_SH180727.07FU(0.0500)	+	d:Fungi,p:Ascomycota,c:Dothideomycetes,o:Pleosporales,f:Lophiostomataceae
Otu2042	d:Fungi(1.0000),p:Basidiomycota(0.5300),c:Tremellomycetes(0.5100),o:Tremellales(0.5100),f:Bulleraceae(0.4700),g:Bullera(0.4700),s:Bullera_crocea_SH209709.07FU(0.4700)	+	d:Fungi
Otu2035	d:Fungi(1.0000),p:Ascomycota(1.0000),c:Leotiomycetes(1.0000),o:Helotiales(1.0000),f:Hyaloscyphaceae(0.9800),g:Lachnum(0.9400),s:Proliferodiscus_tricolor_SH014732.07FU(0.0100)	+	d:Fungi,p:Ascomycota,c:Leotiomycetes,o:Helotiales,f:Hyaloscyphaceae,g:Lachnum
Otu2039	d:Fungi(1.0000),p:Ascomycota(0.2700),c:Glomeromycetes(0.1300),o:Symbiotaphrinales(0.1200),f:Symbiotaphrinaceae(0.1200),g:Symbiotaphrina(0.1200),s:Symbiotaphrina_kochii_SH021199.07FU(0.0700)	+	d:Fungi
Otu2043	d:Fungi(1.0000),p:Basidiomycota(1.0000),c:Agaricomycetes(1.0000),o:Agaricales(1.0000),f:Physalacriaceae(1.0000),g:Strobilurus(1.0000),s:Strobilurus_tenacellus_SH183746.07FU(0.5700)	+	d:Fungi,p:Basidiomycota,c:Agaricomycetes,o:Agaricales,f:Physalacriaceae,g:Strobilurus
Otu2044	d:Fungi(1.0000),p:Ascomycota(0.6900),c:Dothideomycetes(0.6800),o:Pleosporales(0.6800),f:Phaeosphaeriaceae(0.5600),g:Leptosphaeria(0.1000),s:Leptosphaeria_avenaria_SH183009.07FU(0.1000)	+	d:Fungi
Otu2045	d:Fungi(1.0000),p:Chytridiomycota(1.0000),c:Chytridiomycetes(0.7500),o:Rhizophlyctidales(0.2300),f:Rhizophlyctidaceae(0.2300),g:Rhizophlyctis(0.2300),s:Rhizophlyctis_rosea_SH024698.07FU(0.0200)	+	d:Fungi,p:Chytridiomycota
Otu2047	d:Fungi(1.0000),p:Basidiomycota(0.3800),c:Microbotryomycetes(0.2100),o:Microbotryales(0.2000),f:Ustilentylomataceae(0.1400),g:Ustilentyloma(0.1300),s:Ustilentyloma_graminis_SH196361.07FU(0.0700)	+	d:Fungi
Otu2040	d:Fungi(1.0000),p:Ascomycota(0.7400),c:Dothideomycetes(0.7400),o:Pleosporales(0.7400),f:Periconiaceae(0.1800),g:Periconia(0.1500),s:Noosia_banksiae_SH020957.07FU(0.0300)	+	d:Fungi
Otu2048	d:Fungi(1.0000),p:Basidiomycota(0.0600),c:Tremellomycetes(0.0500),o:Tremellales(0.0500),f:Bulleraceae(0.0300),g:Bullera(0.0300),s:Bullera_crocea_SH209709.07FU(0.0300)	+	d:Fungi
Otu2041	d:Fungi(1.0000),p:Chytridiomycota(0.3600),c:Agaricomycetes(0.2100),o:Rhizophydiales(0.1300),f:Rhizophydiales_fam_Incertae_sedis(0.1200),g:Coralloidiomyces(0.1200),s:Coralloidiomyces_digitatus_SH461375.07FU(0.1200)	+	d:Fungi
Otu2049	d:Fungi(1.0000),p:Basidiomycota(1.0000),c:Agaricomycetes(1.0000),o:Boletales(1.0000),f:Melanogastraceae(1.0000),g:Melanogaster(1.0000),s:Melanogaster_broomeanus_SH182656.07FU(0.8000)	+	d:Fungi,p:Basidiomycota,c:Agaricomycetes,o:Boletales,f:Melanogastraceae,g:Melanogaster,s:Melanogaster_broomeanus_SH182656.07FU
Otu2051	d:Fungi(0.9700),p:Basidiomycota(0.3800),c:Agaricomycetes(0.2500),o:Tremellales(0.0900),f:Bulleribasidiaceae(0.0500),g:Symbiotaphrina(0.0500),s:Dioszegia_changbaiensis_SH209715.07FU(0.0300)	+	d:Fungi
Otu2054	d:Fungi(1.0000),p:Basidiomycota(0.0900),c:Agaricomycetes(0.0700),o:Diversisporales(0.0400),f:Diversisporaceae(0.0300),g:Diversispora(0.0300),s:Microbotryum_betonicae_SH186562.07FU(0.0200)	+	d:Fungi
Otu2056	d:Fungi(1.0000),p:Ascomycota(1.0000),c:Leotiomycetes(1.0000)	+	d:Fungi,p:Ascomycota,c:Leotiomycetes
Otu2050	d:Fungi(1.0000),p:Rozellomycota(0.1400),c:Rozellomycotina_cls_Incertae_sedis(0.1400),o:GS04(0.0800),f:Lyophyllaceae(0.0300),g:Termitomyces(0.0300),s:Mattirolomyces_mexicanus_SH003081.07FU(0.0100)	+	d:Fungi
Otu2052	d:Fungi(1.0000),p:Basidiomycota(0.5500),c:Tremellomycetes(0.5400),o:Tremellales(0.5400),f:Bulleraceae(0.4800),g:Bullera(0.4800),s:Bullera_crocea_SH209709.07FU(0.4800)	+	d:Fungi
Otu2053	d:Fungi(1.0000),p:Basidiomycota(0.2600),c:Tremellomycetes(0.2600),o:Tremellales(0.2600),f:Bulleraceae(0.2100),g:Bullera(0.2100),s:Bullera_crocea_SH209709.07FU(0.2100)	+	d:Fungi
Otu2055	d:Fungi(1.0000),p:Ascomycota(1.0000),c:Sordariomycetes(1.0000),o:Xylariales(1.0000),f:Microdochiaceae(1.0000),g:Microdochium(1.0000),s:Microdochium_phragmitis_SH203161.07FU(0.9000)	+	d:Fungi,p:Ascomycota,c:Sordariomycetes,o:Xylariales,f:Microdochiaceae,g:Microdochium,s:Microdochium_phragmitis_SH203161.07FU
Otu2060	d:Fungi(1.0000),p:Mortierellomycota(1.0000),c:Mortierellomycetes(1.0000),o:Mortierellales(1.0000),f:Mortierellaceae(0.1100),g:Mortierella(0.1100),s:Mortierella_elongata_SH180118.07FU(0.1100)	+	d:Fungi,p:Mortierellomycota,c:Mortierellomycetes,o:Mortierellales
Otu2058	d:Fungi(0.6400),p:Cercozoa(0.3500),c:Agaricomycetes(0.2000),o:Agaricales(0.1500),f:Cortinariaceae(0.0400),g:Cortinarius(0.0400),s:Psathyrella_sulcatotuberculosa_SH523263.07FU(0.0200)	+	
Otu2057	d:Fungi(1.0000),p:Basidiomycota(0.0500),c:Agaricomycetes(0.0500),o:Agaricales(0.0200),f:Hymenochaetaceae(0.0200),g:Coltricia(0.0200),s:Inocybe_kauffmanii_SH210644.07FU(0.0100)	+	d:Fungi
Otu2046	d:Fungi(1.0000),p:Basidiomycota(0.5500),c:Tremellomycetes(0.5400),o:Tremellales(0.5400),f:Bulleraceae(0.4800),g:Bullera(0.4800),s:Bullera_crocea_SH209709.07FU(0.4800)	+	d:Fungi
Otu2061	d:Fungi(1.0000),p:Glomeromycota(0.2500),c:Harpellomycetes(0.2400),o:Harpellales(0.2400),f:Legeriomycetaceae(0.2300),g:Smittium(0.2300),s:Smittium_morbosum_SH471714.07FU(0.2300)	+	d:Fungi
Otu2059	d:Fungi(1.0000),p:Basidiomycota(0.2600),c:Tremellomycetes(0.2500),o:Tremellales(0.2500),f:Bulleraceae(0.2000),g:Bullera(0.2000),s:Bullera_crocea_SH209709.07FU(0.2000)	+	d:Fungi
Otu2070	d:Fungi(0.9900),p:Ascomycota(0.4200),c:Agaricomycetes(0.2100),o:Symbiotaphrinales(0.1600),f:Symbiotaphrinaceae(0.1600),g:Symbiotaphrina(0.1600),s:Symbiotaphrina_kochii_SH021199.07FU(0.1500)	+	d:Fungi
Otu2065	d:Fungi(1.0000),p:Ascomycota(0.9900),c:Dothideomycetes(0.8100),o:Pleosporales(0.8000),f:Phaeosphaeriaceae(0.8000),g:Phaeosphaeria(0.8000),s:Phaeosphaeria_triglochinicola_SH208537.07FU(0.8000)	+	d:Fungi,p:Ascomycota,c:Dothideomycetes,o:Pleosporales,f:Phaeosphaeriaceae,g:Phaeosphaeria,s:Phaeosphaeria_triglochinicola_SH208537.07FU
Otu2064	d:Fungi(1.0000),p:Basidiomycota(0.4900),c:Agaricomycetes(0.4500),o:Agaricales(0.2800),f:Lyophyllaceae(0.0900),g:Termitomyces(0.0900),s:Orphella_catalaunica_SH486519.07FU(0.0500)	+	d:Fungi
Otu2071	d:Fungi(0.8800),p:Ascomycota(0.6800),c:Saccharomycetes(0.5100),o:Saccharomycetales(0.5100),f:Cladosporiaceae(0.0400),g:Davidiella(0.0200),s:Davidiella_rosigena_SH016560.07FU(0.0200)	+	d:Fungi
Otu2063	d:Fungi(1.0000),p:Ascomycota(0.8200),c:Eurotiomycetes(0.2000),o:Helotiales(0.1200),f:Verrucariaceae(0.0800),g:Massaria(0.0700),s:Candida_kanchanaburiensis_SH190127.07FU(0.0400)	+	d:Fungi,p:Ascomycota
Otu2072	d:Rhizaria(0.9900),p:Cercozoa(0.9900)	+	d:Rhizaria,p:Cercozoa
Otu2068	d:Fungi(1.0000),p:Ascomycota(0.0800),c:Dothideomycetes(0.0400),o:Pleosporales(0.0400),f:Coniothyriaceae(0.0300),g:Coniothyrium(0.0300),s:Coniothyrium_sidae_SH211029.07FU(0.0300)	+	d:Fungi
Otu2073	d:Fungi(1.0000),p:Ascomycota(1.0000),c:Dothideomycetes(1.0000),o:Pleosporales(0.9700)	+	d:Fungi,p:Ascomycota,c:Dothideomycetes,o:Pleosporales
Otu2066	d:Fungi(1.0000),p:Ascomycota(0.8400),c:Dothideomycetes(0.3000),o:Pleosporales(0.3000),f:Cucurbitariaceae(0.2400),g:Pyrenochaeta(0.2400),s:Pyrenochaeta_keratinophila_SH183894.07FU(0.1900)	+	d:Fungi,p:Ascomycota
Otu2069	d:Fungi(1.0000),p:Ascomycota(1.0000),c:Leotiomycetes(1.0000),o:Helotiales(1.0000)	+	d:Fungi,p:Ascomycota,c:Leotiomycetes,o:Helotiales
Otu2062	d:Fungi(1.0000),p:Ascomycota(0.9900),c:Dothideomycetes(0.9900),o:Pleosporales(0.9900),f:Pleosporales_fam_Incertae_sedis(0.2300),g:Nigrograna(0.2300),s:Biatriospora_mackinnonii_SH204844.07FU(0.0200)	+	d:Fungi,p:Ascomycota,c:Dothideomycetes,o:Pleosporales
Otu2077	d:Rhizaria(0.6200),p:Cercozoa(0.6200),c:Agaricomycetes(0.0900),o:Agaricales(0.0200),f:Glomeraceae(0.0200),g:Sebacina(0.0200),s:Barnettozyma_siamensis_SH204375.07FU(0.0100)	+	
Otu2067	d:Fungi(1.0000),p:Ascomycota(1.0000),c:Sordariomycetes(1.0000),o:Xylariales(0.6700),f:Xylariales_fam_Incertae_sedis(0.6700),g:Phialemoniopsis(0.6700),s:Phialemoniopsis_curvata_SH211282.07FU(0.6700)	+	d:Fungi,p:Ascomycota,c:Sordariomycetes
Otu2075	d:Fungi(1.0000),p:Basidiomycota(0.6600),c:Tremellomycetes(0.6600),o:Tremellales(0.6600),f:Bulleribasidiaceae(0.6600),g:Dioszegia(0.6600),s:Dioszegia_hungarica_SH182099.07FU(0.6400)	+	d:Fungi
Otu2079	d:Fungi(1.0000),p:Ascomycota(0.8300),c:Sordariomycetes(0.7800),o:Hypocreales(0.4500),f:Bionectriaceae(0.0800),g:Phaeoacremonium(0.0400),s:Stromatonectria_caraganae_SH192543.07FU(0.0400)	+	d:Fungi,p:Ascomycota
Otu2076	d:Fungi(1.0000),p:Ascomycota(0.4700),c:Tremellomycetes(0.2900),o:Pleosporales(0.2600),f:Didymellaceae(0.2600),g:Ascochyta(0.1200),s:Ascochyta_herbicola_SH345922.07FU(0.0800)	+	d:Fungi
Otu2074	d:Fungi(1.0000),p:Chytridiomycota(0.3000),c:Xylonomycetes(0.1100),o:Symbiotaphrinales(0.1100),f:Symbiotaphrinaceae(0.1100),g:Symbiotaphrina(0.1100),s:Symbiotaphrina_buchneri_SH643910.07FU(0.0800)	+	d:Fungi
Otu2085	d:Fungi(1.0000),p:Basidiomycota(1.0000),c:Tremellomycetes(1.0000),o:Tremellales(1.0000),f:Bulleraceae(0.9900),g:Bullera(0.9900),s:Bullera_alba_SH215453.07FU(0.9900)	+	d:Fungi,p:Basidiomycota,c:Tremellomycetes,o:Tremellales,f:Bulleraceae,g:Bullera,s:Bullera_alba_SH215453.07FU
Otu2078	d:Fungi(1.0000),p:Basidiomycota(0.9500),c:Agaricomycetes(0.9500),o:Corticiales(0.3300),f:Corticiaceae(0.3300),g:Corticium(0.3000),s:Marchandiobasidium_aurantiacum_SH188022.07FU(0.0300)	+	d:Fungi,p:Basidiomycota,c:Agaricomycetes
Otu2080	d:Fungi(0.6500),p:Ascomycota(0.6500),c:Pezizomycetes(0.6500),o:Pezizales(0.0100),f:Pezizaceae(0.0100),g:Oedocephalum(0.0100)	+	
Otu2086	d:Fungi(1.0000)	+	d:Fungi
Otu2082	d:Fungi(1.0000),p:Basidiomycota(0.3700),c:Agaricomycetes(0.3500),o:Agaricales(0.1600),f:Entorrhizaceae(0.1400),g:Entorrhiza(0.1400),s:Entorrhiza_citriformis_SH456003.07FU(0.0400)	+	d:Fungi
Otu2081	d:Fungi(1.0000),p:Ascomycota(1.0000),c:Dothideomycetes(1.0000),o:Capnodiales(1.0000),f:Teratosphaeriaceae(0.0100),g:Capnobotryella(0.0100)	+	d:Fungi,p:Ascomycota,c:Dothideomycetes,o:Capnodiales
Otu2087	d:Fungi(1.0000),p:Ascomycota(0.6100),c:Sordariomycetes(0.6100),o:Xylariales(0.2000),f:Xylariaceae(0.0300),g:Kretzschmaria(0.0100),s:Kretzschmaria_sandvicense_SH488055.07FU(0.0100)	+	d:Fungi
Otu2092	d:Fungi(1.0000),p:Chytridiomycota(0.1500)	+	d:Fungi
Otu2084	d:Fungi(1.0000),p:Ascomycota(1.0000),c:Leotiomycetes(1.0000),o:Helotiales(1.0000),f:Helotiaceae(0.8100),g:Crocicreas(0.4600),s:Tatraea_macrospora_SH493129.07FU(0.0700)	+	d:Fungi,p:Ascomycota,c:Leotiomycetes,o:Helotiales,f:Helotiaceae
Otu2091	d:Fungi(0.9100),p:Ascomycota(0.7100),c:Saccharomycetes(0.5000),o:Saccharomycetales(0.5000),f:Mycosphaerellaceae(0.1000),g:Stenella(0.0700),s:Stenella_araguata_SH631423.07FU(0.0700)	+	d:Fungi
Otu2089	d:Fungi(1.0000)	+	d:Fungi
Otu2088	d:Fungi(1.0000),p:Ascomycota(1.0000),c:Dothideomycetes(0.9200),o:Capnodiales(0.9200),f:Mycosphaerellaceae(0.9200),g:Ramularia(0.9200),s:Ramularia_collo-cygni_SH206786.07FU(0.2600)	+	d:Fungi,p:Ascomycota,c:Dothideomycetes,o:Capnodiales,f:Mycosphaerellaceae,g:Ramularia
Otu2093	d:Fungi(0.9700),p:Basidiomycota(0.2400),c:Harpellomycetes(0.1400),o:Harpellales(0.1400),f:Legeriomycetaceae(0.1400),g:Smittium(0.1200),s:Smittium_morbosum_SH471714.07FU(0.1200)	+	d:Fungi
Otu2096	d:Fungi(1.0000),p:Basidiomycota(1.0000),c:Tremellomycetes(1.0000),o:Tremellales(1.0000),f:Bulleraceae(0.9900),g:Bullera(0.9900),s:Bullera_alba_SH215453.07FU(0.9900)	+	d:Fungi,p:Basidiomycota,c:Tremellomycetes,o:Tremellales,f:Bulleraceae,g:Bullera,s:Bullera_alba_SH215453.07FU
Otu2090	d:Fungi(1.0000),p:Ascomycota(1.0000),c:Dothideomycetes(1.0000),o:Capnodiales(1.0000),f:Cladosporiaceae(1.0000),g:Cladosporium(1.0000),s:Cladosporium_aphidis_SH294054.07FU(1.0000)	+	d:Fungi,p:Ascomycota,c:Dothideomycetes,o:Capnodiales,f:Cladosporiaceae,g:Cladosporium,s:Cladosporium_aphidis_SH294054.07FU
Otu2099	d:Fungi(1.0000),p:Basidiomycota(0.8900),c:Tremellomycetes(0.8600),o:Tremellales(0.8500),f:Bulleribasidiaceae(0.8500),g:Vishniacozyma(0.8500),s:Vishniacozyma_dimennae_SH203798.07FU(0.5000)	+	d:Fungi,p:Basidiomycota,c:Tremellomycetes,o:Tremellales,f:Bulleribasidiaceae,g:Vishniacozyma
Otu2095	d:Fungi(1.0000),p:Ascomycota(0.6600),c:Leotiomycetes(0.6600),o:Helotiales(0.6600),f:Helotiales_fam_Incertae_sedis(0.6500),g:Cadophora(0.6400),s:Cadophora_orchidicola_SH527184.07FU(0.2100)	+	d:Fungi
Otu2094	d:Fungi(1.0000),p:Basidiomycota(0.5800),c:Tremellomycetes(0.5600),o:Tremellales(0.5600),f:Bulleraceae(0.5100),g:Bullera(0.5100),s:Bullera_crocea_SH209709.07FU(0.5100)	+	d:Fungi
Otu2097	d:Fungi(1.0000),p:Chytridiomycota(0.3900),c:Agaricomycetes(0.1700),o:Rhizophydiales(0.1500),f:Rhizophydiales_fam_Incertae_sedis(0.1400),g:Coralloidiomyces(0.1400),s:Coralloidiomyces_digitatus_SH461375.07FU(0.1400)	+	d:Fungi
Otu2104	d:Fungi(1.0000),p:Chytridiomycota(0.5500),c:Agaricomycetes(0.1400),o:Rhizophydiales(0.0800),f:Inocybaceae(0.0400),g:Inocybe(0.0400),s:Inocybe_nitidiuscula_SH003026.07FU(0.0200)	+	d:Fungi
Otu2102	d:Fungi(1.0000),p:Ascomycota(0.7900),c:Eurotiomycetes(0.4600),o:Verrucariales(0.4500),f:Verrucariaceae(0.3900),g:Symbiotaphrina(0.2000),s:Symbiotaphrina_kochii_SH021199.07FU(0.1200)	+	d:Fungi
Otu2098	d:Fungi(1.0000),p:Basidiomycota(0.2500),c:Tremellomycetes(0.2400),o:Tremellales(0.2400),f:Bulleraceae(0.1900),g:Bullera(0.1900),s:Bullera_crocea_SH209709.07FU(0.1900)	+	d:Fungi
Otu2105	d:Fungi(1.0000),p:Ascomycota(1.0000),c:Eurotiomycetes(1.0000),o:Verrucariales(1.0000),f:Verrucariaceae(1.0000),g:Agonimia(1.0000),s:Agonimia_allobata_SH204867.07FU(1.0000)	+	d:Fungi,p:Ascomycota,c:Eurotiomycetes,o:Verrucariales,f:Verrucariaceae,g:Agonimia,s:Agonimia_allobata_SH204867.07FU
Otu2100	d:Fungi(1.0000),p:Ascomycota(1.0000),c:Sordariomycetes(1.0000),o:Sordariales(1.0000),f:Lasiosphaeriaceae(1.0000)	+	d:Fungi,p:Ascomycota,c:Sordariomycetes,o:Sordariales,f:Lasiosphaeriaceae
Otu2083	d:Fungi(1.0000),p:Ascomycota(0.8900),c:Sordariomycetes(0.2300),o:Hypocreales(0.2300),f:Stachybotryaceae(0.2300),g:Paramyrothecium(0.1300),s:Paramyrothecium_cupuliforme_SH630920.07FU(0.1300)	+	d:Fungi,p:Ascomycota
Otu2108	d:Fungi(1.0000),p:Basidiomycota(0.2200),c:Agaricomycetes(0.1500),o:Glomerales(0.0900),f:Glomeraceae(0.0900),g:Trechispora(0.0600),s:Symbiotaphrina_kochii_SH021199.07FU(0.0600)	+	d:Fungi
Otu2103	d:Fungi(1.0000),p:Ascomycota(1.0000),c:Sordariomycetes(1.0000),o:Sordariales(1.0000),f:Lasiosphaeriaceae(1.0000),g:Schizothecium(1.0000),s:Schizothecium_glutinans_SH201210.07FU(1.0000)	+	d:Fungi,p:Ascomycota,c:Sordariomycetes,o:Sordariales,f:Lasiosphaeriaceae,g:Schizothecium,s:Schizothecium_glutinans_SH201210.07FU
Otu2114	d:Fungi(1.0000),p:Ascomycota(1.0000),c:Sordariomycetes(1.0000),o:Hypocreales(1.0000),f:Hypocreales_fam_Incertae_sedis(1.0000),g:Acremonium(1.0000)	+	d:Fungi,p:Ascomycota,c:Sordariomycetes,o:Hypocreales,f:Hypocreales_fam_Incertae_sedis,g:Acremonium
Otu2107	d:Fungi(1.0000),p:Basidiomycota(0.5000),c:Agaricomycetes(0.5000),o:Agaricales(0.5000),f:Bolbitiaceae(0.5000),g:Leptosphaeria(0.0400),s:Pyrenochaetopsis_leptospora_SH198996.07FU(0.0200)	+	d:Fungi
Otu2101	d:Fungi(1.0000),p:Chytridiomycota(0.7700),c:Lobulomycetes(0.0700),o:Lobulomycetales(0.0700),f:Lobulomycetaceae(0.0700),g:Clydaea(0.0500),s:Synchytrium_papillatum_SH487289.07FU(0.0100)	+	d:Fungi
Otu2112	d:Fungi(0.9100),p:Ascomycota(0.5600),c:Saccharomycetes(0.4400),o:Saccharomycetales(0.4400),f:Endogonales_fam_Incertae_sedis(0.0400),g:Densospora(0.0400),s:Stenella_araguata_SH631423.07FU(0.0300)	+	d:Fungi
Otu2109	d:Fungi(1.0000),p:Basidiomycota(1.0000),c:Tremellomycetes(1.0000),o:Tremellales(1.0000),f:Bulleribasidiaceae(1.0000),g:Vishniacozyma(1.0000),s:Vishniacozyma_victoriae_SH181632.07FU(1.0000)	+	d:Fungi,p:Basidiomycota,c:Tremellomycetes,o:Tremellales,f:Bulleribasidiaceae,g:Vishniacozyma,s:Vishniacozyma_victoriae_SH181632.07FU
Otu2106	d:Fungi(1.0000),p:Ascomycota(0.0900),c:Dothideomycetes(0.0900),o:Pleosporales(0.0900),f:Sporormiaceae(0.0900)	+	d:Fungi
Otu2111	d:Fungi(1.0000),p:Rozellomycota(0.6100),c:Agaricomycetes(0.0200),o:Polyporales(0.0200),f:Acaulosporaceae(0.0100),g:Acaulospora(0.0100),s:Acaulospora_kentinensis_SH211395.07FU(0.0100)	+	d:Fungi
Otu2117	d:Fungi(1.0000),p:Ascomycota(1.0000),c:Sordariomycetes(1.0000),o:Hypocreales(1.0000),f:Stachybotryaceae(0.9900)	+	d:Fungi,p:Ascomycota,c:Sordariomycetes,o:Hypocreales,f:Stachybotryaceae
Otu2110	d:Fungi(1.0000),p:Ascomycota(0.8100),c:Eurotiomycetes(0.7600),o:Chaetothyriales(0.7600),f:Herpotrichiellaceae(0.6100),g:Capronia(0.3300),s:Knufia_perforans_SH180466.07FU(0.0300)	+	d:Fungi,p:Ascomycota
Otu2115	d:Fungi(1.0000),p:Ascomycota(1.0000)	+	d:Fungi,p:Ascomycota
Otu2121	d:Fungi(1.0000),p:Ascomycota(0.0200),c:Dothideomycetes(0.0100),o:Pleosporales(0.0100),f:Orbiliaceae(0.0100),g:Alternaria(0.0100),s:Alternaria_brassicicola_SH486316.07FU(0.0100)	+	d:Fungi
Otu2116	d:Fungi(1.0000),p:Ascomycota(0.8800),c:Dothideomycetes(0.2700),o:Helotiales(0.2100),f:Symbiotaphrinaceae(0.0600),g:Symbiotaphrina(0.0600),s:Gloniopsis_praelonga_SH028555.07FU(0.0500)	+	d:Fungi,p:Ascomycota
Otu2123	d:Fungi(1.0000),p:Ascomycota(1.0000),c:Dothideomycetes(0.9900),o:Pleosporales(0.9900),f:Phaeosphaeriaceae(0.9900),g:Phaeosphaeria(0.9700)	+	d:Fungi,p:Ascomycota,c:Dothideomycetes,o:Pleosporales,f:Phaeosphaeriaceae,g:Phaeosphaeria
Otu2119	d:Fungi(1.0000),p:Chytridiomycota(0.8800)	+	d:Fungi,p:Chytridiomycota
Otu2120	d:Fungi(1.0000),p:Basidiomycota(1.0000),c:Tremellomycetes(0.3800),o:Tremellales(0.3800),f:Bulleribasidiaceae(0.3800),g:Dioszegia(0.3800),s:Dioszegia_fristingensis_SH209723.07FU(0.3300)	+	d:Fungi,p:Basidiomycota
Otu2126	d:Fungi(1.0000),p:Ascomycota(0.9900)	+	d:Fungi,p:Ascomycota
Otu2122	d:Fungi(1.0000),p:Ascomycota(1.0000),c:Sordariomycetes(1.0000),o:Sordariales(1.0000),f:Lasiosphaeriaceae(0.8800),g:Cercophora(0.5100),s:Cercophora_sulphurella_SH028046.07FU(0.5100)	+	d:Fungi,p:Ascomycota,c:Sordariomycetes,o:Sordariales,f:Lasiosphaeriaceae
Otu2125	d:Fungi(1.0000),p:Ascomycota(0.7400),c:Dothideomycetes(0.4000),o:Pleosporales(0.2700),f:Lophiostomataceae(0.1400),g:Trichometasphaeria(0.1400),s:Symbiotaphrina_kochii_SH021199.07FU(0.0800)	+	d:Fungi
Otu2128	d:Fungi(1.0000),p:Ascomycota(0.8400),c:Leotiomycetes(0.5100),o:Helotiales(0.4700),f:Helotiales_fam_Incertae_sedis(0.1300),g:Cadophora(0.1200),s:Tricladium_alaskense_SH186795.07FU(0.0400)	+	d:Fungi,p:Ascomycota
Otu2118	d:Fungi(1.0000),p:Ascomycota(1.0000),c:Dothideomycetes(1.0000),o:Pleosporales(1.0000),f:Pleosporaceae(1.0000),g:Alternaria(1.0000),s:Alternaria_cinerariae_SH216796.07FU(0.9100)	+	d:Fungi,p:Ascomycota,c:Dothideomycetes,o:Pleosporales,f:Pleosporaceae,g:Alternaria,s:Alternaria_cinerariae_SH216796.07FU
Otu2127	d:Fungi(1.0000),p:Basidiomycota(1.0000),c:Agaricomycetes(1.0000),o:Agaricales(1.0000),f:Strophariaceae(1.0000),g:Kuehneromyces(1.0000),s:Kuehneromyces_mutabilis_SH176913.07FU(1.0000)	+	d:Fungi,p:Basidiomycota,c:Agaricomycetes,o:Agaricales,f:Strophariaceae,g:Kuehneromyces,s:Kuehneromyces_mutabilis_SH176913.07FU
Otu2124	d:Fungi(1.0000),p:Ascomycota(1.0000),c:Dothideomycetes(1.0000),o:Pleosporales(1.0000),f:Torulaceae(0.9900),g:Torula(0.9900),s:Torula_hollandica_SH212863.07FU(0.9900)	+	d:Fungi,p:Ascomycota,c:Dothideomycetes,o:Pleosporales,f:Torulaceae,g:Torula,s:Torula_hollandica_SH212863.07FU
Otu2129	d:Fungi(1.0000),p:Basidiomycota(0.9900),c:Tremellomycetes(0.9900),o:Tremellales(0.9900),f:Tremellaceae(0.4300),g:Cryptococcus(0.4300)	+	d:Fungi,p:Basidiomycota,c:Tremellomycetes,o:Tremellales
Otu2130	d:Fungi(1.0000),p:Olpidiomycota(0.2000),c:Olpidiomycetes(0.2000),o:Olpidiales(0.2000),f:Olpidiaceae(0.0200),g:Olpidium(0.0200),s:Olpidium_brassicae_SH194417.07FU(0.0200)	+	d:Fungi
Otu2132	d:Fungi(1.0000),p:Basidiomycota(0.6800),c:Tremellomycetes(0.6600),o:Tremellales(0.6600),f:Bulleribasidiaceae(0.6600),g:Dioszegia(0.6600),s:Dioszegia_hungarica_SH182099.07FU(0.6500)	+	d:Fungi
Otu2136	d:Fungi(1.0000),p:Basidiomycota(1.0000),c:Tremellomycetes(0.3600),o:Tremellales(0.3600),f:Bulleribasidiaceae(0.3600),g:Dioszegia(0.3600),s:Dioszegia_fristingensis_SH209723.07FU(0.3200)	+	d:Fungi,p:Basidiomycota
Otu2131	d:Fungi(1.0000),p:Chytridiomycota(0.4100),c:Agaricomycetes(0.2600),o:Agaricales(0.1600),f:Verrucariaceae(0.0400),g:Synchytrium(0.0400),s:Synchytrium_cupulatum_SH009047.07FU(0.0300)	+	d:Fungi
Otu2134	d:Fungi(1.0000),p:Ascomycota(1.0000),c:Orbiliomycetes(1.0000),o:Orbiliales(0.9900),f:Orbiliaceae(0.9900),g:Orbilia(0.0100)	+	d:Fungi,p:Ascomycota,c:Orbiliomycetes,o:Orbiliales,f:Orbiliaceae
Otu2133	d:Fungi(1.0000),p:Basidiomycota(0.6700),c:Tremellomycetes(0.6600),o:Tremellales(0.6600),f:Bulleribasidiaceae(0.6600),g:Dioszegia(0.6600),s:Dioszegia_hungarica_SH182099.07FU(0.6500)	+	d:Fungi
Otu2139	d:Fungi(0.6200),p:Cercozoa(0.3800),c:Xylonomycetes(0.1000),o:Symbiotaphrinales(0.1000),f:Symbiotaphrinaceae(0.1000),g:Symbiotaphrina(0.1000),s:Symbiotaphrina_buchneri_SH643910.07FU(0.0700)	+	
Otu2137	d:Fungi(1.0000),p:Glomeromycota(0.2500),c:Rozellomycotina_cls_Incertae_sedis(0.1700),o:Archaeosporales(0.1500),f:Archaeosporaceae(0.1200),g:Smittium(0.0400),s:Smittium_morbosum_SH471714.07FU(0.0400)	+	d:Fungi
Otu2141	d:Fungi(0.9700),p:Ascomycota(0.2300),c:Rozellomycotina_cls_Incertae_sedis(0.1500),o:GS04(0.0800),f:Acaulosporaceae(0.0700),g:Cantharellus(0.0500),s:Cantharellus_subalbidus_SH181063.07FU(0.0500)	+	d:Fungi
Otu2113	d:Fungi(1.0000),p:Basidiomycota(0.0300),c:Tremellomycetes(0.0300),o:Filobasidiales(0.0200),f:Filobasidiaceae(0.0200),g:Filobasidium(0.0200),s:Filobasidium_chernovii_SH197624.07FU(0.0100)	+	d:Fungi
Otu2140	d:Fungi(1.0000),p:Ascomycota(1.0000),c:Lecanoromycetes(0.9500),o:Lecanorales(0.9500),f:Lecanoraceae(0.9300),g:Scoliciosporum(0.9300),s:Scoliciosporum_umbrinum_SH631601.07FU(0.9300)	+	d:Fungi,p:Ascomycota,c:Lecanoromycetes,o:Lecanorales,f:Lecanoraceae,g:Scoliciosporum,s:Scoliciosporum_umbrinum_SH631601.07FU
Otu2135	d:Fungi(1.0000),p:Ascomycota(0.4500),c:Dothideomycetes(0.3200),o:Pleosporales(0.3200),f:Leptosphaeriaceae(0.1300),g:Acicuseptoria(0.1000),s:Acicuseptoria_rumicis_SH192112.07FU(0.1000)	+	d:Fungi
Otu2145	d:Fungi(1.0000),p:Ascomycota(0.7100),c:Dothideomycetes(0.6700),o:Pleosporales(0.6700),f:Phaeosphaeriaceae(0.3300),g:Phaeosphaeria(0.3300),s:Phaeosphaeria_podocarpi_SH182930.07FU(0.3300)	+	d:Fungi
Otu2146	d:Fungi(1.0000),p:Basidiomycota(1.0000),c:Agaricomycetes(1.0000),o:Cantharellales(1.0000),f:Cantharellales_fam_Incertae_sedis(0.7200),g:Sistotrema(0.7200)	+	d:Fungi,p:Basidiomycota,c:Agaricomycetes,o:Cantharellales
Otu2143	d:Fungi(1.0000),p:Ascomycota(0.9600),c:Dothideomycetes(0.9600),o:Pleosporales(0.9600)	+	d:Fungi,p:Ascomycota,c:Dothideomycetes,o:Pleosporales
Otu2138	d:Fungi(1.0000),p:Basidiomycota(1.0000)	+	d:Fungi,p:Basidiomycota
Otu2142	d:Fungi(0.7400),p:Basidiomycota(0.2600),c:Agaricomycetes(0.2300),o:Agaricales(0.0800),f:Glomeraceae(0.0600),g:Symbiotaphrina(0.0300),s:Symbiotaphrina_buchneri_SH643910.07FU(0.0300)	+	
Otu2151	d:Fungi(1.0000),p:Ascomycota(1.0000),c:Eurotiomycetes(1.0000),o:Chaetothyriales(1.0000),f:Herpotrichiellaceae(0.9500),g:Cladophialophora(0.9500),s:Cladophialophora_chaetospira_SH213273.07FU(0.3900)	+	d:Fungi,p:Ascomycota,c:Eurotiomycetes,o:Chaetothyriales,f:Herpotrichiellaceae,g:Cladophialophora
Otu2149	d:Fungi(1.0000),p:Chytridiomycota(0.9900)	+	d:Fungi,p:Chytridiomycota
Otu2152	d:Fungi(0.9900),p:Basidiomycota(0.2800),c:Glomeromycetes(0.2400),o:Glomerales(0.1500),f:Glomeraceae(0.1300),g:Smittium(0.0400),s:Smittium_morbosum_SH471714.07FU(0.0400)	+	d:Fungi
Otu2147	d:Fungi(1.0000),p:Ascomycota(0.9200),c:Taphrinomycetes(0.9200),o:Taphrinales(0.9200),f:Taphrinaceae(0.9200),g:Taphrina(0.0800),s:Taphrina_antarctica_SH200749.07FU(0.0600)	+	d:Fungi,p:Ascomycota,c:Taphrinomycetes,o:Taphrinales,f:Taphrinaceae
Otu2144	d:Fungi(1.0000),p:Basidiomycota(0.0300),c:Tremellomycetes(0.0300),o:Filobasidiales(0.0200),f:Filobasidiaceae(0.0200),g:Filobasidium(0.0200),s:Filobasidium_chernovii_SH197624.07FU(0.0100)	+	d:Fungi
Otu2150	d:Fungi(1.0000),p:Chytridiomycota(0.5600),c:Agaricomycetes(0.0800),o:Orbiliales(0.0500),f:Orbiliaceae(0.0500),g:Orbilia(0.0300),s:Tulasnella_violea_SH204347.07FU(0.0100)	+	d:Fungi
Otu2153	d:Fungi(1.0000),p:Basidiomycota(1.0000),c:Agaricomycetes(1.0000),o:Agaricales(1.0000),f:Psathyrellaceae(0.0100)	+	d:Fungi,p:Basidiomycota,c:Agaricomycetes,o:Agaricales
Otu2148	d:Fungi(0.7000),p:Ascomycota(0.3400),c:Eurotiomycetes(0.1400),o:Chaetothyriales(0.0900),f:Glomeraceae(0.0700),g:Symbiotaphrina(0.0300),s:Verrucaria_funckii_SH187386.07FU(0.0200)	+	
Otu2156	d:Fungi(1.0000),p:Ascomycota(1.0000),c:Sordariomycetes(1.0000),o:Hypocreales(1.0000),f:Hypocreales_fam_Incertae_sedis(1.0000),g:Acremonium(1.0000)	+	d:Fungi,p:Ascomycota,c:Sordariomycetes,o:Hypocreales,f:Hypocreales_fam_Incertae_sedis,g:Acremonium
Otu2158	d:Fungi(1.0000),p:Basidiomycota(1.0000),c:Microbotryomycetes(1.0000),o:Microbotryales(1.0000),f:Ustilentylomataceae(1.0000),g:Ustilentyloma(1.0000),s:Ustilentyloma_graminis_SH196361.07FU(0.7800)	+	d:Fungi,p:Basidiomycota,c:Microbotryomycetes,o:Microbotryales,f:Ustilentylomataceae,g:Ustilentyloma
Otu2159	d:Fungi(1.0000),p:Ascomycota(0.9600),c:Orbiliomycetes(0.3600),o:Orbiliales(0.3600),f:Orbiliaceae(0.3600),g:Orbilia(0.2900),s:Symbiotaphrina_kochii_SH021199.07FU(0.1700)	+	d:Fungi,p:Ascomycota
Otu2154	d:Fungi(0.9800),p:Ascomycota(0.1700),c:Rozellomycotina_cls_Incertae_sedis(0.1500),o:GS04(0.0800),f:Acaulosporaceae(0.0500),g:Symbiotaphrina(0.0400),s:Symbiotaphrina_buchneri_SH643910.07FU(0.0300)	+	d:Fungi
Otu2165	d:Rhizaria(0.7500),p:Cercozoa(0.7500),c:Lecanoromycetes(0.0300),o:Orbiliales(0.0200),f:Orbiliaceae(0.0200),g:Orbilia(0.0200),s:Placopsis_contortuplicata_SH210685.07FU(0.0100)	+	
Otu2157	d:Fungi(1.0000),p:Basidiomycota(0.9600),c:Tremellomycetes(0.9100),o:Tremellales(0.9000),f:Bulleribasidiaceae(0.9000),g:Vishniacozyma(0.9000),s:Vishniacozyma_dimennae_SH203801.07FU(0.7800)	+	d:Fungi,p:Basidiomycota,c:Tremellomycetes,o:Tremellales,f:Bulleribasidiaceae,g:Vishniacozyma
Otu2162	d:Fungi(0.8400),p:Ascomycota(0.3600),c:Glomeromycetes(0.1400),o:Glomerales(0.1000),f:Glomeraceae(0.0800),g:Symbiotaphrina(0.0700),s:Symbiotaphrina_buchneri_SH643910.07FU(0.0600)	+	d:Fungi
Otu2155	d:Fungi(1.0000),p:Ascomycota(0.9900),c:Leotiomycetes(0.9900),o:Helotiales(0.9900),f:Helotiaceae(0.8400),g:Crocicreas(0.8400),s:Crocicreas_epicalamia_SH218630.07FU(0.8400)	+	d:Fungi,p:Ascomycota,c:Leotiomycetes,o:Helotiales,f:Helotiaceae,g:Crocicreas,s:Crocicreas_epicalamia_SH218630.07FU
Otu2166	d:Fungi(1.0000),p:Basidiomycota(1.0000),c:Tremellomycetes(0.0100),o:Holtermanniales(0.0100),f:Holtermanniales_fam_Incertae_sedis(0.0100),g:Holtermanniella(0.0100),s:Holtermanniella_takashimae_SH190741.07FU(0.0100)	+	d:Fungi,p:Basidiomycota
Otu2164	d:Fungi(1.0000),p:Basidiomycota(0.2700),c:Tremellomycetes(0.2600),o:Tremellales(0.2600),f:Bulleraceae(0.2100),g:Bullera(0.2100),s:Bullera_crocea_SH209709.07FU(0.2100)	+	d:Fungi
Otu2160	d:Fungi(1.0000),p:Ascomycota(0.8500),c:Dothideomycetes(0.4600),o:Pleosporales(0.4600),f:Verrucariaceae(0.0900),g:Symbiotaphrina(0.0800),s:Symbiotaphrina_kochii_SH021199.07FU(0.0600)	+	d:Fungi,p:Ascomycota
Otu2161	d:Fungi(1.0000),p:Ascomycota(1.0000),c:Sordariomycetes(0.9900),o:Diaporthales(0.9900),f:Gnomoniaceae(0.9900),g:Ophiognomonia(0.9300),s:Ophiognomonia_intermedia_SH279944.07FU(0.8300)	+	d:Fungi,p:Ascomycota,c:Sordariomycetes,o:Diaporthales,f:Gnomoniaceae,g:Ophiognomonia,s:Ophiognomonia_intermedia_SH279944.07FU
Otu2168	d:Fungi(1.0000),p:Ascomycota(1.0000),c:Dothideomycetes(1.0000),o:Pleosporales(1.0000),f:Phaeosphaeriaceae(0.9900),g:Septoriella(0.7200),s:Septoriella_phragmitis_SH238525.07FU(0.7200)	+	d:Fungi,p:Ascomycota,c:Dothideomycetes,o:Pleosporales,f:Phaeosphaeriaceae
Otu2172	d:Fungi(0.9400),p:Ascomycota(0.7000),c:Saccharomycetes(0.4100),o:Saccharomycetales(0.4100),f:Mycosphaerellaceae(0.0800),g:Symbiotaphrina(0.0600),s:Stenella_araguata_SH631423.07FU(0.0500)	+	d:Fungi
Otu2163	d:Fungi(1.0000),p:Basidiomycota(1.0000),c:Agaricomycetes(1.0000),o:Agaricales(1.0000),f:Psathyrellaceae(1.0000),g:Psathyrella(1.0000),s:Psathyrella_potteri_SH175222.07FU(0.9500)	+	d:Fungi,p:Basidiomycota,c:Agaricomycetes,o:Agaricales,f:Psathyrellaceae,g:Psathyrella,s:Psathyrella_potteri_SH175222.07FU
Otu2167	d:Fungi(1.0000),p:Ascomycota(0.9700),c:Sordariomycetes(0.9700),o:Hypocreales(0.6100),f:Sordariaceae(0.3200),g:Acremonium(0.0500),s:Gibellulopsis_chrysanthemi_SH219562.07FU(0.0300)	+	d:Fungi,p:Ascomycota,c:Sordariomycetes
Otu2170	d:Fungi(1.0000),p:Ascomycota(0.7500),c:Dothideomycetes(0.7500),o:Capnodiales(0.7500),f:Teratosphaeriaceae(0.5200),g:Devriesia(0.5200),s:Devriesia_pseudoamericana_SH192615.07FU(0.5200)	+	d:Fungi
Otu2169	d:Fungi(1.0000),p:Ascomycota(1.0000),c:Lecanoromycetes(1.0000),o:Caliciales(1.0000),f:Physciaceae(1.0000),g:Physcia(1.0000),s:Physcia_dubia_SH181754.07FU(0.8300)	+	d:Fungi,p:Ascomycota,c:Lecanoromycetes,o:Caliciales,f:Physciaceae,g:Physcia,s:Physcia_dubia_SH181754.07FU
Otu2174	d:Fungi(1.0000),p:Basidiomycota(0.9500),c:Agaricostilbomycetes(0.9500),o:Agaricostilbales(0.9500),f:Kondoaceae(0.9500),g:Kondoa(0.9500),s:Kondoa_changbaiensis_SH496897.07FU(0.9100)	+	d:Fungi,p:Basidiomycota,c:Agaricostilbomycetes,o:Agaricostilbales,f:Kondoaceae,g:Kondoa,s:Kondoa_changbaiensis_SH496897.07FU
Otu2171	d:Fungi(1.0000),p:Ascomycota(0.8300),c:Dothideomycetes(0.8200),o:Pleosporales(0.8200),f:Phaeosphaeriaceae(0.7000),g:Parastagonospora(0.3800),s:Sclerostagonospora_opuntiae_SH182980.07FU(0.1700)	+	d:Fungi,p:Ascomycota,c:Dothideomycetes,o:Pleosporales
Otu2173	d:Fungi(1.0000),p:Ascomycota(0.6300),c:Tremellomycetes(0.3500),o:Pleosporales(0.1300),f:Didymellaceae(0.1300),g:Phoma(0.0200),s:Didymella_chenopodii_SH091916.07FU(0.0100)	+	d:Fungi
Otu2179	d:Fungi(1.0000),p:Basidiomycota(1.0000),c:Cystobasidiomycetes(1.0000),o:Cystobasidiales(0.9900),f:Cystobasidiaceae(0.9900),g:Cystobasidium(0.9900),s:Cystobasidium_slooffiae_SH194776.07FU(0.8900)	+	d:Fungi,p:Basidiomycota,c:Cystobasidiomycetes,o:Cystobasidiales,f:Cystobasidiaceae,g:Cystobasidium,s:Cystobasidium_slooffiae_SH194776.07FU
Otu2177	d:Fungi(1.0000),p:Mortierellomycota(0.9700),c:Mortierellomycetes(0.9700),o:Mortierellales(0.9700),f:Mortierellaceae(0.6700),g:Mortierella(0.6400),s:Mortierella_elongata_SH180118.07FU(0.0700)	+	d:Fungi,p:Mortierellomycota,c:Mortierellomycetes,o:Mortierellales
Otu2176	d:Fungi(1.0000),p:Basidiomycota(1.0000),c:Tremellomycetes(0.3900),o:Tremellales(0.3900),f:Bulleribasidiaceae(0.3900),g:Dioszegia(0.3900),s:Dioszegia_fristingensis_SH209723.07FU(0.2800)	+	d:Fungi,p:Basidiomycota
Otu2180	d:Fungi(1.0000),p:Ascomycota(0.8400),c:Dothideomycetes(0.8400),o:Pleosporales(0.8400),f:Sporormiaceae(0.8400),g:Preussia(0.8300),s:Preussia_dubia_SH184197.07FU(0.8300)	+	d:Fungi,p:Ascomycota,c:Dothideomycetes,o:Pleosporales,f:Sporormiaceae,g:Preussia,s:Preussia_dubia_SH184197.07FU
Otu2182	d:Fungi(1.0000),p:Monoblepharomycota(0.9900),c:Monoblepharidomycetes(0.9900),o:Monoblepharidales(0.9900)	+	d:Fungi,p:Monoblepharomycota,c:Monoblepharidomycetes,o:Monoblepharidales
Otu2175	d:Fungi(1.0000),p:Ascomycota(0.2300),c:Dothideomycetes(0.2000),o:Tubeufiales(0.1900),f:Tubeufiaceae(0.1900),g:Tubeufia(0.0700),s:Tubeufia_cerea_SH202358.07FU(0.0700)	+	d:Fungi
Otu2181	d:Eukaryota_kgd_Incertae_sedis(0.9600)	+	d:Eukaryota_kgd_Incertae_sedis
Otu2186	d:Fungi(1.0000),p:Ascomycota(0.1800),c:Dothideomycetes(0.1800),o:Pleosporales(0.1800),f:Sporormiaceae(0.1600),g:Preussia(0.1500),s:Preussia_africana_SH184194.07FU(0.0200)	+	d:Fungi
Otu2185	d:Fungi(0.9900),p:Basidiomycota(0.3500),c:Agaricomycetes(0.2900),o:Diversisporales(0.1000),f:Acaulosporaceae(0.0700),g:Sebacina(0.0500),s:Macrorhabdus_ornithogaster_SH472876.07FU(0.0200)	+	d:Fungi
Otu2178	d:Fungi(1.0000),p:Ascomycota(0.9900),c:Leotiomycetes(0.9900),o:Helotiales(0.9900),f:Hyaloscyphaceae(0.8400),g:Trichopeziza(0.7100),s:Trichopeziza_mollissima_SH196494.07FU(0.7100)	+	d:Fungi,p:Ascomycota,c:Leotiomycetes,o:Helotiales,f:Hyaloscyphaceae
Otu2187	d:Fungi(1.0000),p:Ascomycota(0.2500),c:Agaricomycetes(0.1400),o:Helotiales(0.0600),f:Glomeraceae(0.0400),g:Symbiotaphrina(0.0400),s:Symbiotaphrina_kochii_SH021199.07FU(0.0400)	+	d:Fungi
Otu2184	d:Fungi(1.0000),p:Monoblepharomycota(1.0000),c:Monoblepharidomycetes(1.0000),o:Monoblepharidales(0.9900)	+	d:Fungi,p:Monoblepharomycota,c:Monoblepharidomycetes,o:Monoblepharidales
Otu2192	d:Fungi(0.9900),p:Basidiomycota(0.4100),c:Agaricomycetes(0.3200),o:Agaricales(0.1600),f:Symbiotaphrinaceae(0.0800),g:Symbiotaphrina(0.0800),s:Symbiotaphrina_kochii_SH021199.07FU(0.0800)	+	d:Fungi
Otu2188	d:Fungi(1.0000),p:Basidiomycota(1.0000),c:Tremellomycetes(1.0000),o:Tremellales(1.0000),f:Bulleraceae(1.0000),g:Bullera(1.0000),s:Bullera_alba_SH215453.07FU(1.0000)	+	d:Fungi,p:Basidiomycota,c:Tremellomycetes,o:Tremellales,f:Bulleraceae,g:Bullera,s:Bullera_alba_SH215453.07FU
Otu2191	d:Fungi(1.0000),p:Olpidiomycota(0.9400),c:Olpidiomycetes(0.9400),o:Olpidiales(0.9400)	+	d:Fungi,p:Olpidiomycota,c:Olpidiomycetes,o:Olpidiales
Otu2196	d:Fungi(1.0000),p:Basidiomycota(0.6800),c:Tremellomycetes(0.6600),o:Tremellales(0.6600),f:Bulleribasidiaceae(0.6600),g:Dioszegia(0.6600),s:Dioszegia_hungarica_SH182099.07FU(0.6400)	+	d:Fungi
Otu2189	d:Fungi(1.0000),p:Ascomycota(1.0000),c:Pezizomycotina_cls_Incertae_sedis(0.9700),o:Pezizomycotina_ord_Incertae_sedis(0.9700),f:Pezizomycotina_fam_Incertae_sedis(0.9700),g:Hymenula(0.9700),s:Hymenula_cerealis_SH186776.07FU(0.9700)	+	d:Fungi,p:Ascomycota,c:Pezizomycotina_cls_Incertae_sedis,o:Pezizomycotina_ord_Incertae_sedis,f:Pezizomycotina_fam_Incertae_sedis,g:Hymenula,s:Hymenula_cerealis_SH186776.07FU
Otu2183	d:Fungi(1.0000),p:Ascomycota(0.9800),c:Leotiomycetes(0.9400),o:Helotiales(0.9400),f:Hyaloscyphaceae(0.7300),g:Rodwayella(0.7200),s:Rodwayella_citrinula_SH018471.07FU(0.7200)	+	d:Fungi,p:Ascomycota,c:Leotiomycetes,o:Helotiales
Otu2195	d:Fungi(1.0000)	+	d:Fungi
Otu2194	d:Fungi(1.0000)	+	d:Fungi
Otu2193	d:Fungi(1.0000),p:Ascomycota(1.0000),c:Dothideomycetes(1.0000),o:Pleosporales(1.0000),f:Lentitheciaceae(1.0000),g:Poaceascoma(1.0000),s:Poaceascoma_helicoides_SH211391.07FU(1.0000)	+	d:Fungi,p:Ascomycota,c:Dothideomycetes,o:Pleosporales,f:Lentitheciaceae,g:Poaceascoma,s:Poaceascoma_helicoides_SH211391.07FU
Otu2200	d:Fungi(1.0000)	+	d:Fungi
Otu2197	d:Fungi(1.0000),p:Ascomycota(0.9600),c:Lecanoromycetes(0.9600),o:Lecanorales(0.9600),f:Ramalinaceae(0.9600),g:Bacidia(0.9200),s:Bacidia_chloroticula_SH026961.07FU(0.0500)	+	d:Fungi,p:Ascomycota,c:Lecanoromycetes,o:Lecanorales,f:Ramalinaceae,g:Bacidia
Otu2199	d:Fungi(1.0000),p:Ascomycota(0.9900),c:Dothideomycetes(0.9800),o:Pleosporales(0.9800),f:Leptosphaeriaceae(0.9800),g:Leptosphaeria(0.9800),s:Leptosphaeria_maculans_SH217286.07FU(0.9800)	+	d:Fungi,p:Ascomycota,c:Dothideomycetes,o:Pleosporales,f:Leptosphaeriaceae,g:Leptosphaeria,s:Leptosphaeria_maculans_SH217286.07FU
Otu2190	d:Fungi(1.0000),p:Ascomycota(0.9400),c:Leotiomycetes(0.9400),o:Helotiales(0.9400),f:Helotiales_fam_Incertae_sedis(0.5000),g:Chalara(0.4800),s:Calycina_ellisii_SH220077.07FU(0.1600)	+	d:Fungi,p:Ascomycota,c:Leotiomycetes,o:Helotiales
Otu2198	d:Fungi(1.0000),p:Basidiomycota(0.6700),c:Tremellomycetes(0.6600),o:Tremellales(0.6600),f:Bulleribasidiaceae(0.6600),g:Dioszegia(0.6600),s:Dioszegia_hungarica_SH182099.07FU(0.6500)	+	d:Fungi
Otu2201	d:Rhizaria(0.9800),p:Cercozoa(0.9800),c:Agaricomycetes(0.0100),o:Agaricales(0.0100),f:Cortinariaceae(0.0100),g:Cortinarius(0.0100),s:Cortinarius_glaucopus_SH521545.07FU(0.0100)	+	d:Rhizaria,p:Cercozoa
Otu2207	d:Fungi(1.0000),p:Basidiomycota(1.0000),c:Agaricomycetes(1.0000),o:Polyporales(1.0000),f:Coriolaceae(1.0000),g:Trametes(1.0000),s:Trametes_trogii_SH188259.07FU(1.0000)	+	d:Fungi,p:Basidiomycota,c:Agaricomycetes,o:Polyporales,f:Coriolaceae,g:Trametes,s:Trametes_trogii_SH188259.07FU
Otu2208	d:Fungi(0.9100),p:Ascomycota(0.2800),c:Saccharomycetes(0.1200),o:Saccharomycetales(0.1200),f:Saccharomycetales_fam_Incertae_sedis(0.0400),g:Lobulomyces(0.0400),s:Smittium_morbosum_SH471714.07FU(0.0300)	+	d:Fungi
Otu2206	d:Fungi(1.0000),p:Basidiomycota(1.0000),c:Exobasidiomycetes(1.0000),o:Entylomatales(1.0000)	+	d:Fungi,p:Basidiomycota,c:Exobasidiomycetes,o:Entylomatales
Otu2212	d:Fungi(1.0000),p:Ascomycota(0.2900),c:Eurotiomycetes(0.2400),o:Chaetothyriales(0.2400),f:Herpotrichiellaceae(0.2400),g:Coniosporium(0.2400),s:Coniosporium_apollinis_SH186600.07FU(0.0800)	+	d:Fungi
Otu2205	d:Fungi(1.0000),p:Ascomycota(1.0000),c:Sordariomycetes(1.0000),o:Hypocreales(1.0000),f:Hypocreales_fam_Incertae_sedis(1.0000),g:Acremonium(1.0000)	+	d:Fungi,p:Ascomycota,c:Sordariomycetes,o:Hypocreales,f:Hypocreales_fam_Incertae_sedis,g:Acremonium
Otu2213	d:Fungi(1.0000),p:Ascomycota(0.7900),c:Eurotiomycetes(0.2900),o:Chaetothyriales(0.1800),f:Symbiotaphrinaceae(0.0700),g:Symbiotaphrina(0.0700),s:Symbiotaphrina_buchneri_SH643910.07FU(0.0400)	+	d:Fungi
Otu2202	d:Fungi(1.0000),p:Chytridiomycota(0.5800),c:Agaricomycetes(0.0900),o:Mortierellales(0.0400),f:Mortierellaceae(0.0300),g:Mortierella(0.0300),s:Synchytrium_cupulatum_SH009047.07FU(0.0200)	+	d:Fungi
Otu2210	d:Fungi(1.0000),p:Ascomycota(1.0000),c:Lecanoromycetes(1.0000),o:Caliciales(1.0000),f:Physciaceae(1.0000),g:Phaeophyscia(1.0000),s:Phaeophyscia_orbicularis_SH204097.07FU(0.8300)	+	d:Fungi,p:Ascomycota,c:Lecanoromycetes,o:Caliciales,f:Physciaceae,g:Phaeophyscia,s:Phaeophyscia_orbicularis_SH204097.07FU
Otu2204	d:Fungi(1.0000),p:Basidiomycota(0.2100),c:Tremellomycetes(0.2100),o:Tremellales(0.2100),f:Bulleraceae(0.1600),g:Bullera(0.1600),s:Bullera_crocea_SH209709.07FU(0.1600)	+	d:Fungi
Otu2214	d:Fungi(0.9900),p:Chytridiomycota(0.4300),c:Synchytriomycetes(0.1900),o:Synchytriales(0.1900),f:Synchytriaceae(0.1900),g:Synchytrium(0.1900),s:Synchytrium_papillatum_SH487289.07FU(0.1000)	+	d:Fungi
Otu2203	d:Fungi(1.0000),p:Ascomycota(1.0000),c:Leotiomycetes(1.0000),o:Helotiales(1.0000),f:Helotiaceae(1.0000),g:Articulospora(1.0000)	+	d:Fungi,p:Ascomycota,c:Leotiomycetes,o:Helotiales,f:Helotiaceae,g:Articulospora
Otu2215	d:Fungi(1.0000),p:Basidiomycota(0.9900),c:Tremellomycetes(0.0400),o:Holtermanniales(0.0300),f:Holtermanniales_fam_Incertae_sedis(0.0300),g:Holtermanniella(0.0300),s:Holtermanniella_takashimae_SH190741.07FU(0.0300)	+	d:Fungi,p:Basidiomycota
Otu2217	d:Fungi(1.0000),p:Ascomycota(1.0000),c:Lecanoromycetes(1.0000),o:Lecanorales(1.0000),f:Pilocarpaceae(1.0000),g:Fellhanera(1.0000),s:Fellhanera_bouteillei_SH198915.07FU(0.9900)	+	d:Fungi,p:Ascomycota,c:Lecanoromycetes,o:Lecanorales,f:Pilocarpaceae,g:Fellhanera,s:Fellhanera_bouteillei_SH198915.07FU
Otu2211	d:Fungi(1.0000),p:Chytridiomycota(0.1100),c:Agaricomycetes(0.0900),o:Agaricales(0.0700),f:Tricholomataceae(0.0100),g:Cortinarius(0.0100),s:Cortinarius_trivialis_SH494019.07FU(0.0100)	+	d:Fungi
Otu2220	d:Fungi(0.9000),p:Ascomycota(0.6900),c:Saccharomycetes(0.4900),o:Saccharomycetales(0.4900),f:Mycosphaerellaceae(0.0400),g:Stenella(0.0400),s:Stenella_araguata_SH631423.07FU(0.0400)	+	d:Fungi
Otu2219	d:Fungi(1.0000),p:Ascomycota(1.0000),c:Orbiliomycetes(1.0000),o:Orbiliales(1.0000),f:Orbiliaceae(1.0000),g:Dactylella(0.4300),s:Dactylella_arnaudii_SH192772.07FU(0.4300)	+	d:Fungi,p:Ascomycota,c:Orbiliomycetes,o:Orbiliales,f:Orbiliaceae
Otu2224	d:Fungi(1.0000),p:Chytridiomycota(1.0000),c:Spizellomycetes(1.0000),o:Spizellomycetales(1.0000),f:Powellomycetaceae(1.0000),g:Powellomyces(1.0000)	+	d:Fungi,p:Chytridiomycota,c:Spizellomycetes,o:Spizellomycetales,f:Powellomycetaceae,g:Powellomyces
Otu2223	d:Fungi(1.0000),p:Ascomycota(0.7600),c:Eurotiomycetes(0.4300),o:Verrucariales(0.4200),f:Verrucariaceae(0.3700),g:Symbiotaphrina(0.1900),s:Symbiotaphrina_kochii_SH021199.07FU(0.1200)	+	d:Fungi
Otu2209	d:Fungi(1.0000),p:Basidiomycota(0.0200),c:Tremellomycetes(0.0200),o:Filobasidiales(0.0200),f:Filobasidiaceae(0.0200),g:Filobasidium(0.0200),s:Filobasidium_chernovii_SH197624.07FU(0.0100)	+	d:Fungi
Otu2228	d:Fungi(1.0000),p:Ascomycota(1.0000),c:Sordariomycetes(1.0000),o:Sordariales(1.0000),f:Lasiosphaeriaceae(1.0000)	+	d:Fungi,p:Ascomycota,c:Sordariomycetes,o:Sordariales,f:Lasiosphaeriaceae
Otu2227	d:Fungi(1.0000),p:Basidiomycota(1.0000),c:Agaricomycetes(1.0000),o:Polyporales(1.0000),f:Steccherinaceae(0.9900),g:Ceriporiopsis(0.9900),s:Ceriporiopsis_gilvescens_SH192449.07FU(0.9900)	+	d:Fungi,p:Basidiomycota,c:Agaricomycetes,o:Polyporales,f:Steccherinaceae,g:Ceriporiopsis,s:Ceriporiopsis_gilvescens_SH192449.07FU
Otu2226	d:Fungi(1.0000),p:Ascomycota(0.9900),c:Lecanoromycetes(0.9400),o:Lecanorales(0.9100),f:Ramalinaceae(0.8200),g:Bacidia(0.4900),s:Bacidia_fuscoviridis_SH458232.07FU(0.4900)	+	d:Fungi,p:Ascomycota,c:Lecanoromycetes,o:Lecanorales,f:Ramalinaceae
Otu2216	d:Fungi(1.0000),p:Basidiomycota(1.0000),c:Tremellomycetes(0.9900),o:Tremellales(0.1900),f:Bulleribasidiaceae(0.1800),g:Vishniacozyma(0.1800),s:Vishniacozyma_victoriae_SH181632.07FU(0.1600)	+	d:Fungi,p:Basidiomycota,c:Tremellomycetes
Otu2222	d:Fungi(0.7700),p:Cercozoa(0.2300),c:Eurotiomycetes(0.1100),o:Chaetothyriales(0.0600),f:Glomeraceae(0.0500),g:Symbiotaphrina(0.0500),s:Symbiotaphrina_kochii_SH021199.07FU(0.0400)	+	
Otu2229	d:Fungi(1.0000),p:Ascomycota(1.0000),c:Sordariomycetes(1.0000),o:Sordariales(1.0000),f:Sordariaceae(1.0000)	+	d:Fungi,p:Ascomycota,c:Sordariomycetes,o:Sordariales,f:Sordariaceae
Otu2221	d:Fungi(1.0000),p:Ascomycota(0.9800),c:Eurotiomycetes(0.8100),o:Verrucariales(0.7900),f:Verrucariaceae(0.7000),g:Verrucaria(0.2700),s:Agonimia_allobata_SH013907.07FU(0.0900)	+	d:Fungi,p:Ascomycota,c:Eurotiomycetes
Otu2218	d:Fungi(1.0000),p:Ascomycota(0.9300),c:Eurotiomycetes(0.5200),o:Verrucariales(0.3000),f:Verrucariaceae(0.2700),g:Staurothele(0.2300),s:Staurothele_frustulenta_SH008640.07FU(0.1900)	+	d:Fungi,p:Ascomycota
Otu2225	d:Fungi(1.0000),p:Ascomycota(1.0000),c:Dothideomycetes(1.0000),o:Pleosporales(1.0000),f:Lophiostomataceae(1.0000),g:Lophiostoma(1.0000)	+	d:Fungi,p:Ascomycota,c:Dothideomycetes,o:Pleosporales,f:Lophiostomataceae,g:Lophiostoma
Otu2233	d:Fungi(1.0000),p:Basidiomycota(0.0200),c:Tremellomycetes(0.0200),o:Filobasidiales(0.0200),f:Filobasidiaceae(0.0200),g:Filobasidium(0.0200),s:Filobasidium_chernovii_SH197624.07FU(0.0100)	+	d:Fungi
Otu2231	d:Fungi(1.0000),p:Basidiomycota(1.0000),c:Microbotryomycetes(1.0000),o:Microbotryales(1.0000),f:Ustilentylomataceae(1.0000),g:Ustilentyloma(1.0000),s:Ustilentyloma_graminis_SH196361.07FU(0.7800)	+	d:Fungi,p:Basidiomycota,c:Microbotryomycetes,o:Microbotryales,f:Ustilentylomataceae,g:Ustilentyloma
Otu2236	d:Fungi(1.0000),p:Ascomycota(0.7400),c:Dothideomycetes(0.6000),o:Pleosporales(0.6000),f:Pleosporales_fam_Incertae_sedis(0.1900),g:Coniothyrina(0.1700),s:Coniothyrina_agaves_SH017462.07FU(0.1700)	+	d:Fungi
Otu2230	d:Fungi(1.0000),p:Ascomycota(0.2000),c:Dothideomycetes(0.2000),o:Pleosporales(0.2000),f:Sporormiaceae(0.1900),g:Preussia(0.1800),s:Preussia_africana_SH184194.07FU(0.0300)	+	d:Fungi
Otu2237	d:Fungi(1.0000),p:Basidiomycota(1.0000),c:Agaricomycetes(1.0000),o:Agaricales(1.0000),f:Psathyrellaceae(1.0000),g:Parasola(1.0000),s:Parasola_conopilus_SH220649.07FU(1.0000)	+	d:Fungi,p:Basidiomycota,c:Agaricomycetes,o:Agaricales,f:Psathyrellaceae,g:Parasola,s:Parasola_conopilus_SH220649.07FU
Otu2242	d:Fungi(1.0000),p:Ascomycota(0.9500),c:Eurotiomycetes(0.9500),o:Verrucariales(0.9200),f:Verrucariaceae(0.8800),g:Verrucaria(0.2800),s:Verrucaria_elaeomelaena_SH529435.07FU(0.1000)	+	d:Fungi,p:Ascomycota,c:Eurotiomycetes,o:Verrucariales,f:Verrucariaceae
Otu2234	d:Fungi(1.0000),p:Basidiomycota(0.5100),c:Tremellomycetes(0.4900),o:Tremellales(0.4900),f:Bulleraceae(0.4400),g:Bullera(0.4400),s:Bullera_crocea_SH209709.07FU(0.4400)	+	d:Fungi
Otu2232	d:Fungi(1.0000),p:Basidiomycota(1.0000),c:Tremellomycetes(0.0300),o:Holtermanniales(0.0300),f:Holtermanniales_fam_Incertae_sedis(0.0300),g:Holtermanniella(0.0300),s:Holtermanniella_takashimae_SH190741.07FU(0.0300)	+	d:Fungi,p:Basidiomycota
Otu2241	d:Fungi(1.0000),p:Ascomycota(0.9900),c:Sordariomycetes(0.9900),o:Sordariales(0.9900),f:Lasiosphaeriaceae(0.9100),g:Cercophora(0.0400)	+	d:Fungi,p:Ascomycota,c:Sordariomycetes,o:Sordariales,f:Lasiosphaeriaceae
Otu2235	d:Fungi(1.0000),p:Ascomycota(0.8600),c:Dothideomycetes(0.3200),o:Pleosporales(0.3200),f:Cucurbitariaceae(0.2500),g:Pyrenochaeta(0.2500),s:Pyrenochaeta_keratinophila_SH183894.07FU(0.2500)	+	d:Fungi,p:Ascomycota
Otu2240	d:Fungi(1.0000),p:Ascomycota(0.0900),c:Dothideomycetes(0.0900),o:Pleosporales(0.0900),f:Pleosporaceae(0.0900),g:Alternaria(0.0900)	+	d:Fungi
Otu2248	d:Fungi(1.0000),p:Basidiomycota(0.4300),c:Agaricomycetes(0.4200),o:Agaricales(0.3200),f:Amanitaceae(0.0800),g:Amanita(0.0800),s:Amanita_levistriata_SH521443.07FU(0.0200)	+	d:Fungi
Otu2244	d:Fungi(1.0000),p:Chytridiomycota(0.5800),c:Spizellomycetes(0.3000),o:Spizellomycetales(0.3000),f:Synchytriaceae(0.0600),g:Synchytrium(0.0600),s:Synchytrium_collapsum_SH461865.07FU(0.0600)	+	d:Fungi
Otu2239	d:Fungi(1.0000),p:Ascomycota(1.0000),c:Leotiomycetes(1.0000),o:Helotiales(1.0000)	+	d:Fungi,p:Ascomycota,c:Leotiomycetes,o:Helotiales
Otu2247	d:Fungi(1.0000),p:Basidiomycota(0.9900),c:Tremellomycetes(0.0400),o:Holtermanniales(0.0300),f:Holtermanniales_fam_Incertae_sedis(0.0300),g:Holtermanniella(0.0300),s:Holtermanniella_takashimae_SH190741.07FU(0.0300)	+	d:Fungi,p:Basidiomycota
Otu2250	d:Fungi(1.0000),p:Chytridiomycota(0.8400)	+	d:Fungi,p:Chytridiomycota
Otu2238	d:Fungi(1.0000),p:Ascomycota(0.9800),c:Dothideomycetes(0.4300),o:Capnodiales(0.4200),f:Teratosphaeriaceae(0.1600),g:Devriesia(0.1600)	+	d:Fungi,p:Ascomycota
Otu2245	d:Fungi(1.0000),p:Ascomycota(0.7400),c:Dothideomycetes(0.2600),o:Pleosporales(0.1900),f:Orbiliaceae(0.0600),g:Lecania(0.0600),s:Symbiotaphrina_kochii_SH021199.07FU(0.0200)	+	d:Fungi
Otu2251	d:Fungi(1.0000),p:Ascomycota(0.9600),c:Dothideomycetes(0.9200),o:Pleosporales(0.8900),f:Pleosporaceae(0.0800),g:Neosulcatispora(0.0400),s:Hazslinszkyomyces_aloes_SH022621.07FU(0.0100)	+	d:Fungi,p:Ascomycota,c:Dothideomycetes,o:Pleosporales
Otu2243	d:Fungi(1.0000),p:Basidiomycota(0.1200),c:Agaricomycetes(0.1000),o:Glomerales(0.0600),f:Glomeraceae(0.0600),g:Inocybe(0.0400),s:Septoglomus_jasnowskae_SH212920.07FU(0.0100)	+	d:Fungi
Otu2254	d:Fungi(1.0000),p:Basidiomycota(0.4300),c:Agaricomycetes(0.2300),o:Agaricales(0.1400),f:Tetragoniomycetaceae(0.0800),g:Cryptotrichosporon(0.0800),s:Cryptotrichosporon_tibetense_SH533912.07FU(0.0800)	+	d:Fungi
Otu2255	d:Fungi(1.0000),p:Ascomycota(0.2100),c:Agaricomycetes(0.1100),o:Symbiotaphrinales(0.0600),f:Symbiotaphrinaceae(0.0600),g:Symbiotaphrina(0.0600),s:Symbiotaphrina_kochii_SH021199.07FU(0.0400)	+	d:Fungi
Otu2249	d:Fungi(1.0000),p:Basidiomycota(0.9900),c:Agaricostilbomycetes(0.9900),o:Agaricostilbales(0.9900),f:Chionosphaeraceae(0.9900),g:Kurtzmanomyces(0.7800)	+	d:Fungi,p:Basidiomycota,c:Agaricostilbomycetes,o:Agaricostilbales,f:Chionosphaeraceae
Otu2258	d:Fungi(1.0000),p:Basidiomycota(0.2700),c:Glomeromycetes(0.1200),o:Diversisporales(0.0600),f:Hydnodontaceae(0.0500),g:Trechispora(0.0500),s:Diversispora_clara_SH196897.07FU(0.0500)	+	d:Fungi
Otu2246	d:Fungi(1.0000),p:Ascomycota(0.9600),c:Leotiomycetes(0.8300),o:Thelebolales(0.7600),f:Thelebolaceae(0.7600),g:Leohumicola(0.0200),s:Patinella_hyalophaea_SH215246.07FU(0.0100)	+	d:Fungi,p:Ascomycota,c:Leotiomycetes
Otu2257	d:Fungi(1.0000),p:Ascomycota(1.0000),c:Eurotiomycetes(1.0000),o:Chaetothyriales(0.9900),f:Herpotrichiellaceae(0.0200),g:Rhinocladiella(0.0200)	+	d:Fungi,p:Ascomycota,c:Eurotiomycetes,o:Chaetothyriales
Otu2252	d:Fungi(1.0000),p:Ascomycota(1.0000)	+	d:Fungi,p:Ascomycota
Otu2261	d:Fungi(1.0000),p:Chytridiomycota(1.0000),c:Rhizophlyctidomycetes(1.0000),o:Rhizophlyctidales(1.0000),f:Rhizophlyctidaceae(1.0000),g:Rhizophlyctis(1.0000),s:Rhizophlyctis_rosea_SH202563.07FU(0.9800)	+	d:Fungi,p:Chytridiomycota,c:Rhizophlyctidomycetes,o:Rhizophlyctidales,f:Rhizophlyctidaceae,g:Rhizophlyctis,s:Rhizophlyctis_rosea_SH202563.07FU
Otu2260	d:Fungi(0.9800),p:Ascomycota(0.2300),c:Agaricomycetes(0.1500),o:Agaricales(0.1000),f:Gigasporaceae(0.0800),g:Termitomyces(0.0800),s:Gigaspora_margarita_SH211700.07FU(0.0600)	+	d:Fungi
Otu2253	d:Fungi(1.0000),p:Ascomycota(0.9900),c:Dothideomycetes(0.5900),o:Pleosporales(0.5800),f:Melanommataceae(0.5800),g:Alpinaria(0.3600),s:Alpinaria_rhododendri_SH106794.07FU(0.3600)	+	d:Fungi,p:Ascomycota
Otu2263	d:Fungi(1.0000),p:Basidiomycota(0.9800),c:Agaricomycetes(0.9800),o:Agaricales(0.9800),f:Typhulaceae(0.9800),g:Typhula(0.9800),s:Typhula_variabilis_SH209642.07FU(0.9800)	+	d:Fungi,p:Basidiomycota,c:Agaricomycetes,o:Agaricales,f:Typhulaceae,g:Typhula,s:Typhula_variabilis_SH209642.07FU
Otu2265	d:Fungi(1.0000),p:Basidiomycota(0.5200),c:Tremellomycetes(0.5000),o:Tremellales(0.5000),f:Bulleraceae(0.4600),g:Bullera(0.4600),s:Bullera_crocea_SH209709.07FU(0.4600)	+	d:Fungi
Otu2271	d:Fungi(1.0000),p:Rozellomycota(0.3100),c:Rozellomycotina_cls_Incertae_sedis(0.2700),o:GS04(0.1800),f:Acaulosporaceae(0.1700),g:Acaulospora(0.0800),s:Symbiotaphrina_kochii_SH021199.07FU(0.0600)	+	d:Fungi
Otu2256	d:Fungi(1.0000),p:Basidiomycota(0.9900),c:Tremellomycetes(0.0500),o:Holtermanniales(0.0300),f:Holtermanniales_fam_Incertae_sedis(0.0300),g:Holtermanniella(0.0300),s:Holtermanniella_takashimae_SH190741.07FU(0.0300)	+	d:Fungi,p:Basidiomycota
Otu2259	d:Fungi(1.0000),p:Ascomycota(0.8400),c:Sordariomycetes(0.7900),o:Hypocreales(0.4900),f:Bionectriaceae(0.1800),g:Geosmithia(0.0800),s:Stromatonectria_caraganae_SH192543.07FU(0.0800)	+	d:Fungi,p:Ascomycota
Otu2270	d:Fungi(1.0000),p:Ascomycota(0.4200),c:Agaricomycetes(0.3000),o:Chaetothyriales(0.1400),f:Russulaceae(0.1000),g:Russula(0.0600),s:Symbiotaphrina_buchneri_SH643910.07FU(0.0300)	+	d:Fungi
Otu2266	d:Fungi(1.0000),p:Ascomycota(1.0000),c:Sordariomycetes(1.0000),o:Xylariales(1.0000),f:Diatrypaceae(1.0000),g:Diatrype(1.0000),s:Diatrype_stigma_SH195928.07FU(1.0000)	+	d:Fungi,p:Ascomycota,c:Sordariomycetes,o:Xylariales,f:Diatrypaceae,g:Diatrype,s:Diatrype_stigma_SH195928.07FU
Otu2262	d:Fungi(1.0000),p:Ascomycota(1.0000),c:Lecanoromycetes(1.0000),o:Lecanorales(0.9900),f:Ramalinaceae(0.9900),g:Lecania(0.9900),s:Lecania_naegelii_SH205637.07FU(0.9900)	+	d:Fungi,p:Ascomycota,c:Lecanoromycetes,o:Lecanorales,f:Ramalinaceae,g:Lecania,s:Lecania_naegelii_SH205637.07FU
Otu2272	d:Fungi(1.0000),p:Basidiomycota(0.9900),c:Tremellomycetes(0.0400),o:Holtermanniales(0.0300),f:Holtermanniales_fam_Incertae_sedis(0.0300),g:Holtermanniella(0.0300),s:Holtermanniella_takashimae_SH190741.07FU(0.0300)	+	d:Fungi,p:Basidiomycota
Otu2267	d:Fungi(1.0000),p:Ascomycota(1.0000),c:Dothideomycetes(1.0000),o:Capnodiales(1.0000),f:Mycosphaerellaceae(1.0000),g:Passalora(0.8200),s:Passalora_californica_SH116565.07FU(0.3900)	+	d:Fungi,p:Ascomycota,c:Dothideomycetes,o:Capnodiales,f:Mycosphaerellaceae,g:Passalora
Otu2268	d:Fungi(1.0000),p:Ascomycota(0.2900),c:Eurotiomycetes(0.2400),o:Chaetothyriales(0.2400),f:Herpotrichiellaceae(0.2400),g:Coniosporium(0.2400),s:Coniosporium_apollinis_SH186600.07FU(0.0800)	+	d:Fungi
Otu2264	d:Fungi(1.0000),p:Basidiomycota(1.0000),c:Tremellomycetes(0.0200),o:Holtermanniales(0.0100),f:Holtermanniales_fam_Incertae_sedis(0.0100),g:Holtermanniella(0.0100),s:Holtermanniella_takashimae_SH190741.07FU(0.0100)	+	d:Fungi,p:Basidiomycota
Otu2275	d:Fungi(0.9900),p:Basidiomycota(0.3900),c:Agaricomycetes(0.3500),o:Agaricales(0.1800),f:Cortinariaceae(0.0500),g:Cortinarius(0.0500),s:Cortinarius_glaucopus_SH521545.07FU(0.0400)	+	d:Fungi
Otu2276	d:Fungi(1.0000),p:Basidiomycota(0.2700),c:Agaricomycetes(0.2300),o:Glomerales(0.1300),f:Glomeraceae(0.1300),g:Symbiotaphrina(0.1100),s:Symbiotaphrina_kochii_SH021199.07FU(0.0800)	+	d:Fungi
Otu2278	d:Fungi(1.0000),p:Basidiomycota(0.0100),c:Pucciniomycetes(0.0100),o:Pucciniales(0.0100),f:Pucciniaceae(0.0100),g:Puccorchidium(0.0100),s:Puccorchidium_polyalthiae_SH007395.07FU(0.0100)	+	d:Fungi
Otu2269	d:Fungi(1.0000),p:Ascomycota(1.0000),c:Dothideomycetes(1.0000),o:Capnodiales(1.0000),f:Cladosporiaceae(0.0600),g:Rachicladosporium(0.0600),s:Rachicladosporium_antarcticum_SH205925.07FU(0.0300)	+	d:Fungi,p:Ascomycota,c:Dothideomycetes,o:Capnodiales
Otu2280	d:Fungi(1.0000),p:Ascomycota(0.0400),c:Leotiomycetes(0.0400),o:Helotiales(0.0400),f:Dermateaceae(0.0400),g:Calloria(0.0400),s:Calloria_urticae_SH529064.07FU(0.0400)	+	d:Fungi
Otu2274	d:Fungi(1.0000),p:Chytridiomycota(0.0200),c:Glomeromycetes(0.0100),o:Rhizophydiales(0.0100),f:Gigasporaceae(0.0100),g:Gigaspora(0.0100),s:Gigaspora_margarita_SH630873.07FU(0.0100)	+	d:Fungi
Otu2277	d:Fungi(1.0000),p:Basidiomycota(1.0000),c:Tremellomycetes(1.0000),o:Tremellales(1.0000),f:Tremellaceae(0.5400),g:Cryptococcus(0.5400),s:Cryptococcus_frias_SH205078.07FU(0.5400)	+	d:Fungi,p:Basidiomycota,c:Tremellomycetes,o:Tremellales
Otu2282	d:Fungi(1.0000),p:Ascomycota(1.0000),c:Orbiliomycetes(1.0000),o:Orbiliales(1.0000),f:Orbiliaceae(0.9200),g:Orbilia(0.8900),s:Orbilia_carpoboloides_SH533904.07FU(0.1400)	+	d:Fungi,p:Ascomycota,c:Orbiliomycetes,o:Orbiliales,f:Orbiliaceae,g:Orbilia
Otu2279	d:Fungi(1.0000),p:Ascomycota(0.6300),c:Sordariomycetes(0.6300),o:Sordariales(0.6300),f:Lasiosphaeriaceae(0.5900),g:Schizothecium(0.0200),s:Schizothecium_glutinans_SH201189.07FU(0.0100)	+	d:Fungi
Otu2284	d:Fungi(0.9900),p:Ascomycota(0.7700),c:Eurotiomycetes(0.2300),o:Chaetothyriales(0.1300),f:Symbiotaphrinaceae(0.0700),g:Symbiotaphrina(0.0700),s:Symbiotaphrina_kochii_SH021199.07FU(0.0600)	+	d:Fungi
Otu2286	d:Fungi(1.0000),p:Olpidiomycota(0.2500),c:Olpidiomycetes(0.2500),o:Olpidiales(0.2500),f:Olpidiaceae(0.2400),g:Olpidium(0.2400),s:Olpidium_brassicae_SH194417.07FU(0.2400)	+	d:Fungi
Otu2273	d:Fungi(1.0000),p:Mortierellomycota(0.8100),c:Mortierellomycetes(0.7800),o:Mortierellales(0.7800),f:Mortierellaceae(0.6000),g:Mortierella(0.6000),s:Mortierella_hyalina_SH180123.07FU(0.1200)	+	d:Fungi,p:Mortierellomycota
Otu2283	d:Fungi(1.0000),p:Basidiomycota(0.9900),c:Tremellomycetes(0.9700),o:Tremellales(0.9600),f:Bulleribasidiaceae(0.9600),g:Dioszegia(0.9600),s:Dioszegia_rishiriensis_SH209719.07FU(0.9600)	+	d:Fungi,p:Basidiomycota,c:Tremellomycetes,o:Tremellales,f:Bulleribasidiaceae,g:Dioszegia,s:Dioszegia_rishiriensis_SH209719.07FU
Otu2281	d:Fungi(1.0000),p:Basidiomycota(1.0000),c:Tremellomycetes(0.0400),o:Holtermanniales(0.0200),f:Holtermanniales_fam_Incertae_sedis(0.0200),g:Holtermanniella(0.0200),s:Holtermanniella_takashimae_SH190741.07FU(0.0200)	+	d:Fungi,p:Basidiomycota
Otu2291	d:Fungi(1.0000),p:Chytridiomycota(0.7700),c:Lobulomycetes(0.0700),o:Lobulomycetales(0.0700),f:Lobulomycetaceae(0.0700),g:Clydaea(0.0500),s:Synchytrium_papillatum_SH487289.07FU(0.0100)	+	d:Fungi
Otu2288	d:Fungi(1.0000),p:Ascomycota(1.0000),c:Dothideomycetes(0.8500),o:Capnodiales(0.8500),f:Cladosporiaceae(0.8500),g:Verrucocladosporium(0.0900),s:Verrucocladosporium_dirinae_SH202303.07FU(0.0900)	+	d:Fungi,p:Ascomycota,c:Dothideomycetes,o:Capnodiales,f:Cladosporiaceae
Otu2290	d:Fungi(1.0000),p:Ascomycota(1.0000),c:Sordariomycetes(0.8100),o:Lulworthiales(0.8100),f:Lulworthiaceae(0.8100),g:Zalerion(0.8100),s:Zalerion_arboricola_SH206524.07FU(0.8100)	+	d:Fungi,p:Ascomycota,c:Sordariomycetes,o:Lulworthiales,f:Lulworthiaceae,g:Zalerion,s:Zalerion_arboricola_SH206524.07FU
Otu2292	d:Fungi(1.0000),p:Ascomycota(0.7900),c:Eurotiomycetes(0.4600),o:Verrucariales(0.4400),f:Verrucariaceae(0.3900),g:Symbiotaphrina(0.2000),s:Symbiotaphrina_kochii_SH021199.07FU(0.1400)	+	d:Fungi
Otu2296	d:Fungi(1.0000),p:Basidiomycota(1.0000),c:Exobasidiomycetes(1.0000),o:Entylomatales(1.0000),f:Entylomataceae(0.0900),g:Entyloma(0.0900),s:Entyloma_linariae_SH009063.07FU(0.0300)	+	d:Fungi,p:Basidiomycota,c:Exobasidiomycetes,o:Entylomatales
Otu2287	d:Fungi(1.0000),p:Basidiomycota(1.0000),c:Agaricomycetes(1.0000),o:Sebacinales(1.0000),f:Serendipitaceae(0.1100),g:Serendipita(0.1100),s:Serendipita_herbamans_SH192972.07FU(0.0100)	+	d:Fungi,p:Basidiomycota,c:Agaricomycetes,o:Sebacinales
Otu2285	d:Fungi(1.0000),p:Basidiomycota(0.9700),c:Tremellomycetes(0.9500),o:Tremellales(0.3900),f:Glomeraceae(0.0200),g:Septoglomus(0.0100),s:Jaapia_argillacea_SH190038.07FU(0.0100)	+	d:Fungi,p:Basidiomycota,c:Tremellomycetes
Otu2299	d:Fungi(1.0000),p:Ascomycota(1.0000),c:Leotiomycetes(0.9800),o:Helotiales(0.9800),f:Helotiaceae(0.9800),g:Articulospora(0.9800)	+	d:Fungi,p:Ascomycota,c:Leotiomycetes,o:Helotiales,f:Helotiaceae,g:Articulospora
Otu2289	d:Fungi(1.0000),p:Chytridiomycota(0.9400),c:Lobulomycetes(0.0400),o:Lobulomycetales(0.0400),f:Lobulomycetaceae(0.0400),g:Lobulomyces(0.0200),s:Candida_fragi_SH190100.07FU(0.0100)	+	d:Fungi,p:Chytridiomycota
Otu2298	d:Fungi(1.0000),p:Basidiomycota(0.2500),c:Tremellomycetes(0.2500),o:Tremellales(0.2500),f:Bulleraceae(0.2000),g:Bullera(0.2000),s:Bullera_crocea_SH209709.07FU(0.2000)	+	d:Fungi
Otu2300	d:Fungi(1.0000),p:Basidiomycota(0.5100),c:Tremellomycetes(0.4900),o:Tremellales(0.4900),f:Bulleraceae(0.4400),g:Bullera(0.4400),s:Bullera_crocea_SH209709.07FU(0.4400)	+	d:Fungi
Otu2293	d:Fungi(1.0000),p:Ascomycota(0.6100),c:Leotiomycetes(0.5000),o:Helotiales(0.5000)	+	d:Fungi
Otu2294	d:Fungi(1.0000),p:Chytridiomycota(0.5200),c:Agaricomycetes(0.1200),o:Rhizophydiales(0.1200),f:Bulleribasidiaceae(0.0300),g:Diversispora(0.0300),s:Synchytrium_papillatum_SH487289.07FU(0.0300)	+	d:Fungi
Otu2303	d:Fungi(1.0000),p:Basidiomycota(1.0000),c:Tremellomycetes(1.0000),o:Tremellales(1.0000),f:Bulleribasidiaceae(1.0000),g:Vishniacozyma(1.0000),s:Vishniacozyma_victoriae_SH181632.07FU(1.0000)	+	d:Fungi,p:Basidiomycota,c:Tremellomycetes,o:Tremellales,f:Bulleribasidiaceae,g:Vishniacozyma,s:Vishniacozyma_victoriae_SH181632.07FU
Otu2305	d:Rhizaria(0.9800),p:Cercozoa(0.9800),c:Glomeromycetes(0.0100),o:Glomerales(0.0100),f:Glomeraceae(0.0100)	+	d:Rhizaria,p:Cercozoa
Otu2297	d:Fungi(1.0000),p:Basidiomycota(0.5200),c:Agaricomycetes(0.3900),o:Agaricales(0.2100),f:Bulleribasidiaceae(0.0700),g:Inocybe(0.0700),s:Cryptotrichosporon_tibetense_SH533912.07FU(0.0400)	+	d:Fungi
Otu2295	d:Fungi(1.0000),p:Ascomycota(1.0000),c:Leotiomycetes(1.0000),o:Helotiales(1.0000),f:Hyaloscyphaceae(0.9800),g:Lachnum(0.9400),s:Proliferodiscus_tricolor_SH014732.07FU(0.0100)	+	d:Fungi,p:Ascomycota,c:Leotiomycetes,o:Helotiales,f:Hyaloscyphaceae,g:Lachnum
Otu2309	d:Fungi(1.0000),p:Basidiomycota(0.9900),c:Microbotryomycetes(0.9800),o:Microbotryales(0.9800),f:Ustilentylomataceae(0.8800),g:Microbotryozyma(0.8800),s:Microbotryum_betonicae_SH186562.07FU(0.0500)	+	d:Fungi,p:Basidiomycota,c:Microbotryomycetes,o:Microbotryales,f:Ustilentylomataceae,g:Microbotryozyma
Otu2301	d:Fungi(1.0000),p:Ascomycota(0.8700),c:Sordariomycetes(0.2100),o:Hypocreales(0.1300),f:Symbiotaphrinaceae(0.0800),g:Symbiotaphrina(0.0800),s:Symbiotaphrina_buchneri_SH643910.07FU(0.0800)	+	d:Fungi,p:Ascomycota
Otu2308	d:Fungi(1.0000),p:Ascomycota(0.4000),c:Sordariomycetes(0.4000),o:Glomerellales(0.2100),f:Plectosphaerellaceae(0.2100),g:Verticillium(0.2100),s:Verticillium_dahliae_SH466940.07FU(0.2100)	+	d:Fungi
Otu2310	d:Fungi(1.0000),p:Basidiomycota(0.3800),c:Agaricomycetes(0.3500),o:Agaricales(0.1200),f:Entorrhizaceae(0.1100),g:Entorrhiza(0.1100),s:Entorrhiza_citriformis_SH456003.07FU(0.0400)	+	d:Fungi
Otu2306	d:Fungi(1.0000),p:Basidiomycota(1.0000),c:Microbotryomycetes(1.0000),o:Microbotryales(1.0000),f:Ustilentylomataceae(1.0000),g:Ustilentyloma(1.0000),s:Ustilentyloma_graminis_SH196361.07FU(0.7800)	+	d:Fungi,p:Basidiomycota,c:Microbotryomycetes,o:Microbotryales,f:Ustilentylomataceae,g:Ustilentyloma
Otu2302	d:Fungi(1.0000),p:Ascomycota(0.9900),c:Leotiomycetes(0.9900),o:Helotiales(0.9900),f:Helotiales_fam_Incertae_sedis(0.3600),g:Chalara(0.3600),s:Calycina_ellisii_SH220077.07FU(0.3100)	+	d:Fungi,p:Ascomycota,c:Leotiomycetes,o:Helotiales
Otu2307	d:Fungi(0.9900),p:Basidiomycota(0.3700),c:Agaricomycetes(0.2900),o:Agaricales(0.1200),f:Tricholomataceae(0.0500),g:Orbilia(0.0300),s:Buckleyzyma_salicina_SH021485.07FU(0.0200)	+	d:Fungi
Otu2313	d:Fungi(1.0000),p:Ascomycota(1.0000),c:Dothideomycetes(1.0000),o:Pleosporales(1.0000),f:Phaeosphaeriaceae(1.0000),g:Paraphoma(1.0000),s:Paraphoma_chrysanthemicola_SH208737.07FU(0.9900)	+	d:Fungi,p:Ascomycota,c:Dothideomycetes,o:Pleosporales,f:Phaeosphaeriaceae,g:Paraphoma,s:Paraphoma_chrysanthemicola_SH208737.07FU
Otu2312	d:Fungi(1.0000),p:Ascomycota(1.0000),c:Dothideomycetes(1.0000),o:Pleosporales(1.0000),f:Pleosporaceae(1.0000),g:Drechslera(1.0000)	+	d:Fungi,p:Ascomycota,c:Dothideomycetes,o:Pleosporales,f:Pleosporaceae,g:Drechslera
Otu2316	d:Fungi(0.9800),p:Ascomycota(0.7200),c:Dothideomycetes(0.2900),o:Symbiotaphrinales(0.2900),f:Symbiotaphrinaceae(0.2900),g:Symbiotaphrina(0.2900),s:Symbiotaphrina_buchneri_SH643910.07FU(0.2300)	+	d:Fungi
Otu2317	d:Fungi(1.0000),p:Ascomycota(0.9500),c:Eurotiomycetes(0.9500),o:Chaetothyriales(0.9500),f:Cyphellophoraceae(0.8800),g:Cyphellophora(0.8800),s:Cyphellophora_laciniata_SH197858.07FU(0.8600)	+	d:Fungi,p:Ascomycota,c:Eurotiomycetes,o:Chaetothyriales,f:Cyphellophoraceae,g:Cyphellophora,s:Cyphellophora_laciniata_SH197858.07FU
Otu2320	d:Fungi(1.0000),p:Basidiomycota(1.0000),c:Agaricomycetes(1.0000),o:Cantharellales(1.0000),f:Ceratobasidiaceae(1.0000),g:Thanatephorus(0.0400),s:Thanatephorus_cucumeris_SH218701.07FU(0.0300)	+	d:Fungi,p:Basidiomycota,c:Agaricomycetes,o:Cantharellales,f:Ceratobasidiaceae
Otu2315	d:Fungi(1.0000),p:Mortierellomycota(0.4500),c:Mortierellomycetes(0.4500),o:Mortierellales(0.4500),f:Mortierellaceae(0.4500),g:Schizothecium(0.0300),s:Schizothecium_glutinans_SH201189.07FU(0.0300)	+	d:Fungi
Otu2314	d:Fungi(0.8100),p:Basidiomycota(0.2900),c:Agaricomycetes(0.2800),o:Symbiotaphrinales(0.1100),f:Symbiotaphrinaceae(0.1100),g:Symbiotaphrina(0.1100),s:Symbiotaphrina_kochii_SH021199.07FU(0.0600)	+	d:Fungi
Otu2311	d:Fungi(1.0000),p:Basidiomycota(1.0000),c:Tremellomycetes(1.0000),o:Tremellales(1.0000),f:Bulleribasidiaceae(1.0000),g:Vishniacozyma(1.0000),s:Vishniacozyma_victoriae_SH181632.07FU(1.0000)	+	d:Fungi,p:Basidiomycota,c:Tremellomycetes,o:Tremellales,f:Bulleribasidiaceae,g:Vishniacozyma,s:Vishniacozyma_victoriae_SH181632.07FU
Otu2323	d:Fungi(1.0000),p:Ascomycota(0.6300),c:Sordariomycetes(0.6300),o:Sordariales(0.6300),f:Lasiosphaeriaceae(0.5900),g:Schizothecium(0.0200),s:Schizothecium_glutinans_SH201189.07FU(0.0100)	+	d:Fungi
Otu2322	d:Fungi(1.0000),p:Ascomycota(0.4800),c:Sordariomycetes(0.4800),o:Sordariales(0.4800),f:Sordariaceae(0.4600),g:Cladorrhinum(0.0200),s:Cladorrhinum_foecundissimum_SH181907.07FU(0.0200)	+	d:Fungi
Otu2318	d:Fungi(1.0000),p:Basidiomycota(0.5300),c:Agaricomycetes(0.2900),o:Agaricales(0.1700),f:Lyophyllaceae(0.0700),g:Gerhardtia(0.0700),s:Gerhardtia_borealis_SH213401.07FU(0.0700)	+	d:Fungi
Otu2325	d:Fungi(1.0000),p:Basidiomycota(1.0000),c:Tremellomycetes(1.0000),o:Tremellales(1.0000),f:Bulleribasidiaceae(1.0000),g:Vishniacozyma(1.0000),s:Vishniacozyma_victoriae_SH181632.07FU(1.0000)	+	d:Fungi,p:Basidiomycota,c:Tremellomycetes,o:Tremellales,f:Bulleribasidiaceae,g:Vishniacozyma,s:Vishniacozyma_victoriae_SH181632.07FU
Otu2319	d:Fungi(1.0000),p:Basidiomycota(0.9800),c:Agaricomycetes(0.9800),o:Agaricales(0.9500),f:Crepidotaceae(0.9400),g:Crepidotus(0.9400),s:Psathyrella_caput-medusae_SH175239.07FU(0.0100)	+	d:Fungi,p:Basidiomycota,c:Agaricomycetes,o:Agaricales,f:Crepidotaceae,g:Crepidotus
Otu2321	d:Fungi(1.0000),p:Basidiomycota(1.0000),c:Agaricomycetes(1.0000),o:Agaricales(1.0000),f:Psathyrellaceae(0.6200),g:Psathyrella(0.6200),s:Psathyrella_panaeoloides_SH175228.07FU(0.5500)	+	d:Fungi,p:Basidiomycota,c:Agaricomycetes,o:Agaricales
Otu2324	d:Fungi(1.0000),p:Ascomycota(0.8100),c:Eurotiomycetes(0.3400),o:Chaetothyriales(0.1900),f:Verrucariaceae(0.0700),g:Verrucaria(0.0700),s:Symbiotaphrina_kochii_SH021199.07FU(0.0200)	+	d:Fungi,p:Ascomycota
Otu2304	d:Fungi(1.0000),p:Ascomycota(0.8900),c:Leotiomycetes(0.8800),o:Helotiales(0.8800),f:Helotiaceae(0.8600),g:Articulospora(0.3600),s:Articulospora_proliferata_SH083259.07FU(0.1300)	+	d:Fungi,p:Ascomycota,c:Leotiomycetes,o:Helotiales,f:Helotiaceae
Otu2329	d:Fungi(1.0000),p:Ascomycota(0.8900),c:Sordariomycetes(0.8900),o:Sordariales(0.8900),f:Lasiosphaeriaceae(0.8800),g:Schizothecium(0.0600),s:Schizothecium_glutinans_SH201189.07FU(0.0600)	+	d:Fungi,p:Ascomycota,c:Sordariomycetes,o:Sordariales,f:Lasiosphaeriaceae
Otu2328	d:Fungi(1.0000),p:Basidiomycota(1.0000),c:Tremellomycetes(0.9400),o:Cystofilobasidiales(0.9400),f:Cystofilobasidiaceae(0.9400),g:Cystofilobasidium(0.9400),s:Cystofilobasidium_macerans_SH194016.07FU(0.3200)	+	d:Fungi,p:Basidiomycota,c:Tremellomycetes,o:Cystofilobasidiales,f:Cystofilobasidiaceae,g:Cystofilobasidium
Otu2331	d:Fungi(1.0000)	+	d:Fungi
Otu2327	d:Fungi(1.0000),p:Basidiomycota(0.2400),c:Tremellomycetes(0.2400),o:Tremellales(0.2400),f:Bulleraceae(0.1900),g:Bullera(0.1900),s:Bullera_crocea_SH209709.07FU(0.1900)	+	d:Fungi
Otu2326	d:Fungi(1.0000),p:Basidiomycota(1.0000),c:Tremellomycetes(0.3700),o:Tremellales(0.3700),f:Bulleribasidiaceae(0.3700),g:Dioszegia(0.3700),s:Dioszegia_fristingensis_SH209723.07FU(0.3000)	+	d:Fungi,p:Basidiomycota
Otu2338	d:Fungi(1.0000),p:Ascomycota(0.4500),c:Leotiomycetes(0.3300),o:Thelebolales(0.3300),f:Pseudeurotiaceae(0.3200),g:Pseudeurotium(0.3200)	+	d:Fungi
Otu2337	d:Fungi(1.0000),p:Chytridiomycota(0.6100),c:Agaricomycetes(0.1000),o:Agaricales(0.0700),f:Orbiliaceae(0.0400),g:Orbilia(0.0400),s:Hygrocybe_occidentalis_SH028694.07FU(0.0200)	+	d:Fungi
Otu2334	d:Fungi(1.0000)	+	d:Fungi
Otu2332	d:Fungi(1.0000),p:Ascomycota(1.0000),c:Dothideomycetes(1.0000),o:Pleosporales(1.0000)	+	d:Fungi,p:Ascomycota,c:Dothideomycetes,o:Pleosporales
Otu2330	d:Fungi(1.0000),p:Ascomycota(1.0000),c:Eurotiomycetes(1.0000),o:Chaetothyriales(1.0000)	+	d:Fungi,p:Ascomycota,c:Eurotiomycetes,o:Chaetothyriales
Otu2336	d:Fungi(1.0000),p:Basidiomycota(1.0000),c:Tremellomycetes(1.0000),o:Tremellales(1.0000),f:Bulleribasidiaceae(1.0000),g:Vishniacozyma(1.0000),s:Vishniacozyma_victoriae_SH181632.07FU(1.0000)	+	d:Fungi,p:Basidiomycota,c:Tremellomycetes,o:Tremellales,f:Bulleribasidiaceae,g:Vishniacozyma,s:Vishniacozyma_victoriae_SH181632.07FU
Otu2333	d:Fungi(1.0000),p:Ascomycota(0.9300),c:Eurotiomycetes(0.8700),o:Chaetothyriales(0.8700),f:Herpotrichiellaceae(0.8700),g:Rhinocladiella(0.8700),s:Phylliscum_demangeonii_SH199272.07FU(0.0600)	+	d:Fungi,p:Ascomycota,c:Eurotiomycetes,o:Chaetothyriales,f:Herpotrichiellaceae,g:Rhinocladiella
Otu2341	d:Fungi(1.0000),p:Ascomycota(1.0000),c:Dothideomycetes(0.2300),o:Pleosporales(0.2300),f:Lentitheciaceae(0.2300),g:Pleurophoma(0.2300),s:Pleurophoma_ossicola_SH207021.07FU(0.2300)	+	d:Fungi,p:Ascomycota
Otu2342	d:Fungi(1.0000),p:Basidiomycota(0.0500),c:Agaricomycetes(0.0300),o:Russulales(0.0200),f:Russulaceae(0.0200),g:Lactifluus(0.0200),s:Genolevuria_amylolytica_SH213903.07FU(0.0200)	+	d:Fungi
Otu2340	d:Fungi(1.0000),p:Basidiomycota(1.0000),c:Tremellomycetes(1.0000),o:Tremellales(1.0000),f:Bulleribasidiaceae(1.0000),g:Vishniacozyma(1.0000),s:Vishniacozyma_victoriae_SH181632.07FU(1.0000)	+	d:Fungi,p:Basidiomycota,c:Tremellomycetes,o:Tremellales,f:Bulleribasidiaceae,g:Vishniacozyma,s:Vishniacozyma_victoriae_SH181632.07FU
Otu2343	d:Fungi(1.0000),p:Basidiomycota(0.0200),c:Tremellomycetes(0.0200),o:Filobasidiales(0.0200),f:Filobasidiaceae(0.0200),g:Filobasidium(0.0200),s:Filobasidium_chernovii_SH197624.07FU(0.0100)	+	d:Fungi
Otu2348	d:Fungi(1.0000),p:Ascomycota(1.0000),c:Leotiomycetes(1.0000),o:Helotiales(1.0000),f:Helotiaceae(1.0000),g:Articulospora(1.0000)	+	d:Fungi,p:Ascomycota,c:Leotiomycetes,o:Helotiales,f:Helotiaceae,g:Articulospora
Otu2344	d:Fungi(1.0000),p:Chytridiomycota(1.0000)	+	d:Fungi,p:Chytridiomycota
Otu2339	d:Fungi(1.0000),p:Basidiomycota(0.9000),c:Agaricomycetes(0.9000),o:Auriculariales(0.9000),f:Exidiaceae(0.8800),g:Exidia(0.8700),s:Exidia_recisa_SH194578.07FU(0.8300)	+	d:Fungi,p:Basidiomycota,c:Agaricomycetes,o:Auriculariales,f:Exidiaceae,g:Exidia,s:Exidia_recisa_SH194578.07FU
Otu2352	d:Fungi(1.0000),p:Chytridiomycota(1.0000)	+	d:Fungi,p:Chytridiomycota
Otu2349	d:Fungi(1.0000),p:Ascomycota(0.0900),c:Dothideomycetes(0.0900),o:Pleosporales(0.0900),f:Pleosporaceae(0.0900),g:Alternaria(0.0900)	+	d:Fungi
Otu2345	d:Fungi(0.9800),p:Glomeromycota(0.2200),c:Glomeromycetes(0.1900),o:Agaricales(0.1100),f:Diversisporaceae(0.0800),g:Orbilia(0.0300),s:Symbiotaphrina_kochii_SH021199.07FU(0.0300)	+	d:Fungi
Otu2351	d:Fungi(1.0000),p:Ascomycota(1.0000)	+	d:Fungi,p:Ascomycota
Otu2335	d:Fungi(1.0000),p:Mortierellomycota(1.0000),c:Mortierellomycetes(1.0000),o:Mortierellales(1.0000),f:Mortierellaceae(0.9100),g:Mortierella(0.9000),s:Mortierella_amoeboidea_SH198290.07FU(0.8900)	+	d:Fungi,p:Mortierellomycota,c:Mortierellomycetes,o:Mortierellales,f:Mortierellaceae,g:Mortierella,s:Mortierella_amoeboidea_SH198290.07FU
Otu2355	d:Fungi(1.0000),p:Ascomycota(1.0000),c:Dothideomycetes(0.2200),o:Pleosporales(0.2200)	+	d:Fungi,p:Ascomycota
Otu2346	d:Fungi(1.0000),p:Basidiomycota(1.0000),c:Tremellomycetes(0.0400),o:Holtermanniales(0.0300),f:Holtermanniales_fam_Incertae_sedis(0.0300),g:Holtermanniella(0.0300),s:Holtermanniella_takashimae_SH190741.07FU(0.0300)	+	d:Fungi,p:Basidiomycota
Otu2347	d:Fungi(1.0000),p:Basidiomycota(0.2700),c:Tremellomycetes(0.2500),o:Tremellales(0.2500),f:Bulleraceae(0.2000),g:Bullera(0.2000),s:Bullera_crocea_SH209709.07FU(0.2000)	+	d:Fungi
Otu2350	d:Fungi(1.0000),p:Ascomycota(0.9900),c:Eurotiomycetes(0.9700),o:Chaetothyriales(0.9700),f:Herpotrichiellaceae(0.9700)	+	d:Fungi,p:Ascomycota,c:Eurotiomycetes,o:Chaetothyriales,f:Herpotrichiellaceae
Otu2354	d:Rhizaria(0.5500),p:Cercozoa(0.5500),c:Agaricomycetes(0.1300),o:Cantharellales(0.0300),f:Atheliaceae(0.0300),g:Orbilia(0.0200),s:Lycogalopsis_solmsii_SH461452.07FU(0.0200)	+	
Otu2353	d:Fungi(1.0000),p:Basidiomycota(0.2400),c:Agaricomycetes(0.2200),o:Glomerales(0.1300),f:Entorrhizaceae(0.1300),g:Entorrhiza(0.1300),s:Entorrhiza_aschersoniana_SH523879.07FU(0.0400)	+	d:Fungi
Otu2360	d:Fungi(1.0000),p:Basidiomycota(0.5300),c:Tremellomycetes(0.5200),o:Tremellales(0.5200),f:Bulleraceae(0.4700),g:Bullera(0.4700),s:Bullera_crocea_SH209709.07FU(0.4700)	+	d:Fungi
Otu2356	d:Fungi(1.0000),p:Basidiomycota(0.9500),c:Tremellomycetes(0.9500),o:Tremellales(0.9400),f:Tremellaceae(0.4800),g:Cryptococcus(0.4800)	+	d:Fungi,p:Basidiomycota,c:Tremellomycetes,o:Tremellales
Otu2358	d:Fungi(1.0000)	+	d:Fungi
Otu2357	d:Fungi(0.9900),p:Chytridiomycota(0.4600),c:Neocallimastigomycetes(0.0500),o:Neocallimastigales(0.0500),f:Neocallimastigaceae(0.0500),g:Orpinomyces(0.0400),s:Protrudomyces_lateralis_SH210255.07FU(0.0200)	+	d:Fungi
Otu2366	d:Fungi(1.0000),p:Chytridiomycota(0.0300),c:Rhizophydiomycetes(0.0100),o:Rhizophydiales(0.0100),f:Symbiotaphrinaceae(0.0100),g:Symbiotaphrina(0.0100),s:Symbiotaphrina_kochii_SH021199.07FU(0.0100)	+	d:Fungi
Otu2362	d:Fungi(0.8700),p:Ascomycota(0.4500),c:Saccharomycetes(0.2800),o:Saccharomycetales(0.2800),f:Cladosporiaceae(0.0500),g:Davidiella(0.0500),s:Davidiella_rosigena_SH016560.07FU(0.0500)	+	d:Fungi
Otu2367	d:Fungi(1.0000),p:Ascomycota(1.0000),c:Dothideomycetes(0.8500),o:Capnodiales(0.8500),f:Mycosphaerellaceae(0.8500),g:Cercospora(0.6700),s:Cercospora_coniogrammes_SH278817.07FU(0.5600)	+	d:Fungi,p:Ascomycota,c:Dothideomycetes,o:Capnodiales,f:Mycosphaerellaceae
Otu2363	d:Fungi(1.0000),p:Ascomycota(0.9100),c:Dothideomycetes(0.8200),o:Pleosporales(0.8100),f:Phaeosphaeriaceae(0.3000),g:Phaeosphaeria(0.0100),s:Xenophaeosphaeria_grewiae_SH496743.07FU(0.0100)	+	d:Fungi,p:Ascomycota,c:Dothideomycetes,o:Pleosporales
Otu2361	d:Fungi(1.0000),p:Chytridiomycota(0.8900)	+	d:Fungi,p:Chytridiomycota
Otu2370	d:Fungi(0.9500),p:Basidiomycota(0.2700),c:Agaricomycetes(0.2100),o:Agaricales(0.1400),f:Legeriomycetaceae(0.0700),g:Smittium(0.0600),s:Smittium_morbosum_SH471714.07FU(0.0600)	+	d:Fungi
Otu2365	d:Fungi(1.0000),p:Basidiomycota(0.5400),c:Tremellomycetes(0.5400),o:Tremellales(0.5400),f:Bulleraceae(0.4600),g:Bullera(0.4600),s:Bullera_crocea_SH209709.07FU(0.4600)	+	d:Fungi
Otu2368	d:Fungi(1.0000),p:Basidiomycota(0.6700),c:Tremellomycetes(0.6600),o:Tremellales(0.6600),f:Bulleribasidiaceae(0.6600),g:Dioszegia(0.6600),s:Dioszegia_hungarica_SH182099.07FU(0.6500)	+	d:Fungi
Otu2364	d:Fungi(1.0000),p:Basidiomycota(1.0000),c:Agaricomycetes(1.0000),o:Sebacinales(1.0000),f:Serendipitaceae(0.0200),g:Serendipita(0.0200)	+	d:Fungi,p:Basidiomycota,c:Agaricomycetes,o:Sebacinales
Otu2373	d:Rhizaria(0.8000),p:Cercozoa(0.8000),c:Glomeromycetes(0.0400),o:Glomerales(0.0300),f:Glomeraceae(0.0300),g:Orbilia(0.0100),s:Funneliformis_geosporum_SH179687.07FU(0.0100)	+	d:Rhizaria,p:Cercozoa
Otu2359	d:Fungi(1.0000),p:Basidiomycota(0.9600),c:Tremellomycetes(0.9300),o:Tremellales(0.9200),f:Bulleribasidiaceae(0.9200),g:Vishniacozyma(0.9200),s:Vishniacozyma_dimennae_SH203797.07FU(0.7300)	+	d:Fungi,p:Basidiomycota,c:Tremellomycetes,o:Tremellales,f:Bulleribasidiaceae,g:Vishniacozyma
Otu2369	d:Fungi(1.0000),p:Ascomycota(1.0000),c:Dothideomycetes(1.0000),o:Pleosporales(1.0000),f:Phaeosphaeriaceae(1.0000)	+	d:Fungi,p:Ascomycota,c:Dothideomycetes,o:Pleosporales,f:Phaeosphaeriaceae
Otu2372	d:Fungi(1.0000),p:Basidiomycota(0.2700),c:Tremellomycetes(0.2400),o:Tremellales(0.2400),f:Bulleraceae(0.1900),g:Bullera(0.1900),s:Bullera_crocea_SH209709.07FU(0.1900)	+	d:Fungi
Otu2375	d:Fungi(0.9900),p:Basidiomycota(0.3900),c:Agaricomycetes(0.3900),o:Zoopagales(0.2200),f:Piptocephalidaceae(0.2200),g:Syncephalis(0.2200),s:Symbiotaphrina_kochii_SH021199.07FU(0.0500)	+	d:Fungi
Otu2376	d:Rhizaria(0.5500),p:Cercozoa(0.5500),c:Agaricomycetes(0.1400),o:Agaricales(0.0700),f:Symbiotaphrinaceae(0.0300),g:Symbiotaphrina(0.0300),s:Symbiotaphrina_kochii_SH021199.07FU(0.0200)	+	
Otu2371	d:Fungi(1.0000),p:Ascomycota(1.0000),c:Dothideomycetes(1.0000),o:Pleosporales(1.0000),f:Pleomassariaceae(0.6800),g:Prosthemium(0.6300),s:Praetumpfia_obducens_SH198667.07FU(0.1600)	+	d:Fungi,p:Ascomycota,c:Dothideomycetes,o:Pleosporales
Otu2374	d:Fungi(1.0000),p:Ascomycota(1.0000),c:Dothideomycetes(1.0000),o:Capnodiales(1.0000),f:Mycosphaerellaceae(1.0000),g:Ramularia(0.8400),s:Ramularia_proteae_SH279150.07FU(0.6900)	+	d:Fungi,p:Ascomycota,c:Dothideomycetes,o:Capnodiales,f:Mycosphaerellaceae,g:Ramularia
Otu2380	d:Fungi(0.7600),p:Ascomycota(0.2700),c:Glomeromycetes(0.2200),o:Glomerales(0.2100),f:Glomeraceae(0.2000),g:Symbiotaphrina(0.0700),s:Symbiotaphrina_kochii_SH021199.07FU(0.0500)	+	
Otu2378	d:Fungi(1.0000),p:Ascomycota(1.0000),c:Dothideomycetes(1.0000),o:Pleosporales(1.0000),f:Leptosphaeriaceae(1.0000),g:Ampelomyces(1.0000),s:Ampelomyces_quisqualis_SH206642.07FU(0.9700)	+	d:Fungi,p:Ascomycota,c:Dothideomycetes,o:Pleosporales,f:Leptosphaeriaceae,g:Ampelomyces,s:Ampelomyces_quisqualis_SH206642.07FU
Otu2379	d:Fungi(1.0000),p:Ascomycota(1.0000),c:Dothideomycetes(1.0000),o:Pleosporales(1.0000),f:Pleosporaceae(1.0000),g:Alternaria(1.0000),s:Alternaria_cinerariae_SH216796.07FU(1.0000)	+	d:Fungi,p:Ascomycota,c:Dothideomycetes,o:Pleosporales,f:Pleosporaceae,g:Alternaria,s:Alternaria_cinerariae_SH216796.07FU
Otu2377	d:Fungi(1.0000),p:Ascomycota(0.7400),c:Eurotiomycetes(0.2400),o:Helotiales(0.1200),f:Verrucariaceae(0.0600),g:Verrucaria(0.0400),s:Diploschistes_actinostomus_SH192209.07FU(0.0200)	+	d:Fungi
Otu2381	d:Fungi(1.0000),p:Basidiomycota(0.9500),c:Tremellomycetes(0.9300),o:Tremellales(0.9200),f:Bulleribasidiaceae(0.9200),g:Vishniacozyma(0.9200),s:Vishniacozyma_dimennae_SH203797.07FU(0.7300)	+	d:Fungi,p:Basidiomycota,c:Tremellomycetes,o:Tremellales,f:Bulleribasidiaceae,g:Vishniacozyma
Otu2382	d:Fungi(1.0000),p:Ascomycota(0.8400),c:Sordariomycetes(0.8300),o:Hypocreales(0.8100),f:Nectriaceae(0.3200),g:Chaetopsina(0.2000),s:Chaetopsina_pini_SH013862.07FU(0.1100)	+	d:Fungi,p:Ascomycota,c:Sordariomycetes,o:Hypocreales
Otu2383	d:Fungi(1.0000),p:Ascomycota(1.0000),c:Dothideomycetes(1.0000),o:Pleosporales(1.0000),f:Leptosphaeriaceae(1.0000),g:Ampelomyces(1.0000),s:Ampelomyces_quisqualis_SH206635.07FU(1.0000)	+	d:Fungi,p:Ascomycota,c:Dothideomycetes,o:Pleosporales,f:Leptosphaeriaceae,g:Ampelomyces,s:Ampelomyces_quisqualis_SH206635.07FU
Otu2384	d:Fungi(1.0000),p:Basidiomycota(0.9600),c:Tremellomycetes(0.9200),o:Tremellales(0.9200),f:Bulleribasidiaceae(0.9200),g:Vishniacozyma(0.9200),s:Vishniacozyma_dimennae_SH203801.07FU(0.7800)	+	d:Fungi,p:Basidiomycota,c:Tremellomycetes,o:Tremellales,f:Bulleribasidiaceae,g:Vishniacozyma
Otu2393	d:Fungi(1.0000),p:Basidiomycota(0.2600),c:Glomeromycetes(0.2200),o:Glomerales(0.1400),f:Glomeraceae(0.1300),g:Symbiotaphrina(0.1300),s:Symbiotaphrina_kochii_SH021199.07FU(0.0900)	+	d:Fungi
Otu2387	d:Fungi(0.9900),p:Chytridiomycota(0.4700),c:Agaricomycetes(0.1200),o:Agaricales(0.0500),f:Spathulosporaceae(0.0300),g:Spathulospora(0.0300),s:Symbiotaphrina_kochii_SH021199.07FU(0.0200)	+	d:Fungi
Otu2386	d:Fungi(0.9900),p:Ascomycota(0.4800),c:Orbiliomycetes(0.2400),o:Orbiliales(0.2000),f:Orbiliaceae(0.1600),g:Orbilia(0.1400),s:Symbiotaphrina_buchneri_SH643910.07FU(0.0300)	+	d:Fungi
Otu2392	d:Fungi(1.0000),p:Chytridiomycota(0.4900),c:Spizellomycetes(0.3200),o:Spizellomycetales(0.3200),f:Orbiliaceae(0.0700),g:Powellomyces(0.0700),s:Symbiotaphrina_buchneri_SH643910.07FU(0.0400)	+	d:Fungi
Otu2385	d:Fungi(1.0000),p:Basidiomycota(0.2600),c:Tremellomycetes(0.2500),o:Tremellales(0.2500),f:Bulleraceae(0.2000),g:Bullera(0.2000),s:Bullera_crocea_SH209709.07FU(0.2000)	+	d:Fungi
Otu2395	d:Fungi(1.0000),p:Ascomycota(1.0000),c:Leotiomycetes(0.8000),o:Helotiales(0.8000),f:Leotiaceae(0.7800),g:Alatospora(0.7800),s:Alatospora_acuminata_SH215253.07FU(0.6400)	+	d:Fungi,p:Ascomycota,c:Leotiomycetes,o:Helotiales
Otu2388	d:Fungi(1.0000),p:Basidiomycota(0.9400),c:Agaricomycetes(0.9400),o:Polyporales(0.1500),f:Coriolaceae(0.0900),g:Trametes(0.0900),s:Favolus_grammocephalus_SH007193.07FU(0.0600)	+	d:Fungi,p:Basidiomycota,c:Agaricomycetes
Otu2389	d:Fungi(1.0000),p:Ascomycota(0.3700),c:Sordariomycetes(0.3700),o:Xylariales(0.3700),f:Bartaliniaceae(0.0600),g:Seimatosporium(0.0400),s:Seimatosporium_falcatum_SH206680.07FU(0.0300)	+	d:Fungi
Otu2391	d:Fungi(1.0000),p:Ascomycota(1.0000),c:Dothideomycetes(0.9500),o:Capnodiales(0.9500),f:Extremaceae(0.9100),g:Vermiconia(0.9100),s:Vermiconia_antarctica_SH203889.07FU(0.8000)	+	d:Fungi,p:Ascomycota,c:Dothideomycetes,o:Capnodiales,f:Extremaceae,g:Vermiconia,s:Vermiconia_antarctica_SH203889.07FU
Otu2390	d:Fungi(1.0000)	+	d:Fungi
Otu2394	d:Fungi(0.9800),p:Ascomycota(0.4200),c:Agaricomycetes(0.1700),o:Pleosporales(0.0900),f:Massariaceae(0.0900),g:Massaria(0.0900),s:Symbiotaphrina_kochii_SH021199.07FU(0.0400)	+	d:Fungi
Otu2399	d:Fungi(1.0000),p:Basidiomycota(1.0000),c:Agaricomycetes(1.0000),o:Agaricales(1.0000),f:Psathyrellaceae(1.0000),g:Coprinellus(1.0000),s:Coprinellus_hiascens_SH175219.07FU(0.9500)	+	d:Fungi,p:Basidiomycota,c:Agaricomycetes,o:Agaricales,f:Psathyrellaceae,g:Coprinellus,s:Coprinellus_hiascens_SH175219.07FU
Otu2396	d:Fungi(1.0000),p:Basidiomycota(0.9600),c:Tremellomycetes(0.9100),o:Tremellales(0.9100),f:Bulleribasidiaceae(0.9100),g:Vishniacozyma(0.9100),s:Vishniacozyma_dimennae_SH203801.07FU(0.7800)	+	d:Fungi,p:Basidiomycota,c:Tremellomycetes,o:Tremellales,f:Bulleribasidiaceae,g:Vishniacozyma
Otu2401	d:Fungi(1.0000),p:Ascomycota(1.0000),c:Dothideomycetes(0.9100),o:Pleosporales(0.9100),f:Sporormiaceae(0.9100),g:Pseudeurotium(0.0300),s:Pseudeurotium_bakeri_SH431739.07FU(0.0300)	+	d:Fungi,p:Ascomycota,c:Dothideomycetes,o:Pleosporales,f:Sporormiaceae
Otu2397	d:Fungi(1.0000),p:Basidiomycota(0.5300),c:Tremellomycetes(0.5100),o:Tremellales(0.5100),f:Bulleraceae(0.4700),g:Bullera(0.4700),s:Bullera_crocea_SH209709.07FU(0.4700)	+	d:Fungi
Otu2400	d:Fungi(1.0000),p:Basidiomycota(0.6700),c:Tremellomycetes(0.6600),o:Tremellales(0.6600),f:Bulleribasidiaceae(0.6600),g:Dioszegia(0.6600),s:Dioszegia_hungarica_SH182099.07FU(0.6500)	+	d:Fungi
Otu2402	d:Fungi(1.0000),p:Basidiomycota(1.0000),c:Tremellomycetes(1.0000),o:Tremellales(0.2200),f:Bulleribasidiaceae(0.2200),g:Vishniacozyma(0.2200),s:Vishniacozyma_victoriae_SH181632.07FU(0.1800)	+	d:Fungi,p:Basidiomycota,c:Tremellomycetes
Otu2408	d:Fungi(1.0000),p:Ascomycota(1.0000),c:Dothideomycetes(0.9900),o:Capnodiales(0.9900),f:Neodevriesiaceae(0.9800),g:Neodevriesia(0.9800),s:Neodevriesia_poagena_SH206058.07FU(0.9800)	+	d:Fungi,p:Ascomycota,c:Dothideomycetes,o:Capnodiales,f:Neodevriesiaceae,g:Neodevriesia,s:Neodevriesia_poagena_SH206058.07FU
Otu2405	d:Fungi(1.0000),p:Basidiomycota(0.0200),c:Agaricomycetes(0.0100),o:Filobasidiales(0.0100)	+	d:Fungi
Otu2409	d:Rhizaria(0.9600),p:Cercozoa(0.9600),c:Agaricomycetes(0.0100),o:Russulales(0.0100),f:Saccharomycetales_fam_Incertae_sedis(0.0100),g:Artomyces(0.0100),s:Macrorhabdus_ornithogaster_SH472876.07FU(0.0100)	+	d:Rhizaria,p:Cercozoa
Otu2398	d:Fungi(1.0000),p:Chytridiomycota(0.5500),c:Spizellomycetes(0.4300),o:Spizellomycetales(0.4300),f:Powellomycetaceae(0.1900),g:Powellomyces(0.1900),s:Powellomyces_hirtus_SH221975.07FU(0.1500)	+	d:Fungi
Otu2410	d:Fungi(1.0000),p:Basidiomycota(0.3900),c:Tremellomycetes(0.3900),o:Tremellales(0.3900),f:Bulleribasidiaceae(0.3900),g:Dioszegia(0.3900),s:Dioszegia_takashimae_SH182102.07FU(0.1900)	+	d:Fungi
Otu2403	d:Fungi(1.0000),p:Ascomycota(0.9900),c:Dothideomycetes(0.9900),o:Pleosporales(0.9900),f:Phaeosphaeriaceae(0.9900)	+	d:Fungi,p:Ascomycota,c:Dothideomycetes,o:Pleosporales,f:Phaeosphaeriaceae
Otu2412	d:Fungi(1.0000),p:Basidiomycota(1.0000),c:Tremellomycetes(0.0200),o:Holtermanniales(0.0100),f:Holtermanniales_fam_Incertae_sedis(0.0100),g:Holtermanniella(0.0100),s:Holtermanniella_takashimae_SH190741.07FU(0.0100)	+	d:Fungi,p:Basidiomycota
Otu2406	d:Fungi(1.0000),p:Rozellomycota(0.6700),c:Agaricomycetes(0.0500),o:Agaricales(0.0400),f:Valsariaceae(0.0300),g:Valsaria(0.0300),s:Valsaria_insitiva_SH211362.07FU(0.0200)	+	d:Fungi
Otu2418	d:Fungi(1.0000),p:Basidiomycota(0.9600),c:Tremellomycetes(0.9400),o:Tremellales(0.9400),f:Bulleribasidiaceae(0.9400),g:Vishniacozyma(0.9400),s:Vishniacozyma_dimennae_SH203797.07FU(0.7500)	+	d:Fungi,p:Basidiomycota,c:Tremellomycetes,o:Tremellales,f:Bulleribasidiaceae,g:Vishniacozyma
Otu2411	d:Fungi(1.0000),p:Ascomycota(0.8100),c:Eurotiomycetes(0.3400),o:Chaetothyriales(0.2000),f:Herpotrichiellaceae(0.0700),g:Verrucaria(0.0500),s:Symbiotaphrina_kochii_SH021199.07FU(0.0200)	+	d:Fungi,p:Ascomycota
Otu2413	d:Fungi(1.0000),p:Ascomycota(0.8400),c:Sordariomycetes(0.8300),o:Hypocreales(0.8100),f:Nectriaceae(0.3200),g:Chaetopsina(0.2000),s:Chaetopsina_pini_SH013862.07FU(0.1100)	+	d:Fungi,p:Ascomycota,c:Sordariomycetes,o:Hypocreales
Otu2404	d:Fungi(1.0000),p:Chytridiomycota(0.0500),c:Glomeromycetes(0.0200),o:Glomerales(0.0200),f:Amanitaceae(0.0100),g:Amanita(0.0100),s:Amanita_levistriata_SH521443.07FU(0.0100)	+	d:Fungi
Otu2414	d:Fungi(1.0000),p:Basidiomycota(1.0000),c:Tremellomycetes(0.0300),o:Holtermanniales(0.0200),f:Holtermanniales_fam_Incertae_sedis(0.0200),g:Holtermanniella(0.0200),s:Holtermanniella_takashimae_SH190741.07FU(0.0200)	+	d:Fungi,p:Basidiomycota
Otu2415	d:Fungi(1.0000),p:Ascomycota(1.0000),c:Sordariomycetes(1.0000),o:Hypocreales(1.0000),f:Stachybotryaceae(1.0000)	+	d:Fungi,p:Ascomycota,c:Sordariomycetes,o:Hypocreales,f:Stachybotryaceae
Otu2416	d:Fungi(1.0000),p:Ascomycota(1.0000),c:Dothideomycetes(1.0000),o:Capnodiales(1.0000),f:Mycosphaerellaceae(1.0000),g:Ramularia(0.6700),s:Ramularia_armoraciae_SH206862.07FU(0.2700)	+	d:Fungi,p:Ascomycota,c:Dothideomycetes,o:Capnodiales,f:Mycosphaerellaceae
Otu2407	d:Fungi(1.0000),p:Basidiomycota(1.0000),c:Tremellomycetes(1.0000),o:Tremellales(1.0000),f:Bulleribasidiaceae(1.0000),g:Vishniacozyma(1.0000),s:Vishniacozyma_victoriae_SH181632.07FU(1.0000)	+	d:Fungi,p:Basidiomycota,c:Tremellomycetes,o:Tremellales,f:Bulleribasidiaceae,g:Vishniacozyma,s:Vishniacozyma_victoriae_SH181632.07FU
Otu2421	d:Fungi(1.0000),p:Basidiomycota(0.0100),c:Agaricomycetes(0.0100),o:Cantharellales(0.0100),f:Cantharellales_fam_Incertae_sedis(0.0100),g:Sistotrema(0.0100),s:Symbiotaphrina_kochii_SH021199.07FU(0.0100)	+	d:Fungi
Otu2417	d:Fungi(1.0000),p:Ascomycota(0.4700),c:Dothideomycetes(0.4700),o:Capnodiales(0.0500),f:Cladosporiaceae(0.0500),g:Rachicladosporium(0.0500),s:Rachicladosporium_luculiae_SH018822.07FU(0.0100)	+	d:Fungi
Otu2420	d:Fungi(1.0000),p:Ascomycota(1.0000),c:Dothideomycetes(1.0000),o:Pleosporales(1.0000),f:Lentitheciaceae(1.0000),g:Poaceascoma(1.0000),s:Poaceascoma_helicoides_SH211391.07FU(1.0000)	+	d:Fungi,p:Ascomycota,c:Dothideomycetes,o:Pleosporales,f:Lentitheciaceae,g:Poaceascoma,s:Poaceascoma_helicoides_SH211391.07FU
Otu2422	d:Fungi(1.0000),p:Ascomycota(0.9800),c:Leotiomycetes(0.9800),o:Phacidiales(0.9800),f:Phacidiaceae(0.9800),g:Phacidium(0.9800),s:Phacidium_grevilleae_SH627048.07FU(0.6300)	+	d:Fungi,p:Ascomycota,c:Leotiomycetes,o:Phacidiales,f:Phacidiaceae,g:Phacidium
Otu2425	d:Fungi(1.0000),p:Basidiomycota(0.9900),c:Tremellomycetes(0.0400),o:Holtermanniales(0.0300),f:Holtermanniales_fam_Incertae_sedis(0.0300),g:Holtermanniella(0.0300),s:Holtermanniella_takashimae_SH190741.07FU(0.0300)	+	d:Fungi,p:Basidiomycota
Otu2424	d:Fungi(1.0000),p:Ascomycota(1.0000),c:Eurotiomycetes(1.0000),o:Chaetothyriales(1.0000),f:Herpotrichiellaceae(0.9700),g:Capronia(0.9700)	+	d:Fungi,p:Ascomycota,c:Eurotiomycetes,o:Chaetothyriales,f:Herpotrichiellaceae,g:Capronia
Otu2426	d:Fungi(1.0000),p:Rozellomycota(0.2600),c:Rozellomycotina_cls_Incertae_sedis(0.1900),o:Diversisporales(0.1000),f:Acaulosporaceae(0.1000),g:Symbiotaphrina(0.0700),s:Symbiotaphrina_buchneri_SH643910.07FU(0.0600)	+	d:Fungi
Otu2431	d:Fungi(1.0000),p:Ascomycota(1.0000),c:Dothideomycetes(0.7600),o:Pleosporales(0.7500),f:Thyridariaceae(0.3100),g:Parathyridaria(0.2200),s:Parathyridaria_robiniae_SH497177.07FU(0.2100)	+	d:Fungi,p:Ascomycota
Otu2419	d:Fungi(1.0000),p:Basidiomycota(0.2000),c:Tremellomycetes(0.1900),o:Tremellales(0.1900),f:Bulleraceae(0.1500),g:Bullera(0.1500),s:Bullera_crocea_SH209709.07FU(0.1500)	+	d:Fungi
Otu2429	d:Fungi(1.0000),p:Basidiomycota(0.9900),c:Tremellomycetes(0.0400),o:Holtermanniales(0.0300),f:Holtermanniales_fam_Incertae_sedis(0.0300),g:Holtermanniella(0.0300),s:Holtermanniella_takashimae_SH190741.07FU(0.0300)	+	d:Fungi,p:Basidiomycota
Otu2428	d:Fungi(1.0000),p:Basidiomycota(1.0000),c:Agaricomycetes(1.0000),o:Sebacinales(1.0000),f:Sebacinaceae(1.0000)	+	d:Fungi,p:Basidiomycota,c:Agaricomycetes,o:Sebacinales,f:Sebacinaceae
Otu2430	d:Fungi(1.0000),p:Basidiomycota(1.0000),c:Agaricomycetes(1.0000),o:Thelephorales(1.0000),f:Thelephoraceae(1.0000),g:Tomentellopsis(1.0000),s:Tomentellopsis_submollis_SH184844.07FU(1.0000)	+	d:Fungi,p:Basidiomycota,c:Agaricomycetes,o:Thelephorales,f:Thelephoraceae,g:Tomentellopsis,s:Tomentellopsis_submollis_SH184844.07FU
Otu2435	d:Fungi(1.0000),p:Basidiomycota(1.0000),c:Agaricostilbomycetes(1.0000),o:Agaricostilbales(1.0000),f:Chionosphaeraceae(1.0000),g:Kurtzmanomyces(0.1500)	+	d:Fungi,p:Basidiomycota,c:Agaricostilbomycetes,o:Agaricostilbales,f:Chionosphaeraceae
Otu2434	d:Fungi(1.0000),p:Ascomycota(0.2600),c:Sordariomycetes(0.2600),o:Sordariales(0.2600),f:Lasiosphaeriaceae(0.2600),g:Schizothecium(0.0700),s:Schizothecium_glutinans_SH201189.07FU(0.0500)	+	d:Fungi
Otu2423	d:Fungi(1.0000),p:Ascomycota(1.0000),c:Leotiomycetes(0.9800),o:Helotiales(0.9800),f:Helotiales_fam_Incertae_sedis(0.1500),g:Mycoarthris(0.1400),s:Mycoarthris_corallina_SH198115.07FU(0.1400)	+	d:Fungi,p:Ascomycota,c:Leotiomycetes,o:Helotiales
Otu2439	d:Fungi(1.0000),p:Basidiomycota(0.9700),c:Tremellomycetes(0.9400),o:Tremellales(0.9400),f:Bulleribasidiaceae(0.9400),g:Vishniacozyma(0.9400),s:Vishniacozyma_dimennae_SH203797.07FU(0.7500)	+	d:Fungi,p:Basidiomycota,c:Tremellomycetes,o:Tremellales,f:Bulleribasidiaceae,g:Vishniacozyma
Otu2432	d:Fungi(1.0000),p:Basidiomycota(1.0000),c:Tremellomycetes(1.0000)	+	d:Fungi,p:Basidiomycota,c:Tremellomycetes
Otu2427	d:Fungi(1.0000),p:Basidiomycota(0.2400),c:Tremellomycetes(0.2400),o:Tremellales(0.2400),f:Bulleraceae(0.1900),g:Bullera(0.1900),s:Bullera_crocea_SH209709.07FU(0.1900)	+	d:Fungi
Otu2433	d:Fungi(1.0000),p:Ascomycota(0.5200),c:Leotiomycetes(0.2400),o:Helotiales(0.2400)	+	d:Fungi
Otu2440	d:Fungi(1.0000)	+	d:Fungi
Otu2438	d:Fungi(1.0000)	+	d:Fungi
Otu2437	d:Fungi(1.0000),p:Ascomycota(0.9600),c:Dothideomycetes(0.9300),o:Pleosporales(0.9300),f:Phaeosphaeriaceae(0.4800),g:Phaeosphaeria(0.0200),s:Sclerostagonospora_opuntiae_SH182980.07FU(0.0100)	+	d:Fungi,p:Ascomycota,c:Dothideomycetes,o:Pleosporales
Otu2447	d:Fungi(0.8000),p:Ascomycota(0.2500),c:Agaricomycetes(0.1900),o:Glomerales(0.0800),f:Glomeraceae(0.0800),g:Inocybe(0.0300),s:Inocybe_leucoloma_SH209539.07FU(0.0200)	+	d:Fungi
Otu2441	d:Fungi(1.0000),p:Basidiomycota(1.0000),c:Tremellomycetes(1.0000),o:Cystofilobasidiales(1.0000),f:Mrakiaceae(1.0000),g:Itersonilia(1.0000),s:Itersonilia_perplexans_SH199072.07FU(0.8300)	+	d:Fungi,p:Basidiomycota,c:Tremellomycetes,o:Cystofilobasidiales,f:Mrakiaceae,g:Itersonilia,s:Itersonilia_perplexans_SH199072.07FU
Otu2443	d:Fungi(1.0000),p:Chytridiomycota(0.9400),c:Spizellomycetes(0.9400),o:Spizellomycetales(0.9400),f:Powellomycetaceae(0.9400),g:Powellomyces(0.9400)	+	d:Fungi,p:Chytridiomycota,c:Spizellomycetes,o:Spizellomycetales,f:Powellomycetaceae,g:Powellomyces
Otu2436	d:Fungi(1.0000),p:Ascomycota(0.9800),c:Leotiomycetes(0.9600),o:Helotiales(0.9100),f:Helotiaceae(0.1600),g:Mycoarthris(0.1600),s:Mycoarthris_corallina_SH198115.07FU(0.1600)	+	d:Fungi,p:Ascomycota,c:Leotiomycetes,o:Helotiales
Otu2444	d:Fungi(1.0000),p:Basidiomycota(0.6700),c:Tremellomycetes(0.6700),o:Tremellales(0.6700),f:Bulleribasidiaceae(0.6700),g:Dioszegia(0.6700),s:Dioszegia_hungarica_SH182099.07FU(0.6600)	+	d:Fungi
Otu2446	d:Fungi(1.0000),p:Chytridiomycota(0.3500),c:Agaricomycetes(0.2000),o:Rhizophydiales(0.1200),f:Rhizophydiales_fam_Incertae_sedis(0.1200),g:Coralloidiomyces(0.1200),s:Coralloidiomyces_digitatus_SH461375.07FU(0.1200)	+	d:Fungi
Otu2442	d:Rhizaria(1.0000),p:Cercozoa(1.0000)	+	d:Rhizaria,p:Cercozoa
Otu2448	d:Fungi(1.0000),p:Basidiomycota(0.9500),c:Microbotryomycetes(0.9500),o:Leucosporidiales(0.9400),f:Leucosporidiaceae(0.9400),g:Leucosporidium(0.2900),s:Leucosporidium_intermedium_SH193771.07FU(0.1600)	+	d:Fungi,p:Basidiomycota,c:Microbotryomycetes,o:Leucosporidiales,f:Leucosporidiaceae
Otu2450	d:Fungi(1.0000),p:Ascomycota(0.1800),c:Lecanoromycetes(0.0600),o:Lichenostigmatales(0.0200),f:Phaeococcomycetaceae(0.0200),g:Phaeococcomyces(0.0200)	+	d:Fungi
Otu2445	d:Fungi(1.0000),p:Basidiomycota(1.0000),c:Tremellomycetes(1.0000),o:Tremellales(1.0000),f:Bulleribasidiaceae(1.0000),g:Vishniacozyma(1.0000),s:Vishniacozyma_victoriae_SH181632.07FU(1.0000)	+	d:Fungi,p:Basidiomycota,c:Tremellomycetes,o:Tremellales,f:Bulleribasidiaceae,g:Vishniacozyma,s:Vishniacozyma_victoriae_SH181632.07FU
Otu2451	d:Fungi(1.0000),p:Basidiomycota(0.5500),c:Tremellomycetes(0.5400),o:Tremellales(0.5400),f:Bulleraceae(0.4900),g:Bullera(0.4900),s:Bullera_crocea_SH209709.07FU(0.4900)	+	d:Fungi
Otu2454	d:Fungi(1.0000),p:Ascomycota(0.9500),c:Dothideomycetes(0.3800),o:Dothideales(0.3400),f:Dothideaceae(0.2600),g:Endoconidioma(0.2200),s:Endoconidioma_populi_SH206393.07FU(0.2200)	+	d:Fungi,p:Ascomycota
Otu2449	d:Fungi(1.0000),p:Ascomycota(0.9800),c:Leotiomycetes(0.9100),o:Helotiales(0.9100),f:Helotiales_fam_Incertae_sedis(0.3500),g:Xenopolyscytalum(0.2200),s:Xenopolyscytalum_pinea_SH202693.07FU(0.0200)	+	d:Fungi,p:Ascomycota,c:Leotiomycetes,o:Helotiales
Otu2452	d:Fungi(1.0000),p:Ascomycota(0.9900),c:Sordariomycetes(0.9800),o:Xylariales(0.9400),f:Xylariaceae(0.4800),g:Lopadostoma(0.2300),s:Lopadostoma_lechatii_SH017639.07FU(0.1300)	+	d:Fungi,p:Ascomycota,c:Sordariomycetes,o:Xylariales
Otu2458	d:Fungi(1.0000),p:Ascomycota(0.0400),c:Sordariomycetes(0.0400),o:Glomerellales(0.0400),f:Plectosphaerellaceae(0.0400),g:Plectosphaerella(0.0400),s:Plectosphaerella_cucumerina_SH190986.07FU(0.0100)	+	d:Fungi
Otu2457	d:Fungi(1.0000),p:Basidiomycota(0.2600),c:Agaricomycetes(0.1800),o:Symbiotaphrinales(0.0900),f:Symbiotaphrinaceae(0.0900),g:Symbiotaphrina(0.0900),s:Symbiotaphrina_kochii_SH021199.07FU(0.0800)	+	d:Fungi
Otu2455	d:Fungi(1.0000),p:Ascomycota(1.0000),c:Lecanoromycetes(1.0000),o:Teloschistales(1.0000),f:Teloschistaceae(1.0000),g:Athallia(0.8100),s:Athallia_cerinella_SH192663.07FU(0.7300)	+	d:Fungi,p:Ascomycota,c:Lecanoromycetes,o:Teloschistales,f:Teloschistaceae,g:Athallia
Otu2453	d:Fungi(0.9800),p:Basidiomycota(0.3200),c:Agaricomycetes(0.2900),o:Agaricales(0.2000),f:Entorrhizaceae(0.1400),g:Entorrhiza(0.1400),s:Entorrhiza_aschersoniana_SH523879.07FU(0.0900)	+	d:Fungi
Otu2456	d:Fungi(0.9300),p:Basidiomycota(0.2400),c:Agaricomycetes(0.1300),o:Harpellales(0.1200),f:Legeriomycetaceae(0.1200),g:Smittium(0.1200),s:Smittium_morbosum_SH471714.07FU(0.1200)	+	d:Fungi
Otu2464	d:Fungi(1.0000),p:Basidiomycota(0.9700),c:Tremellomycetes(0.9700),o:Cystofilobasidiales(0.9600)	+	d:Fungi,p:Basidiomycota,c:Tremellomycetes,o:Cystofilobasidiales
Otu2461	d:Fungi(1.0000)	+	d:Fungi
Otu2465	d:Fungi(1.0000),p:Ascomycota(1.0000),c:Dothideomycetes(1.0000),o:Pleosporales(1.0000),f:Pleosporaceae(1.0000)	+	d:Fungi,p:Ascomycota,c:Dothideomycetes,o:Pleosporales,f:Pleosporaceae
Otu2460	d:Fungi(1.0000),p:Ascomycota(1.0000),c:Orbiliomycetes(1.0000),o:Orbiliales(1.0000),f:Orbiliaceae(1.0000),g:Orbilia(1.0000),s:Orbilia_rectispora_SH206612.07FU(1.0000)	+	d:Fungi,p:Ascomycota,c:Orbiliomycetes,o:Orbiliales,f:Orbiliaceae,g:Orbilia,s:Orbilia_rectispora_SH206612.07FU
Otu2462	d:Fungi(1.0000),p:Basidiomycota(0.5200),c:Tremellomycetes(0.5100),o:Tremellales(0.5000),f:Bulleraceae(0.4600),g:Bullera(0.4600),s:Bullera_crocea_SH209709.07FU(0.4600)	+	d:Fungi
Otu2467	d:Fungi(1.0000),p:Ascomycota(1.0000),c:Leotiomycetes(1.0000),o:Helotiales(1.0000)	+	d:Fungi,p:Ascomycota,c:Leotiomycetes,o:Helotiales
Otu2469	d:Fungi(1.0000),p:Basidiomycota(1.0000),c:Agaricomycetes(1.0000),o:Cantharellales(1.0000),f:Ceratobasidiaceae(1.0000),g:Ceratobasidium(0.0500)	+	d:Fungi,p:Basidiomycota,c:Agaricomycetes,o:Cantharellales,f:Ceratobasidiaceae
Otu2459	d:Fungi(1.0000),p:Ascomycota(0.9900),c:Leotiomycetes(0.9800),o:Helotiales(0.9800),f:Hyaloscyphaceae(0.6600),g:Cistella(0.6600),s:Cistella_albidolutea_SH198116.07FU(0.6600)	+	d:Fungi,p:Ascomycota,c:Leotiomycetes,o:Helotiales
Otu2463	d:Fungi(1.0000),p:Ascomycota(1.0000),c:Sordariomycetes(1.0000),o:Sordariales(1.0000),f:Chaetomiaceae(1.0000)	+	d:Fungi,p:Ascomycota,c:Sordariomycetes,o:Sordariales,f:Chaetomiaceae
Otu2466	d:Fungi(1.0000),p:Ascomycota(1.0000),c:Dothideomycetes(1.0000),o:Capnodiales(1.0000),f:Mycosphaerellaceae(1.0000),g:Zymoseptoria(0.8500),s:Zymoseptoria_halophila_SH195828.07FU(0.2500)	+	d:Fungi,p:Ascomycota,c:Dothideomycetes,o:Capnodiales,f:Mycosphaerellaceae,g:Zymoseptoria
Otu2470	d:Fungi(1.0000),p:Ascomycota(1.0000),c:Sordariomycetes(0.9900),o:Myrmecridiales(0.9900),f:Myrmecridiaceae(0.9900),g:Myrmecridium(0.9900),s:Myrmecridium_banksiae_SH130958.07FU(0.8200)	+	d:Fungi,p:Ascomycota,c:Sordariomycetes,o:Myrmecridiales,f:Myrmecridiaceae,g:Myrmecridium,s:Myrmecridium_banksiae_SH130958.07FU
Otu2471	d:Fungi(1.0000),p:Basidiomycota(1.0000),c:Microbotryomycetes(1.0000),o:Leucosporidiales(1.0000),f:Leucosporidiaceae(1.0000),g:Leucosporidium(1.0000),s:Leucosporidium_fragarium_SH193772.07FU(0.9800)	+	d:Fungi,p:Basidiomycota,c:Microbotryomycetes,o:Leucosporidiales,f:Leucosporidiaceae,g:Leucosporidium,s:Leucosporidium_fragarium_SH193772.07FU
Otu2475	d:Fungi(1.0000),p:Basidiomycota(1.0000),c:Tremellomycetes(0.3600),o:Tremellales(0.3600),f:Bulleribasidiaceae(0.3600),g:Dioszegia(0.3600),s:Dioszegia_fristingensis_SH209723.07FU(0.3200)	+	d:Fungi,p:Basidiomycota
Otu2468	d:Fungi(1.0000),p:Ascomycota(0.2000),c:Eurotiomycetes(0.2000),o:Chaetothyriales(0.2000)	+	d:Fungi
Otu2472	d:Fungi(1.0000),p:Basidiomycota(0.9600),c:Tremellomycetes(0.9300),o:Tremellales(0.9200),f:Bulleribasidiaceae(0.9200),g:Vishniacozyma(0.9200),s:Vishniacozyma_dimennae_SH203797.07FU(0.7300)	+	d:Fungi,p:Basidiomycota,c:Tremellomycetes,o:Tremellales,f:Bulleribasidiaceae,g:Vishniacozyma
Otu2476	d:Fungi(1.0000),p:Basidiomycota(0.1600),c:Agaricomycetes(0.1200),o:Agaricales(0.0800),f:Inocybaceae(0.0500),g:Inocybe(0.0500),s:Limacella_delicata_SH210694.07FU(0.0100)	+	d:Fungi
Otu2474	d:Fungi(1.0000),p:Ascomycota(1.0000),c:Leotiomycetes(1.0000),o:Helotiales(1.0000),f:Helotiaceae(1.0000),g:Articulospora(1.0000)	+	d:Fungi,p:Ascomycota,c:Leotiomycetes,o:Helotiales,f:Helotiaceae,g:Articulospora
Otu2481	d:Fungi(0.7100),p:Cercozoa(0.2900),c:Xylonomycetes(0.0200),o:Symbiotaphrinales(0.0200),f:Symbiotaphrinaceae(0.0200),g:Symbiotaphrina(0.0200),s:Symbiotaphrina_kochii_SH021199.07FU(0.0200)	+	
Otu2480	d:Fungi(1.0000),p:Basidiomycota(1.0000),c:Tremellomycetes(1.0000),o:Tremellales(0.2200),f:Bulleribasidiaceae(0.2200),g:Vishniacozyma(0.2200),s:Vishniacozyma_victoriae_SH181632.07FU(0.1800)	+	d:Fungi,p:Basidiomycota,c:Tremellomycetes
Otu2473	d:Fungi(1.0000),p:Ascomycota(0.9600),c:Leotiomycetes(0.9500),o:Helotiales(0.9500),f:Helotiaceae(0.9500),g:Articulospora(0.8500),s:Articulospora_proliferata_SH083259.07FU(0.1000)	+	d:Fungi,p:Ascomycota,c:Leotiomycetes,o:Helotiales,f:Helotiaceae,g:Articulospora
Otu2486	d:Fungi(1.0000),p:Ascomycota(1.0000),c:Eurotiomycetes(1.0000),o:Verrucariales(1.0000),f:Verrucariaceae(1.0000),g:Verrucaria(1.0000),s:Verrucaria_nigrescens_SH021091.07FU(1.0000)	+	d:Fungi,p:Ascomycota,c:Eurotiomycetes,o:Verrucariales,f:Verrucariaceae,g:Verrucaria,s:Verrucaria_nigrescens_SH021091.07FU
Otu2477	d:Fungi(1.0000),p:Basidiomycota(0.2500),c:Tremellomycetes(0.2400),o:Tremellales(0.2400),f:Bulleraceae(0.1900),g:Bullera(0.1900),s:Bullera_crocea_SH209709.07FU(0.1900)	+	d:Fungi
Otu2479	d:Fungi(1.0000),p:Ascomycota(0.9500),c:Sordariomycetes(0.9200),o:Microascales(0.4400),f:Ceratocystidaceae(0.4200),g:Ceratocystis(0.4200),s:Hyaloseta_nolinae_SH489468.07FU(0.0300)	+	d:Fungi,p:Ascomycota,c:Sordariomycetes
Otu2478	d:Fungi(1.0000),p:Basidiomycota(0.5500),c:Tremellomycetes(0.5400),o:Tremellales(0.5400),f:Bulleraceae(0.4800),g:Bullera(0.4800),s:Bullera_crocea_SH209709.07FU(0.4800)	+	d:Fungi
Otu2483	d:Rhizaria(0.7400),p:Cercozoa(0.7400),c:Agaricomycetes(0.0400),o:Agaricales(0.0200),f:Orbiliaceae(0.0200),g:Orbilia(0.0200),s:Symbiotaphrina_buchneri_SH643910.07FU(0.0200)	+	
Otu2487	d:Fungi(1.0000),p:Basidiomycota(0.4600),c:Agaricomycetes(0.3400),o:Agaricales(0.1700),f:Bulleribasidiaceae(0.0700),g:Inocybe(0.0700),s:Symbiotaphrina_buchneri_SH643910.07FU(0.0300)	+	d:Fungi
Otu2489	d:Fungi(1.0000),p:Ascomycota(0.5300),c:Dothideomycetes(0.3300),o:Pleosporales(0.3100),f:Corynesporascaceae(0.1300),g:Corynespora(0.1300),s:Corynespora_torulosa_SH197591.07FU(0.1300)	+	d:Fungi
Otu2485	d:Fungi(1.0000),p:Ascomycota(1.0000),c:Leotiomycetes(0.4200),o:Helotiales(0.4200)	+	d:Fungi,p:Ascomycota
Otu2491	d:Fungi(1.0000),p:Ascomycota(0.6700),c:Dothideomycetes(0.6700),o:Venturiales(0.6700),f:Sympoventuriaceae(0.6700),g:Scolecobasidium(0.6700)	+	d:Fungi
Otu2493	d:Fungi(1.0000),p:Ascomycota(0.8900),c:Sordariomycetes(0.2300),o:Hypocreales(0.2300),f:Stachybotryaceae(0.2300),g:Paramyrothecium(0.1300),s:Paramyrothecium_cupuliforme_SH630920.07FU(0.1300)	+	d:Fungi,p:Ascomycota
Otu2494	d:Fungi(1.0000),p:Chytridiomycota(0.0700)	+	d:Fungi
Otu2482	d:Fungi(1.0000),p:Ascomycota(0.2100),c:Dothideomycetes(0.2100),o:Pleosporales(0.2100),f:Pleosporaceae(0.0900),g:Alternaria(0.0900)	+	d:Fungi
Otu2495	d:Fungi(1.0000),p:Chytridiomycota(0.4700),c:Lobulomycetes(0.2900),o:Lobulomycetales(0.2900),f:Lobulomycetaceae(0.2900),g:Clydaea(0.2600),s:Lobulomyces_poculatus_SH029498.07FU(0.0200)	+	d:Fungi
Otu2492	d:Fungi(1.0000),p:Basidiomycota(0.5300),c:Tremellomycetes(0.5100),o:Tremellales(0.5100),f:Bulleraceae(0.4700),g:Bullera(0.4700),s:Bullera_crocea_SH209709.07FU(0.4700)	+	d:Fungi
Otu2484	d:Fungi(1.0000),p:Basidiomycota(1.0000),c:Tremellomycetes(0.3700),o:Tremellales(0.3700),f:Bulleribasidiaceae(0.3700),g:Dioszegia(0.3700),s:Dioszegia_fristingensis_SH209723.07FU(0.2900)	+	d:Fungi,p:Basidiomycota
Otu2488	d:Fungi(1.0000),p:Basidiomycota(0.2400),c:Tremellomycetes(0.2400),o:Tremellales(0.2300),f:Bulleraceae(0.1500),g:Bullera(0.1500),s:Bullera_crocea_SH209709.07FU(0.1500)	+	d:Fungi
Otu2498	d:Fungi(1.0000),p:Ascomycota(1.0000),c:Dothideomycetes(0.9700),o:Capnodiales(0.0200),f:Mycosphaerellaceae(0.0200),g:Stenella(0.0200),s:Stenella_araguata_SH631423.07FU(0.0200)	+	d:Fungi,p:Ascomycota,c:Dothideomycetes
Otu2499	d:Fungi(1.0000),p:Basidiomycota(1.0000),c:Tremellomycetes(0.0300),o:Holtermanniales(0.0300),f:Holtermanniales_fam_Incertae_sedis(0.0300),g:Holtermanniella(0.0300),s:Holtermanniella_takashimae_SH190741.07FU(0.0300)	+	d:Fungi,p:Basidiomycota
Otu2501	d:Fungi(1.0000),p:Basidiomycota(0.7900),c:Agaricostilbomycetes(0.4000),o:Agaricostilbales(0.4000),f:Kondoaceae(0.3800),g:Kondoa(0.3800),s:Geastrum_xerophilum_SH025423.07FU(0.0800)	+	d:Fungi
Otu2490	d:Fungi(1.0000),p:Basidiomycota(1.0000),c:Agaricomycetes(1.0000),o:Corticiales(1.0000),f:Vuilleminiaceae(1.0000),g:Vuilleminia(1.0000),s:Vuilleminia_comedens_SH193217.07FU(0.9700)	+	d:Fungi,p:Basidiomycota,c:Agaricomycetes,o:Corticiales,f:Vuilleminiaceae,g:Vuilleminia,s:Vuilleminia_comedens_SH193217.07FU
Otu2496	d:Fungi(1.0000),p:Basidiomycota(0.2600),c:Tremellomycetes(0.2600),o:Tremellales(0.2600),f:Bulleraceae(0.2100),g:Bullera(0.2100),s:Bullera_crocea_SH209709.07FU(0.2100)	+	d:Fungi
Otu2497	d:Fungi(1.0000),p:Basidiomycota(1.0000),c:Agaricomycetes(1.0000),o:Cantharellales(1.0000),f:Ceratobasidiaceae(1.0000),g:Thanatephorus(0.0800),s:Thanatephorus_cucumeris_SH218701.07FU(0.0400)	+	d:Fungi,p:Basidiomycota,c:Agaricomycetes,o:Cantharellales,f:Ceratobasidiaceae
Otu2505	d:Fungi(1.0000),p:Basidiomycota(0.0300),c:Tremellomycetes(0.0300),o:Filobasidiales(0.0200),f:Filobasidiaceae(0.0200),g:Filobasidium(0.0200),s:Filobasidium_chernovii_SH197624.07FU(0.0100)	+	d:Fungi
Otu2507	d:Fungi(1.0000),p:Basidiomycota(1.0000),c:Tremellomycetes(0.0400),o:Holtermanniales(0.0300),f:Holtermanniales_fam_Incertae_sedis(0.0300),g:Holtermanniella(0.0300),s:Holtermanniella_takashimae_SH190741.07FU(0.0300)	+	d:Fungi,p:Basidiomycota
Otu2506	d:Fungi(1.0000),p:Chytridiomycota(0.3900),c:Agaricomycetes(0.1400),o:Rhizophydiales(0.1200),f:Rhizophydiales_fam_Incertae_sedis(0.1200),g:Coralloidiomyces(0.1200),s:Coralloidiomyces_digitatus_SH461375.07FU(0.1200)	+	d:Fungi
Otu2511	d:Fungi(0.8600),p:Basidiomycota(0.2400),c:Agaricomycetes(0.2300),o:Agaricales(0.1400),f:Symbiotaphrinaceae(0.0900),g:Symbiotaphrina(0.0900),s:Symbiotaphrina_kochii_SH021199.07FU(0.0500)	+	d:Fungi
Otu2503	d:Fungi(1.0000),p:Basidiomycota(1.0000),c:Agaricomycetes(1.0000),o:Agaricales(1.0000),f:Psathyrellaceae(0.6500),g:Psathyrella(0.6500),s:Psathyrella_panaeoloides_SH175228.07FU(0.5900)	+	d:Fungi,p:Basidiomycota,c:Agaricomycetes,o:Agaricales
Otu2500	d:Fungi(1.0000),p:Basidiomycota(1.0000),c:Tremellomycetes(1.0000),o:Tremellales(1.0000),f:Bulleribasidiaceae(1.0000),g:Vishniacozyma(1.0000),s:Vishniacozyma_victoriae_SH181632.07FU(1.0000)	+	d:Fungi,p:Basidiomycota,c:Tremellomycetes,o:Tremellales,f:Bulleribasidiaceae,g:Vishniacozyma,s:Vishniacozyma_victoriae_SH181632.07FU
Otu2502	d:Fungi(1.0000),p:Ascomycota(0.0900),c:Pezizomycetes(0.0900),o:Pezizales(0.0900),f:Ascobolaceae(0.0900),g:Ascobolus(0.0500)	+	d:Fungi
Otu2508	d:Fungi(1.0000),p:Ascomycota(0.0200),c:Sordariomycetes(0.0200),o:Sordariales(0.0100),f:Chaetomiaceae(0.0100),g:Coniochaeta(0.0100)	+	d:Fungi
Otu2504	d:Fungi(1.0000),p:Ascomycota(0.8400),c:Dothideomycetes(0.7700),o:Pleosporales(0.7000),f:Phaeosphaeriaceae(0.6100),g:Chaetosphaeronema(0.1500),s:Phoma_puncteliae_SH005849.07FU(0.0300)	+	d:Fungi,p:Ascomycota
Otu2509	d:Fungi(1.0000),p:Basidiomycota(0.9900),c:Tremellomycetes(0.0500),o:Holtermanniales(0.0300),f:Holtermanniales_fam_Incertae_sedis(0.0300),g:Holtermanniella(0.0300),s:Holtermanniella_takashimae_SH190741.07FU(0.0300)	+	d:Fungi,p:Basidiomycota
Otu2510	d:Fungi(1.0000),p:Chytridiomycota(0.0200),c:Glomeromycetes(0.0100),o:Rhizophydiales(0.0100),f:Gigasporaceae(0.0100),g:Gigaspora(0.0100),s:Gigaspora_margarita_SH630873.07FU(0.0100)	+	d:Fungi
Otu2512	d:Fungi(1.0000),p:Ascomycota(1.0000),c:Leotiomycetes(0.9800),o:Helotiales(0.9800),f:Helotiaceae(0.9800),g:Articulospora(0.9800)	+	d:Fungi,p:Ascomycota,c:Leotiomycetes,o:Helotiales,f:Helotiaceae,g:Articulospora
Otu2513	d:Fungi(1.0000),p:Basidiomycota(0.3400),c:Agaricomycetes(0.3200),o:Diversisporales(0.1000),f:Acaulosporaceae(0.1000),g:Acaulospora(0.0600),s:Loweomyces_wynneae_SH218184.07FU(0.0400)	+	d:Fungi
Otu2514	d:Fungi(1.0000),p:Ascomycota(1.0000),c:Sordariomycetes(1.0000),o:Hypocreales(1.0000),f:Stachybotryaceae(1.0000)	+	d:Fungi,p:Ascomycota,c:Sordariomycetes,o:Hypocreales,f:Stachybotryaceae
Otu2518	d:Fungi(1.0000),p:Ascomycota(1.0000),c:Dothideomycetes(1.0000),o:Pleosporales(1.0000),f:Pleosporales_fam_Incertae_sedis(0.0100),g:Phoma(0.0100),s:Leptosphaeria_proteicola_SH192135.07FU(0.0100)	+	d:Fungi,p:Ascomycota,c:Dothideomycetes,o:Pleosporales
Otu2522	d:Fungi(0.9200),p:Ascomycota(0.3600),c:Dothideomycetes(0.1800),o:Agaricales(0.1200),f:Pleosporaceae(0.1200),g:Alternaria(0.1200),s:Alternaria_cinerariae_SH216796.07FU(0.1100)	+	d:Fungi
Otu2520	d:Fungi(1.0000),p:Ascomycota(1.0000),c:Dothideomycetes(1.0000),o:Pleosporales(1.0000),f:Periconiaceae(1.0000),g:Periconia(1.0000)	+	d:Fungi,p:Ascomycota,c:Dothideomycetes,o:Pleosporales,f:Periconiaceae,g:Periconia
Otu2517	d:Fungi(1.0000),p:Ascomycota(1.0000),c:Eurotiomycetes(0.9900),o:Chaetothyriales(0.9900),f:Herpotrichiellaceae(0.6500),g:Exophiala(0.4100),s:Veronaea_japonica_SH015499.07FU(0.0700)	+	d:Fungi,p:Ascomycota,c:Eurotiomycetes,o:Chaetothyriales
Otu2515	d:Fungi(1.0000),p:Basidiomycota(1.0000),c:Tremellomycetes(0.0400),o:Holtermanniales(0.0300),f:Holtermanniales_fam_Incertae_sedis(0.0300),g:Holtermanniella(0.0300),s:Holtermanniella_takashimae_SH190741.07FU(0.0300)	+	d:Fungi,p:Basidiomycota
Otu2516	d:Fungi(1.0000),p:Ascomycota(1.0000),c:Leotiomycetes(1.0000),o:Helotiales(1.0000),f:Helotiaceae(0.8800),g:Crocicreas(0.4600),s:Tatraea_macrospora_SH493129.07FU(0.1000)	+	d:Fungi,p:Ascomycota,c:Leotiomycetes,o:Helotiales,f:Helotiaceae
Otu2523	d:Fungi(1.0000),p:Ascomycota(0.7500),c:Dothideomycetes(0.7000),o:Pleosporales(0.7000),f:Phaeosphaeriaceae(0.4300),g:Phaeosphaeria(0.4300),s:Phaeosphaeria_podocarpi_SH182930.07FU(0.4300)	+	d:Fungi
Otu2526	d:Fungi(1.0000),p:Basidiomycota(1.0000),c:Agaricomycetes(1.0000),o:Cantharellales(1.0000),f:Cantharellales_fam_Incertae_sedis(1.0000),g:Sistotrema(1.0000),s:Sistotrema_sernanderi_SH016916.07FU(1.0000)	+	d:Fungi,p:Basidiomycota,c:Agaricomycetes,o:Cantharellales,f:Cantharellales_fam_Incertae_sedis,g:Sistotrema,s:Sistotrema_sernanderi_SH016916.07FU
Otu2524	d:Fungi(1.0000),p:Ascomycota(1.0000),c:Leotiomycetes(0.2600),o:Helotiales(0.2600)	+	d:Fungi,p:Ascomycota
Otu2527	d:Fungi(1.0000),p:Ascomycota(1.0000),c:Sordariomycetes(1.0000),o:Xylariales(1.0000),f:Xylariaceae(1.0000),g:Hypoxylon(1.0000),s:Hypoxylon_fuscum_SH207457.07FU(0.6500)	+	d:Fungi,p:Ascomycota,c:Sordariomycetes,o:Xylariales,f:Xylariaceae,g:Hypoxylon
Otu2525	d:Fungi(1.0000),p:Basidiomycota(0.3400),c:Agaricomycetes(0.2800),o:Agaricales(0.1100),f:Stereopsidaceae(0.0600),g:Clavulicium(0.0500),s:Clavulicium_globosum_SH463713.07FU(0.0500)	+	d:Fungi
Otu2519	d:Fungi(1.0000),p:Ascomycota(0.2900),c:Eurotiomycetes(0.2400),o:Chaetothyriales(0.2400),f:Herpotrichiellaceae(0.2400),g:Coniosporium(0.2400),s:Coniosporium_apollinis_SH186600.07FU(0.0800)	+	d:Fungi
Otu2532	d:Fungi(1.0000),p:Ascomycota(1.0000),c:Leotiomycetes(0.0100),o:Helotiales(0.0100),f:Helotiales_fam_Incertae_sedis(0.0100),g:Cadophora(0.0100)	+	d:Fungi,p:Ascomycota
Otu2531	d:Fungi(1.0000),p:Glomeromycota(0.0100),c:Glomeromycetes(0.0100),o:Glomerales(0.0100),f:Glomeraceae(0.0100),g:Angulomyces(0.0100),s:Angulomyces_argentinensis_SH030264.07FU(0.0100)	+	d:Fungi
Otu2533	d:Fungi(1.0000),p:Mortierellomycota(0.3900),c:Mortierellomycetes(0.3900),o:Mortierellales(0.3900),f:Mortierellaceae(0.3900),g:Schizothecium(0.0400),s:Schizothecium_glutinans_SH201189.07FU(0.0400)	+	d:Fungi
Otu2528	d:Fungi(1.0000),p:Ascomycota(1.0000),c:Eurotiomycetes(1.0000),o:Verrucariales(1.0000),f:Verrucariaceae(1.0000),g:Verrucaria(0.9200),s:Verrucaria_lapidicola_SH195264.07FU(0.8600)	+	d:Fungi,p:Ascomycota,c:Eurotiomycetes,o:Verrucariales,f:Verrucariaceae,g:Verrucaria,s:Verrucaria_lapidicola_SH195264.07FU
Otu2537	d:Fungi(1.0000),p:Ascomycota(0.9900),c:Sordariomycetes(0.9900),o:Hypocreales(0.9900),f:Bionectriaceae(0.7900),g:Clonostachys(0.0700),s:Clonostachys_miodochialis_SH182680.07FU(0.0700)	+	d:Fungi,p:Ascomycota,c:Sordariomycetes,o:Hypocreales
Otu2529	d:Fungi(1.0000),p:Basidiomycota(0.4000),c:Agaricomycetes(0.3400),o:Agaricales(0.2000),f:Inocybaceae(0.1200),g:Inocybe(0.1200),s:Inocybe_rhodella_SH006787.07FU(0.0700)	+	d:Fungi
Otu2539	d:Fungi(1.0000),p:Basidiomycota(1.0000),c:Agaricomycetes(1.0000),o:Agaricales(1.0000),f:Bolbitiaceae(1.0000),g:Pholiotina(0.9800),s:Pholiotina_sulcata_SH006008.07FU(0.9800)	+	d:Fungi,p:Basidiomycota,c:Agaricomycetes,o:Agaricales,f:Bolbitiaceae,g:Pholiotina,s:Pholiotina_sulcata_SH006008.07FU
Otu2534	d:Fungi(1.0000),p:Ascomycota(0.9900),c:Leotiomycetes(0.9900),o:Helotiales(0.9900),f:Helotiaceae(0.9500),g:Crocicreas(0.6800),s:Crocicreas_cyathoideum_SH198398.07FU(0.6100)	+	d:Fungi,p:Ascomycota,c:Leotiomycetes,o:Helotiales,f:Helotiaceae
Otu2541	d:Fungi(0.9900),p:Basidiomycota(0.3700),c:Agaricomycetes(0.3200),o:Agaricales(0.2200),f:Entorrhizaceae(0.0800),g:Entorrhiza(0.0800),s:Entorrhiza_aschersoniana_SH523879.07FU(0.0300)	+	d:Fungi
Otu2538	d:Fungi(1.0000),p:Basidiomycota(0.5500),c:Agaricomycetes(0.3400),o:Agaricales(0.1400),f:Ceratobasidiaceae(0.0700),g:Amanita(0.0400),s:Genolevuria_armeniaca_SH497080.07FU(0.0200)	+	d:Fungi
Otu2521	d:Fungi(1.0000),p:Basidiomycota(0.0200),c:Tremellomycetes(0.0200),o:Filobasidiales(0.0200),f:Filobasidiaceae(0.0200),g:Filobasidium(0.0200),s:Filobasidium_chernovii_SH197624.07FU(0.0100)	+	d:Fungi
Otu2543	d:Fungi(1.0000),p:Ascomycota(0.9800),c:Leotiomycetes(0.9800),o:Helotiales(0.9600),f:Helotiaceae(0.4000),g:Crocicreas(0.0100)	+	d:Fungi,p:Ascomycota,c:Leotiomycetes,o:Helotiales
Otu2542	d:Fungi(1.0000),p:Chytridiomycota(1.0000)	+	d:Fungi,p:Chytridiomycota
Otu2545	d:Fungi(1.0000),p:Basidiomycota(0.2100),c:Tremellomycetes(0.2100),o:Tremellales(0.2100),f:Bulleraceae(0.1700),g:Bullera(0.1700),s:Bullera_crocea_SH209709.07FU(0.1700)	+	d:Fungi
Otu2530	d:Fungi(1.0000),p:Ascomycota(1.0000),c:Dothideomycetes(1.0000),o:Pleosporales(1.0000),f:Periconiaceae(1.0000),g:Periconia(1.0000)	+	d:Fungi,p:Ascomycota,c:Dothideomycetes,o:Pleosporales,f:Periconiaceae,g:Periconia
Otu2546	d:Fungi(1.0000),p:Basidiomycota(0.5200),c:Tremellomycetes(0.4900),o:Tremellales(0.4900),f:Bulleraceae(0.4400),g:Bullera(0.4400),s:Bullera_crocea_SH209709.07FU(0.4400)	+	d:Fungi
Otu2548	d:Fungi(1.0000),p:Basidiomycota(1.0000),c:Tremellomycetes(0.0400),o:Holtermanniales(0.0300),f:Holtermanniales_fam_Incertae_sedis(0.0300),g:Holtermanniella(0.0300),s:Holtermanniella_takashimae_SH190741.07FU(0.0300)	+	d:Fungi,p:Basidiomycota
Otu2544	d:Fungi(1.0000),p:Ascomycota(0.6900),c:Dothideomycetes(0.6900),o:Capnodiales(0.6900),f:Cladosporiaceae(0.6900),g:Cladosporium(0.6900),s:Cladosporium_grevilleae_SH176536.07FU(0.6500)	+	d:Fungi
Otu2535	d:Fungi(0.9700),p:Basidiomycota(0.2900),c:Agaricomycetes(0.2100),o:Orbiliales(0.0700),f:Glomeraceae(0.0700),g:Orbilia(0.0500),s:Symbiotaphrina_kochii_SH021199.07FU(0.0200)	+	d:Fungi
Otu2547	d:Fungi(1.0000),p:Basidiomycota(0.4100),c:Cystobasidiomycetes(0.1800),o:Erythrobasidiales(0.1700),f:Erythrobasidiaceae(0.1100),g:Erythrobasidium(0.1000),s:Sakaguchia_dacryoidea_SH198857.07FU(0.0200)	+	d:Fungi
Otu2536	d:Fungi(1.0000),p:Ascomycota(1.0000),c:Dothideomycetes(1.0000),o:Pleosporales(1.0000)	+	d:Fungi,p:Ascomycota,c:Dothideomycetes,o:Pleosporales
Otu2551	d:Fungi(1.0000),p:Chytridiomycota(0.3700),c:Xylonomycetes(0.2600),o:Symbiotaphrinales(0.2600),f:Symbiotaphrinaceae(0.2600),g:Symbiotaphrina(0.2600),s:Symbiotaphrina_buchneri_SH643910.07FU(0.1700)	+	d:Fungi
Otu2550	d:Fungi(1.0000),p:Basidiomycota(0.6200),c:Agaricomycetes(0.6200),o:Corticiales(0.6200),f:Corticiaceae(0.6200),g:Limonomyces(0.6200),s:Limonomyces_culmigenus_SH180079.07FU(0.6200)	+	d:Fungi
Otu2552	d:Fungi(1.0000),p:Basidiomycota(0.9900),c:Tremellomycetes(0.0400),o:Holtermanniales(0.0300),f:Holtermanniales_fam_Incertae_sedis(0.0300),g:Holtermanniella(0.0300),s:Holtermanniella_takashimae_SH190741.07FU(0.0300)	+	d:Fungi,p:Basidiomycota
Otu2553	d:Fungi(1.0000),p:Basidiomycota(1.0000),c:Tremellomycetes(0.3900),o:Tremellales(0.3900),f:Bulleribasidiaceae(0.3900),g:Dioszegia(0.3900),s:Dioszegia_fristingensis_SH209723.07FU(0.2800)	+	d:Fungi,p:Basidiomycota
Otu2540	d:Fungi(1.0000),p:Basidiomycota(0.4600),c:Tremellomycetes(0.4600),o:Tremellales(0.4600),f:Nectriaceae(0.4100),g:Cryptococcus(0.3400),s:Cryptococcus_laurentii_SH020118.07FU(0.1600)	+	d:Fungi
Otu2561	d:Fungi(1.0000),p:Chytridiomycota(0.0200)	+	d:Fungi
Otu2559	d:Fungi(0.9000),p:Basidiomycota(0.1800),c:Agaricomycetes(0.1600),o:Agaricales(0.0600),f:Tricholomataceae(0.0200),g:Postia(0.0200),s:Postia_floriformis_SH189191.07FU(0.0200)	+	d:Fungi
Otu2560	d:Fungi(1.0000),p:Basidiomycota(1.0000),c:Tremellomycetes(1.0000),o:Tremellales(1.0000),f:Bulleraceae(1.0000),g:Bullera(1.0000),s:Bullera_alba_SH215453.07FU(1.0000)	+	d:Fungi,p:Basidiomycota,c:Tremellomycetes,o:Tremellales,f:Bulleraceae,g:Bullera,s:Bullera_alba_SH215453.07FU
Otu2558	d:Fungi(1.0000),p:Chytridiomycota(0.4500),c:Rhizophydiomycetes(0.1200),o:Rhizophydiales(0.1200),f:Rhizophydiaceae(0.1000),g:Rhizophydium(0.1000),s:Symbiotaphrina_kochii_SH021199.07FU(0.0200)	+	d:Fungi
Otu2554	d:Fungi(1.0000),p:Ascomycota(0.1700),c:Leotiomycetes(0.1600),o:Helotiales(0.1600)	+	d:Fungi
Otu2556	d:Fungi(1.0000),p:Ascomycota(1.0000),c:Dothideomycetes(1.0000),o:Dothideales(0.8900),f:Dothioraceae(0.8600),g:Perusta(0.8300),s:Perusta_inaequalis_SH206394.07FU(0.8300)	+	d:Fungi,p:Ascomycota,c:Dothideomycetes,o:Dothideales,f:Dothioraceae,g:Perusta,s:Perusta_inaequalis_SH206394.07FU
Otu2549	d:Fungi(1.0000),p:Ascomycota(0.8500),c:Orbiliomycetes(0.3800),o:Orbiliales(0.3800),f:Orbiliaceae(0.3600),g:Orbilia(0.2800),s:Symbiotaphrina_kochii_SH021199.07FU(0.0600)	+	d:Fungi,p:Ascomycota
Otu2565	d:Fungi(1.0000),p:Chytridiomycota(1.0000),c:Spizellomycetes(1.0000),o:Spizellomycetales(1.0000),f:Powellomycetaceae(1.0000),g:Powellomyces(1.0000)	+	d:Fungi,p:Chytridiomycota,c:Spizellomycetes,o:Spizellomycetales,f:Powellomycetaceae,g:Powellomyces
Otu2557	d:Fungi(1.0000),p:Ascomycota(0.9800),c:Eurotiomycetes(0.9800),o:Onygenales(0.9800),f:Onygenales_fam_Incertae_sedis(0.9800),g:Chrysosporium(0.9800)	+	d:Fungi,p:Ascomycota,c:Eurotiomycetes,o:Onygenales,f:Onygenales_fam_Incertae_sedis,g:Chrysosporium
Otu2563	d:Fungi(1.0000),p:Chytridiomycota(0.3500),c:Agaricomycetes(0.1700),o:Rhizophydiales(0.1300),f:Rhizophydiales_fam_Incertae_sedis(0.1100),g:Coralloidiomyces(0.1100),s:Coralloidiomyces_digitatus_SH461375.07FU(0.1100)	+	d:Fungi
Otu2566	d:Fungi(0.9900),p:Basidiomycota(0.2300),c:Agaricomycetes(0.2200),o:Diversisporales(0.0800),f:Acaulosporaceae(0.0800),g:Acaulospora(0.0500),s:Cantharellus_subalbidus_SH181063.07FU(0.0200)	+	d:Fungi
Otu2564	d:Fungi(1.0000),p:Basidiomycota(0.7400),c:Tremellomycetes(0.7400),o:Holtermanniales(0.7400),f:Holtermanniales_fam_Incertae_sedis(0.7400),g:Holtermanniella(0.7400),s:Holtermanniella_takashimae_SH526070.07FU(0.7400)	+	d:Fungi
Otu2568	d:Fungi(1.0000),p:Glomeromycota(0.2000),c:Glomeromycetes(0.1600),o:Glomerales(0.0900),f:Glomeraceae(0.0900),g:Dominikia(0.0300),s:Dominikia_achra_SH176102.07FU(0.0300)	+	d:Fungi
Otu2562	d:Fungi(1.0000),p:Basidiomycota(1.0000),c:Tremellomycetes(0.9800),o:Cystofilobasidiales(0.9800),f:Cystofilobasidiaceae(0.9800),g:Cystofilobasidium(0.9800),s:Cystofilobasidium_macerans_SH194015.07FU(0.9500)	+	d:Fungi,p:Basidiomycota,c:Tremellomycetes,o:Cystofilobasidiales,f:Cystofilobasidiaceae,g:Cystofilobasidium,s:Cystofilobasidium_macerans_SH194015.07FU
Otu2570	d:Fungi(1.0000),p:Ascomycota(0.0400)	+	d:Fungi
Otu2555	d:Fungi(1.0000),p:Ascomycota(0.9800),c:Eurotiomycetes(0.9600),o:Verrucariales(0.9400),f:Verrucariaceae(0.8800),g:Verrucaria(0.1300),s:Verruculopsis_lecideoides_SH008658.07FU(0.1000)	+	d:Fungi,p:Ascomycota,c:Eurotiomycetes,o:Verrucariales,f:Verrucariaceae
Otu2571	d:Fungi(1.0000),p:Basidiomycota(0.0300),c:Tremellomycetes(0.0300),o:Filobasidiales(0.0200),f:Filobasidiaceae(0.0200),g:Filobasidium(0.0200),s:Filobasidium_chernovii_SH197624.07FU(0.0100)	+	d:Fungi
Otu2569	d:Fungi(1.0000),p:Ascomycota(0.6700),c:Dothideomycetes(0.4000),o:Pleosporales(0.3900),f:Didymellaceae(0.3800),g:Didymella(0.3800),s:Symbiotaphrina_kochii_SH021199.07FU(0.0400)	+	d:Fungi
Otu2567	d:Fungi(1.0000),p:Basidiomycota(0.5000),c:Tremellomycetes(0.4900),o:Tremellales(0.4900),f:Bulleraceae(0.4400),g:Bullera(0.4400),s:Bullera_crocea_SH209709.07FU(0.4400)	+	d:Fungi
Otu2573	d:Fungi(1.0000),p:Basidiomycota(1.0000),c:Tremellomycetes(1.0000),o:Tremellales(0.0700),f:Bulleribasidiaceae(0.0700),g:Vishniacozyma(0.0700),s:Vishniacozyma_victoriae_SH181632.07FU(0.0400)	+	d:Fungi,p:Basidiomycota,c:Tremellomycetes
Otu2576	d:Fungi(1.0000),p:Ascomycota(1.0000),c:Dothideomycetes(1.0000),o:Capnodiales(1.0000),f:Capnodiales_fam_Incertae_sedis(1.0000),g:Microcyclospora(1.0000)	+	d:Fungi,p:Ascomycota,c:Dothideomycetes,o:Capnodiales,f:Capnodiales_fam_Incertae_sedis,g:Microcyclospora
Otu2579	d:Fungi(0.7500),p:Ascomycota(0.3600),c:Saccharomycetes(0.2800),o:Saccharomycetales(0.2800),f:Endogonales_fam_Incertae_sedis(0.0600),g:Densospora(0.0600),s:Mycosphaerella_angustifoliorum_SH206865.07FU(0.0200)	+	
Otu2577	d:Fungi(1.0000),p:Ascomycota(1.0000),c:Sordariomycetes(1.0000),o:Sordariales(1.0000),f:Lasiosphaeriaceae(1.0000),g:Podospora(0.9400),s:Cercophora_striata_SH630201.07FU(0.0200)	+	d:Fungi,p:Ascomycota,c:Sordariomycetes,o:Sordariales,f:Lasiosphaeriaceae,g:Podospora
Otu2572	d:Fungi(1.0000),p:Ascomycota(0.5800),c:Leotiomycetes(0.5400),o:Helotiales(0.5400),f:Helotiaceae(0.3800),g:Articulospora(0.2800),s:Calloria_urticae_SH529064.07FU(0.1000)	+	d:Fungi
Otu2574	d:Fungi(1.0000),p:Chytridiomycota(0.4800),c:Agaricomycetes(0.1000),o:Agaricales(0.0500),f:Russulaceae(0.0300),g:Lobulomyces(0.0300),s:Diversispora_arenaria_SH196892.07FU(0.0200)	+	d:Fungi
Otu2581	d:Fungi(1.0000),p:Basidiomycota(1.0000),c:Agaricomycetes(1.0000),o:Polyporales(1.0000),f:Meruliaceae(1.0000),g:Phlebia(1.0000),s:Phlebia_radiata_SH193705.07FU(0.9200)	+	d:Fungi,p:Basidiomycota,c:Agaricomycetes,o:Polyporales,f:Meruliaceae,g:Phlebia,s:Phlebia_radiata_SH193705.07FU
Otu2575	d:Fungi(1.0000),p:Ascomycota(1.0000),c:Leotiomycetes(1.0000),o:Erysiphales(1.0000),f:Erysiphaceae(1.0000),g:Podosphaera(1.0000),s:Podosphaera_astericola_SH178717.07FU(0.1400)	+	d:Fungi,p:Ascomycota,c:Leotiomycetes,o:Erysiphales,f:Erysiphaceae,g:Podosphaera
Otu2582	d:Fungi(1.0000),p:Chytridiomycota(1.0000)	+	d:Fungi,p:Chytridiomycota
Otu2583	d:Fungi(1.0000),p:Ascomycota(0.0500),c:Dothideomycetes(0.0500),o:Pleosporales(0.0500),f:Sporormiaceae(0.0100),g:Preussia(0.0100)	+	d:Fungi
Otu2580	d:Fungi(1.0000),p:Basidiomycota(1.0000),c:Tremellomycetes(1.0000),o:Tremellales(1.0000),f:Bulleribasidiaceae(1.0000),g:Vishniacozyma(1.0000),s:Vishniacozyma_victoriae_SH181632.07FU(1.0000)	+	d:Fungi,p:Basidiomycota,c:Tremellomycetes,o:Tremellales,f:Bulleribasidiaceae,g:Vishniacozyma,s:Vishniacozyma_victoriae_SH181632.07FU
Otu2586	d:Fungi(1.0000),p:Ascomycota(1.0000),c:Leotiomycetes(1.0000),o:Helotiales(1.0000),f:Leotiaceae(1.0000),g:Gorgomyces(1.0000),s:Gorgomyces_hungaricus_SH032312.07FU(1.0000)	+	d:Fungi,p:Ascomycota,c:Leotiomycetes,o:Helotiales,f:Leotiaceae,g:Gorgomyces,s:Gorgomyces_hungaricus_SH032312.07FU
Otu2585	d:Fungi(1.0000),p:Basidiomycota(1.0000),c:Tremellomycetes(0.0500),o:Holtermanniales(0.0400),f:Holtermanniales_fam_Incertae_sedis(0.0400),g:Holtermanniella(0.0400),s:Holtermanniella_takashimae_SH190741.07FU(0.0400)	+	d:Fungi,p:Basidiomycota
Otu2588	d:Fungi(1.0000),p:Basidiomycota(0.9600),c:Tremellomycetes(0.9300),o:Tremellales(0.9300),f:Bulleribasidiaceae(0.9300),g:Vishniacozyma(0.9300),s:Vishniacozyma_dimennae_SH203797.07FU(0.6500)	+	d:Fungi,p:Basidiomycota,c:Tremellomycetes,o:Tremellales,f:Bulleribasidiaceae,g:Vishniacozyma
Otu2590	d:Fungi(1.0000),p:Ascomycota(1.0000),c:Lecanoromycetes(1.0000),o:Lecanorales(1.0000),f:Pilocarpaceae(1.0000),g:Fellhanera(1.0000),s:Fellhanera_bouteillei_SH198915.07FU(1.0000)	+	d:Fungi,p:Ascomycota,c:Lecanoromycetes,o:Lecanorales,f:Pilocarpaceae,g:Fellhanera,s:Fellhanera_bouteillei_SH198915.07FU
Otu2584	d:Fungi(1.0000),p:Basidiomycota(0.5600),c:Tremellomycetes(0.5500),o:Tremellales(0.5500),f:Bulleraceae(0.4600),g:Bullera(0.4600),s:Bullera_crocea_SH209709.07FU(0.4600)	+	d:Fungi
Otu2591	d:Fungi(1.0000),p:Monoblepharomycota(1.0000),c:Monoblepharidomycetes(1.0000),o:Monoblepharidales(0.9800)	+	d:Fungi,p:Monoblepharomycota,c:Monoblepharidomycetes,o:Monoblepharidales
Otu2587	d:Fungi(1.0000),p:Basidiomycota(0.9700),c:Tremellomycetes(0.9400),o:Tremellales(0.9400),f:Bulleribasidiaceae(0.9400),g:Vishniacozyma(0.9400),s:Vishniacozyma_dimennae_SH203797.07FU(0.7500)	+	d:Fungi,p:Basidiomycota,c:Tremellomycetes,o:Tremellales,f:Bulleribasidiaceae,g:Vishniacozyma
Otu2596	d:Fungi(1.0000),p:Ascomycota(1.0000),c:Eurotiomycetes(1.0000),o:Chaetothyriales(1.0000),f:Herpotrichiellaceae(0.9300),g:Cladophialophora(0.8900),s:Cladophialophora_chaetospira_SH213273.07FU(0.5300)	+	d:Fungi,p:Ascomycota,c:Eurotiomycetes,o:Chaetothyriales,f:Herpotrichiellaceae,g:Cladophialophora
Otu2594	d:Fungi(1.0000),p:Basidiomycota(1.0000),c:Tremellomycetes(1.0000),o:Tremellales(1.0000),f:Bulleribasidiaceae(1.0000),g:Vishniacozyma(1.0000),s:Vishniacozyma_victoriae_SH181632.07FU(1.0000)	+	d:Fungi,p:Basidiomycota,c:Tremellomycetes,o:Tremellales,f:Bulleribasidiaceae,g:Vishniacozyma,s:Vishniacozyma_victoriae_SH181632.07FU
Otu2595	d:Fungi(1.0000),p:Ascomycota(1.0000),c:Leotiomycetes(0.9000),o:Helotiales(0.9000),f:Helotiaceae(0.8000),g:Hymenoscyphus(0.7900),s:Hymenoscyphus_albidus_SH198403.07FU(0.7700)	+	d:Fungi,p:Ascomycota,c:Leotiomycetes,o:Helotiales,f:Helotiaceae
Otu2593	d:Fungi(1.0000),p:Ascomycota(0.9800),c:Dothideomycetes(0.4900),o:Pleosporales(0.4900),f:Melanommataceae(0.2700),g:Prosthemium(0.0200),s:Beverwykella_pulmonaria_SH629774.07FU(0.0200)	+	d:Fungi,p:Ascomycota
Otu2592	d:Fungi(1.0000),p:Basidiomycota(0.4200),c:Agaricomycetes(0.4100),o:Agaricales(0.1800),f:Entorrhizaceae(0.0800),g:Entorrhiza(0.0800),s:Entorrhiza_casparyana_SH523632.07FU(0.0400)	+	d:Fungi
Otu2597	d:Fungi(1.0000),p:Chytridiomycota(0.2700),c:Glomeromycetes(0.1100),o:Glomerales(0.0600),f:Lobulomycetaceae(0.0600),g:Lobulomyces(0.0500),s:Diversispora_clara_SH196897.07FU(0.0200)	+	d:Fungi
Otu2598	d:Rhizaria(0.6300),p:Cercozoa(0.6300),c:Agaricomycetes(0.1000),o:Symbiotaphrinales(0.0900),f:Symbiotaphrinaceae(0.0900),g:Symbiotaphrina(0.0900),s:Symbiotaphrina_kochii_SH021199.07FU(0.0600)	+	
Otu2589	d:Fungi(1.0000),p:Chytridiomycota(0.5300),c:Spizellomycetes(0.1200),o:Spizellomycetales(0.1200),f:Serendipitaceae(0.0500),g:Cryptotrichosporon(0.0300),s:Cryptotrichosporon_tibetense_SH533912.07FU(0.0300)	+	d:Fungi
Otu2602	d:Fungi(1.0000),p:Ascomycota(1.0000),c:Dothideomycetes(1.0000),o:Pleosporales(1.0000)	+	d:Fungi,p:Ascomycota,c:Dothideomycetes,o:Pleosporales
Otu2600	d:Fungi(1.0000),p:Basidiomycota(0.9600),c:Tremellomycetes(0.9400),o:Tremellales(0.9400),f:Bulleribasidiaceae(0.9400),g:Vishniacozyma(0.9400),s:Vishniacozyma_dimennae_SH203797.07FU(0.7500)	+	d:Fungi,p:Basidiomycota,c:Tremellomycetes,o:Tremellales,f:Bulleribasidiaceae,g:Vishniacozyma
Otu2601	d:Fungi(1.0000),p:Ascomycota(0.9700),c:Leotiomycetes(0.6800),o:Helotiales(0.6800),f:Helotiaceae(0.6800),g:Articulospora(0.6300)	+	d:Fungi,p:Ascomycota
Otu2578	d:Fungi(1.0000),p:Basidiomycota(0.5200),c:Tremellomycetes(0.5200),o:Pleosporales(0.1400),f:Didymellaceae(0.1400),g:Didymella(0.0700),s:Calophoma_aquilegiicola_SH186602.07FU(0.0100)	+	d:Fungi
Otu2603	d:Fungi(1.0000),p:Ascomycota(0.3800),c:Leotiomycetes(0.1300),o:Helotiales(0.1200),f:Dermateaceae(0.0900),g:Ophiocordyceps(0.0300),s:Ophiocordyceps_konnoana_SH483159.07FU(0.0300)	+	d:Fungi
Otu2609	d:Fungi(0.9400),p:Basidiomycota(0.3000),c:Agaricomycetes(0.2400),o:Agaricales(0.1500),f:Pezizaceae(0.0600),g:Acaulospora(0.0400),s:Peziza_ellipsospora_SH181526.07FU(0.0200)	+	d:Fungi
Otu2605	d:Fungi(1.0000),p:Basidiomycota(0.1400),c:Agaricomycetes(0.1100),o:Glomerales(0.0800),f:Glomeraceae(0.0600),g:Inocybe(0.0300),s:Diversispora_arenaria_SH196892.07FU(0.0100)	+	d:Fungi
Otu2608	d:Fungi(1.0000),p:Ascomycota(1.0000),c:Dothideomycetes(1.0000),o:Pleosporales(1.0000)	+	d:Fungi,p:Ascomycota,c:Dothideomycetes,o:Pleosporales
Otu2599	d:Fungi(1.0000),p:Ascomycota(1.0000),c:Dothideomycetes(1.0000),o:Pleosporales(1.0000),f:Melanommataceae(0.4700),g:Prosthemium(0.2100),s:Praetumpfia_obducens_SH198667.07FU(0.1800)	+	d:Fungi,p:Ascomycota,c:Dothideomycetes,o:Pleosporales
Otu2610	d:Fungi(1.0000),p:Basidiomycota(0.1100),c:Agaricomycetes(0.0900),o:Glomerales(0.0700),f:Glomeraceae(0.0500),g:Inocybe(0.0400),s:Septoglomus_jasnowskae_SH212920.07FU(0.0100)	+	d:Fungi
Otu2607	d:Fungi(1.0000),p:Basidiomycota(1.0000),c:Agaricomycetes(1.0000),o:Agaricales(1.0000),f:Psathyrellaceae(0.9200),g:Coprinellus(0.9200),s:Coprinellus_canistri_SH175223.07FU(0.0300)	+	d:Fungi,p:Basidiomycota,c:Agaricomycetes,o:Agaricales,f:Psathyrellaceae,g:Coprinellus
Otu2612	d:Fungi(1.0000),p:Ascomycota(0.9800),c:Leotiomycetes(0.4600),o:Helotiales(0.4600),f:Hyaloscyphaceae(0.0400),g:Psilachnum(0.0400),s:Psilachnum_chrysostigmum_SH019174.07FU(0.0400)	+	d:Fungi,p:Ascomycota
Otu2604	d:Fungi(1.0000),p:Ascomycota(1.0000),c:Sordariomycetes(1.0000),o:Sordariales(1.0000),f:Lasiosphaeriaceae(0.9900),g:Podospora(0.9900),s:Podospora_pleiospora_SH220575.07FU(0.9900)	+	d:Fungi,p:Ascomycota,c:Sordariomycetes,o:Sordariales,f:Lasiosphaeriaceae,g:Podospora,s:Podospora_pleiospora_SH220575.07FU
Otu2613	d:Fungi(1.0000),p:Ascomycota(0.6700),c:Eurotiomycetes(0.6700),o:Chaetothyriales(0.6700),f:Trichomeriaceae(0.6600),g:Bradymyces(0.6600),s:Bradymyces_alpinus_SH023558.07FU(0.3300)	+	d:Fungi
Otu2615	d:Fungi(0.9900),p:Basidiomycota(0.5800),c:Agaricomycetes(0.5100),o:Agaricales(0.2300),f:Ceratobasidiaceae(0.0500),g:Typhula(0.0500),s:Typhula_incarnata_SH183712.07FU(0.0400)	+	d:Fungi
Otu2606	d:Fungi(1.0000),p:Ascomycota(1.0000),c:Eurotiomycetes(1.0000),o:Chaetothyriales(1.0000),f:Trichomeriaceae(1.0000),g:Knufia(1.0000),s:Knufia_cryptophialidica_SH193969.07FU(1.0000)	+	d:Fungi,p:Ascomycota,c:Eurotiomycetes,o:Chaetothyriales,f:Trichomeriaceae,g:Knufia,s:Knufia_cryptophialidica_SH193969.07FU
Otu2614	d:Fungi(1.0000),p:Ascomycota(1.0000),c:Dothideomycetes(1.0000),o:Pleosporales(1.0000),f:Phaeosphaeriaceae(0.1300),g:Sclerostagonospora(0.0700),s:Sclerostagonospora_opuntiae_SH182980.07FU(0.0700)	+	d:Fungi,p:Ascomycota,c:Dothideomycetes,o:Pleosporales
Otu2621	d:Fungi(1.0000),p:Chytridiomycota(1.0000),c:Rhizophlyctidomycetes(0.9900),o:Rhizophlyctidales(0.9900),f:Rhizophlyctidaceae(0.9900),g:Rhizophlyctis(0.9900),s:Rhizophlyctis_rosea_SH202562.07FU(0.7700)	+	d:Fungi,p:Chytridiomycota,c:Rhizophlyctidomycetes,o:Rhizophlyctidales,f:Rhizophlyctidaceae,g:Rhizophlyctis
Otu2616	d:Fungi(0.9900),p:Ascomycota(0.7500),c:Orbiliomycetes(0.2100),o:Orbiliales(0.2100),f:Orbiliaceae(0.2000),g:Orbilia(0.1600),s:Ostropa_barbara_SH629532.07FU(0.0300)	+	d:Fungi
Otu2619	d:Fungi(1.0000),p:Basidiomycota(0.6700),c:Tremellomycetes(0.6700),o:Tremellales(0.6700),f:Bulleribasidiaceae(0.6700),g:Dioszegia(0.6700),s:Dioszegia_hungarica_SH182099.07FU(0.6600)	+	d:Fungi
Otu2624	d:Fungi(1.0000),p:Basidiomycota(0.9900),c:Tremellomycetes(0.0500),o:Holtermanniales(0.0400),f:Holtermanniales_fam_Incertae_sedis(0.0400),g:Holtermanniella(0.0400),s:Holtermanniella_takashimae_SH190741.07FU(0.0400)	+	d:Fungi,p:Basidiomycota
Otu2622	d:Fungi(1.0000),p:Ascomycota(1.0000),c:Leotiomycetes(1.0000),o:Helotiales(1.0000),f:Helotiales_fam_Incertae_sedis(0.5500),g:Chalara(0.5500),s:Calycina_ellisii_SH220077.07FU(0.3300)	+	d:Fungi,p:Ascomycota,c:Leotiomycetes,o:Helotiales
Otu2620	d:Fungi(0.5700),p:Cercozoa(0.4300),c:Xylonomycetes(0.1400),o:Symbiotaphrinales(0.1400),f:Symbiotaphrinaceae(0.1400),g:Symbiotaphrina(0.1400),s:Symbiotaphrina_buchneri_SH643910.07FU(0.1100)	+	
Otu2625	d:Fungi(1.0000),p:Basidiomycota(0.5200),c:Tremellomycetes(0.4900),o:Tremellales(0.4900),f:Bulleraceae(0.4400),g:Bullera(0.4400),s:Bullera_crocea_SH209709.07FU(0.4400)	+	d:Fungi
Otu2617	d:Fungi(1.0000),p:Basidiomycota(0.9200),c:Tremellomycetes(0.8900),o:Tremellales(0.8900),f:Bulleribasidiaceae(0.8900),g:Vishniacozyma(0.8900),s:Vishniacozyma_dimennae_SH203801.07FU(0.7700)	+	d:Fungi,p:Basidiomycota,c:Tremellomycetes,o:Tremellales,f:Bulleribasidiaceae,g:Vishniacozyma
Otu2627	d:Fungi(1.0000),p:Basidiomycota(0.9900),c:Tremellomycetes(0.0400),o:Holtermanniales(0.0300),f:Holtermanniales_fam_Incertae_sedis(0.0300),g:Holtermanniella(0.0300),s:Holtermanniella_takashimae_SH190741.07FU(0.0300)	+	d:Fungi,p:Basidiomycota
Otu2611	d:Fungi(1.0000),p:Ascomycota(0.9600),c:Sordariomycetes(0.9400),o:Sordariales(0.9400),f:Lasiosphaeriaceae(0.9400),g:Schizothecium(0.7900),s:Schizothecium_carpinicola_SH201192.07FU(0.3900)	+	d:Fungi,p:Ascomycota,c:Sordariomycetes,o:Sordariales,f:Lasiosphaeriaceae
Otu2618	d:Fungi(1.0000),p:Ascomycota(0.9200),c:Dothideomycetes(0.2200),o:Dothideales(0.1900),f:Dothideaceae(0.1600),g:Endoconidioma(0.1500),s:Endoconidioma_populi_SH206393.07FU(0.1500)	+	d:Fungi,p:Ascomycota
Otu2623	d:Fungi(1.0000),p:Basidiomycota(0.9700),c:Agaricostilbomycetes(0.9700),o:Agaricostilbales(0.9700),f:Chionosphaeraceae(0.9700),g:Kurtzmanomyces(0.7600)	+	d:Fungi,p:Basidiomycota,c:Agaricostilbomycetes,o:Agaricostilbales,f:Chionosphaeraceae
Otu2628	d:Fungi(1.0000),p:Basidiomycota(1.0000),c:Tremellomycetes(0.0400),o:Holtermanniales(0.0200),f:Holtermanniales_fam_Incertae_sedis(0.0200),g:Holtermanniella(0.0200),s:Holtermanniella_takashimae_SH190741.07FU(0.0200)	+	d:Fungi,p:Basidiomycota
Otu2629	d:Fungi(1.0000),p:Ascomycota(0.5700),c:Eurotiomycetes(0.4600),o:Chaetothyriales(0.4600),f:Herpotrichiellaceae(0.4600),g:Coniosporium(0.4600),s:Coniosporium_apollinis_SH186600.07FU(0.0800)	+	d:Fungi
Otu2633	d:Fungi(0.9700),p:Ascomycota(0.4400),c:Dothideomycetes(0.1900),o:Capnodiales(0.1600),f:Archaeorhizomycetaceae(0.1300),g:Archaeorhizomyces(0.1300),s:Neodevriesia_xanthorrhoeae_SH009145.07FU(0.0400)	+	d:Fungi
Otu2631	d:Fungi(1.0000),p:Ascomycota(0.3000),c:Sordariomycetes(0.2900),o:Hypocreales(0.2600),f:Cordycipitaceae(0.0400),g:Beauveria(0.0400),s:Beauveria_felina_SH026161.07FU(0.0400)	+	d:Fungi
Otu2626	d:Fungi(1.0000),p:Mortierellomycota(0.8300),c:Mortierellomycetes(0.8300),o:Mortierellales(0.8300),f:Mortierellaceae(0.7500),g:Mortierella(0.6700),s:Mortierella_sclerotiella_SH180116.07FU(0.3000)	+	d:Fungi,p:Mortierellomycota,c:Mortierellomycetes,o:Mortierellales
Otu2632	d:Fungi(1.0000),p:Ascomycota(0.9900),c:Sordariomycetes(0.9900),o:Diaporthales(0.9900),f:Gnomoniaceae(0.9700),g:Plagiostoma(0.2200),s:Plagiostoma_inclinatum_SH194478.07FU(0.1800)	+	d:Fungi,p:Ascomycota,c:Sordariomycetes,o:Diaporthales,f:Gnomoniaceae
Otu2638	d:Fungi(1.0000),p:Basidiomycota(1.0000),c:Agaricomycetes(1.0000),o:Agaricales(1.0000),f:Tricholomataceae(1.0000),g:Baeospora(1.0000),s:Baeospora_myosura_SH093572.07FU(0.8800)	+	d:Fungi,p:Basidiomycota,c:Agaricomycetes,o:Agaricales,f:Tricholomataceae,g:Baeospora,s:Baeospora_myosura_SH093572.07FU
Otu2636	d:Fungi(1.0000),p:Ascomycota(0.9800),c:Taphrinomycetes(0.9800),o:Taphrinales(0.7600),f:Taphrinaceae(0.7600),g:Taphrina(0.7600),s:Taphrina_carpini_SH193600.07FU(0.3900)	+	d:Fungi,p:Ascomycota,c:Taphrinomycetes
Otu2640	d:Fungi(0.5800),p:Ascomycota(0.4400),c:Saccharomycetes(0.3600),o:Saccharomycetales(0.3600),f:Mycosphaerellaceae(0.0300),g:Stenella(0.0300),s:Stenella_araguata_SH631423.07FU(0.0300)	+	
Otu2639	d:Fungi(1.0000),p:Basidiomycota(1.0000),c:Microbotryomycetes(1.0000),o:Leucosporidiales(0.4400),f:Leucosporidiaceae(0.4400),g:Leucosporidium(0.4400),s:Leucosporidium_creatinivorum_SH193763.07FU(0.2500)	+	d:Fungi,p:Basidiomycota,c:Microbotryomycetes
Otu2630	d:Fungi(1.0000),p:Basidiomycota(0.9500),c:Pucciniomycetes(0.9400),o:Pucciniales(0.1000)	+	d:Fungi,p:Basidiomycota,c:Pucciniomycetes
Otu2637	d:Fungi(1.0000),p:Ascomycota(1.0000),c:Dothideomycetes(1.0000),o:Capnodiales(1.0000),f:Teratosphaeriaceae(1.0000),g:Neocatenulostroma(0.9900),s:Neocatenulostroma_abietis_SH390333.07FU(0.9700)	+	d:Fungi,p:Ascomycota,c:Dothideomycetes,o:Capnodiales,f:Teratosphaeriaceae,g:Neocatenulostroma,s:Neocatenulostroma_abietis_SH390333.07FU
Otu2634	d:Fungi(1.0000),p:Basidiomycota(1.0000),c:Tremellomycetes(1.0000),o:Tremellales(1.0000),f:Bulleribasidiaceae(1.0000),g:Vishniacozyma(1.0000),s:Vishniacozyma_victoriae_SH181632.07FU(1.0000)	+	d:Fungi,p:Basidiomycota,c:Tremellomycetes,o:Tremellales,f:Bulleribasidiaceae,g:Vishniacozyma,s:Vishniacozyma_victoriae_SH181632.07FU
Otu2642	d:Fungi(1.0000),p:Basidiomycota(0.9900),c:Tremellomycetes(0.0500),o:Holtermanniales(0.0300),f:Holtermanniales_fam_Incertae_sedis(0.0300),g:Holtermanniella(0.0300),s:Holtermanniella_takashimae_SH190741.07FU(0.0300)	+	d:Fungi,p:Basidiomycota
Otu2635	d:Fungi(1.0000),p:Basidiomycota(1.0000),c:Tremellomycetes(0.0500),o:Holtermanniales(0.0300),f:Holtermanniales_fam_Incertae_sedis(0.0300),g:Holtermanniella(0.0300),s:Holtermanniella_takashimae_SH190741.07FU(0.0300)	+	d:Fungi,p:Basidiomycota
Otu2646	d:Fungi(1.0000),p:Basidiomycota(0.9800),c:Agaricomycetes(0.9800),o:Auriculariales(0.9800),f:Auriculariaceae(0.9800),g:Auricularia(0.9800)	+	d:Fungi,p:Basidiomycota,c:Agaricomycetes,o:Auriculariales,f:Auriculariaceae,g:Auricularia
Otu2641	d:Fungi(1.0000),p:Basidiomycota(0.6800),c:Tremellomycetes(0.6600),o:Tremellales(0.6600),f:Bulleribasidiaceae(0.6600),g:Dioszegia(0.6600),s:Dioszegia_hungarica_SH182099.07FU(0.6500)	+	d:Fungi
Otu2648	d:Fungi(1.0000),p:Ascomycota(0.9400),c:Eurotiomycetes(0.8800),o:Chaetothyriales(0.8800)	+	d:Fungi,p:Ascomycota,c:Eurotiomycetes,o:Chaetothyriales
Otu2647	d:Fungi(1.0000),p:Basidiomycota(1.0000),c:Tremellomycetes(0.0400),o:Holtermanniales(0.0300),f:Holtermanniales_fam_Incertae_sedis(0.0300),g:Holtermanniella(0.0300),s:Holtermanniella_takashimae_SH190741.07FU(0.0300)	+	d:Fungi,p:Basidiomycota
Otu2643	d:Fungi(1.0000),p:Ascomycota(0.9700),c:Dothideomycetes(0.9600),o:Pleosporales(0.9300),f:Sporormiaceae(0.9100),g:Preussia(0.9000),s:Preussia_persica_SH184177.07FU(0.8800)	+	d:Fungi,p:Ascomycota,c:Dothideomycetes,o:Pleosporales,f:Sporormiaceae,g:Preussia,s:Preussia_persica_SH184177.07FU
Otu2652	d:Fungi(1.0000),p:Ascomycota(0.9600),c:Leotiomycetes(0.8400),o:Helotiales(0.8400),f:Hyaloscyphaceae(0.1000),g:Phialea(0.0600),s:Phialea_strobilina_SH215464.07FU(0.0600)	+	d:Fungi,p:Ascomycota,c:Leotiomycetes,o:Helotiales
Otu2644	d:Fungi(1.0000),p:Ascomycota(1.0000),c:Lecanoromycetes(1.0000),o:Teloschistales(1.0000),f:Teloschistaceae(1.0000)	+	d:Fungi,p:Ascomycota,c:Lecanoromycetes,o:Teloschistales,f:Teloschistaceae
Otu2650	d:Fungi(1.0000),p:Basidiomycota(0.9900),c:Tremellomycetes(0.9900),o:Filobasidiales(0.9900),f:Filobasidiaceae(0.9900),g:Filobasidium(0.9900),s:Filobasidium_wieringae_SH221435.07FU(0.9900)	+	d:Fungi,p:Basidiomycota,c:Tremellomycetes,o:Filobasidiales,f:Filobasidiaceae,g:Filobasidium,s:Filobasidium_wieringae_SH221435.07FU
Otu2645	d:Fungi(1.0000),p:Basidiomycota(1.0000),c:Agaricomycetes(1.0000),o:Auriculariales(1.0000),f:Exidiaceae(1.0000),g:Exidia(1.0000),s:Exidia_glandulosa_SH203201.07FU(1.0000)	+	d:Fungi,p:Basidiomycota,c:Agaricomycetes,o:Auriculariales,f:Exidiaceae,g:Exidia,s:Exidia_glandulosa_SH203201.07FU
Otu2649	d:Fungi(0.9800),p:Basidiomycota(0.4500),c:Agaricomycetes(0.4000),o:Agaricales(0.1800),f:Glomeraceae(0.0700),g:Claroideoglomus(0.0400),s:Clavulina_nigricans_SH482396.07FU(0.0200)	+	d:Fungi
Otu2651	d:Fungi(1.0000),p:Ascomycota(1.0000),c:Sordariomycetes(1.0000),o:Hypocreales(1.0000),f:Hypocreales_fam_Incertae_sedis(0.9800),g:Acremonium(0.9800),s:Acremonium_rutilum_SH207064.07FU(0.9800)	+	d:Fungi,p:Ascomycota,c:Sordariomycetes,o:Hypocreales,f:Hypocreales_fam_Incertae_sedis,g:Acremonium,s:Acremonium_rutilum_SH207064.07FU
Otu2653	d:Rhizaria(0.9500),p:Cercozoa(0.9500),c:Glomeromycetes(0.0100),o:Diversisporales(0.0100),f:Acaulosporaceae(0.0100),g:Acaulospora(0.0100),s:Acaulospora_alpina_SH201906.07FU(0.0100)	+	d:Rhizaria,p:Cercozoa
Otu2657	d:Fungi(1.0000),p:Basidiomycota(1.0000),c:Tremellomycetes(1.0000),o:Tremellales(1.0000),f:Bulleraceae(1.0000),g:Bullera(1.0000),s:Bullera_alba_SH215453.07FU(1.0000)	+	d:Fungi,p:Basidiomycota,c:Tremellomycetes,o:Tremellales,f:Bulleraceae,g:Bullera,s:Bullera_alba_SH215453.07FU
Otu2654	d:Fungi(1.0000),p:Ascomycota(0.9500),c:Dothideomycetes(0.9000),o:Pleosporales(0.9000),f:Didymellaceae(0.5100),g:Phoma(0.5100),s:Phoma_puncteliae_SH005849.07FU(0.4900)	+	d:Fungi,p:Ascomycota,c:Dothideomycetes,o:Pleosporales
Otu2659	d:Fungi(1.0000),p:Basidiomycota(0.2500),c:Agaricomycetes(0.0900),o:Diversisporales(0.0400),f:Diversisporaceae(0.0300),g:Trechispora(0.0200),s:Diversispora_arenaria_SH196892.07FU(0.0100)	+	d:Fungi
Otu2656	d:Fungi(1.0000),p:Ascomycota(1.0000),c:Dothideomycetes(1.0000),o:Pleosporales(0.9900),f:Pleosporaceae(0.9900),g:Pyrenophora(0.3500),s:Pyrenophora_teres_SH193140.07FU(0.2100)	+	d:Fungi,p:Ascomycota,c:Dothideomycetes,o:Pleosporales,f:Pleosporaceae
Otu2655	d:Fungi(1.0000),p:Ascomycota(1.0000),c:Eurotiomycetes(1.0000),o:Chaetothyriales(1.0000)	+	d:Fungi,p:Ascomycota,c:Eurotiomycetes,o:Chaetothyriales
Otu2660	d:Fungi(0.9100),p:Ascomycota(0.6400),c:Saccharomycetes(0.4100),o:Saccharomycetales(0.4100),f:Mycosphaerellaceae(0.0400),g:Symbiotaphrina(0.0400),s:Stenella_araguata_SH631423.07FU(0.0400)	+	d:Fungi
Otu2664	d:Fungi(1.0000),p:Ascomycota(1.0000)	+	d:Fungi,p:Ascomycota
Otu2665	d:Fungi(0.7700),p:Ascomycota(0.2700),c:Glomeromycetes(0.1800),o:Glomerales(0.1800),f:Glomeraceae(0.1700),g:Symbiotaphrina(0.0800),s:Symbiotaphrina_kochii_SH021199.07FU(0.0600)	+	
Otu2658	d:Fungi(1.0000),p:Ascomycota(0.0800),c:Dothideomycetes(0.0400),o:Pleosporales(0.0400),f:Coniothyriaceae(0.0300),g:Coniothyrium(0.0300),s:Coniothyrium_sidae_SH211029.07FU(0.0300)	+	d:Fungi
Otu2662	d:Fungi(1.0000),p:Basidiomycota(1.0000),c:Tremellomycetes(1.0000),o:Tremellales(1.0000),f:Tremellaceae(0.5400),g:Cryptococcus(0.5400),s:Cryptococcus_frias_SH205078.07FU(0.5400)	+	d:Fungi,p:Basidiomycota,c:Tremellomycetes,o:Tremellales
Otu2670	d:Fungi(1.0000),p:Basidiomycota(0.8100),c:Tremellomycetes(0.7200),o:Tremellales(0.6600),f:Tremellaceae(0.6400),g:Cryptococcus(0.6200),s:Phaeotremella_fagi_SH181988.07FU(0.0200)	+	d:Fungi,p:Basidiomycota
Otu2663	d:Fungi(0.8500),p:Basidiomycota(0.2800),c:Agaricomycetes(0.2700),o:Agaricales(0.1400),f:Symbiotaphrinaceae(0.0800),g:Symbiotaphrina(0.0800),s:Symbiotaphrina_kochii_SH021199.07FU(0.0500)	+	d:Fungi
Otu2667	d:Fungi(1.0000),p:Ascomycota(1.0000),c:Sordariomycetes(1.0000),o:Hypocreales(0.9400)	+	d:Fungi,p:Ascomycota,c:Sordariomycetes,o:Hypocreales
Otu2669	d:Fungi(1.0000),p:Basidiomycota(1.0000),c:Agaricostilbomycetes(1.0000),o:Agaricostilbales(1.0000),f:Kondoaceae(1.0000),g:Bensingtonia(1.0000)	+	d:Fungi,p:Basidiomycota,c:Agaricostilbomycetes,o:Agaricostilbales,f:Kondoaceae,g:Bensingtonia
Otu2661	d:Fungi(1.0000),p:Ascomycota(0.0100)	+	d:Fungi
Otu2671	d:Fungi(1.0000),p:Ascomycota(0.9700),c:Leotiomycetes(0.6800),o:Helotiales(0.6800),f:Helotiaceae(0.6800),g:Articulospora(0.6300)	+	d:Fungi,p:Ascomycota
Otu2679	d:Fungi(0.9200),p:Ascomycota(0.3700),c:Glomeromycetes(0.2400),o:Glomerales(0.1300),f:Glomeraceae(0.1300),g:Symbiotaphrina(0.0800),s:Alternaria_brassicicola_SH486316.07FU(0.0500)	+	d:Fungi
Otu2672	d:Fungi(1.0000),p:Ascomycota(0.9900),c:Leotiomycetes(0.9900),o:Helotiales(0.9900),f:Hyaloscyphaceae(0.4600),g:Cistella(0.4600),s:Cistella_albidolutea_SH198116.07FU(0.4600)	+	d:Fungi,p:Ascomycota,c:Leotiomycetes,o:Helotiales
Otu2666	d:Fungi(1.0000),p:Basidiomycota(0.5400),c:Tremellomycetes(0.5400),o:Tremellales(0.5400),f:Bulleraceae(0.4700),g:Bullera(0.4700),s:Bullera_crocea_SH209709.07FU(0.4700)	+	d:Fungi
Otu2668	d:Fungi(1.0000),p:Ascomycota(1.0000),c:Dothideomycetes(1.0000),o:Pleosporales(1.0000),f:Phaeosphaeriaceae(0.9600),g:Paraphoma(0.9600),s:Paraphoma_chrysanthemicola_SH211091.07FU(0.8600)	+	d:Fungi,p:Ascomycota,c:Dothideomycetes,o:Pleosporales,f:Phaeosphaeriaceae,g:Paraphoma,s:Paraphoma_chrysanthemicola_SH211091.07FU
Otu2673	d:Fungi(1.0000),p:Ascomycota(1.0000),c:Sordariomycetes(1.0000),o:Coniochaetales(1.0000)	+	d:Fungi,p:Ascomycota,c:Sordariomycetes,o:Coniochaetales
Otu2678	d:Fungi(0.8500),p:Ascomycota(0.3600),c:Glomeromycetes(0.1900),o:Glomerales(0.1500),f:Glomeraceae(0.1500),g:Symbiotaphrina(0.1000),s:Symbiotaphrina_buchneri_SH643910.07FU(0.0600)	+	d:Fungi
Otu2674	d:Fungi(1.0000),p:Basidiomycota(0.5100),c:Tremellomycetes(0.4900),o:Tremellales(0.4900),f:Bulleraceae(0.4400),g:Bullera(0.4400),s:Bullera_crocea_SH209709.07FU(0.4400)	+	d:Fungi
Otu2685	d:Fungi(1.0000),p:Basidiomycota(1.0000),c:Agaricomycetes(1.0000),o:Agaricales(1.0000),f:Lycoperdaceae(1.0000),g:Lycoperdon(1.0000),s:Lycoperdon_subumbrinum_SH175888.07FU(0.8000)	+	d:Fungi,p:Basidiomycota,c:Agaricomycetes,o:Agaricales,f:Lycoperdaceae,g:Lycoperdon,s:Lycoperdon_subumbrinum_SH175888.07FU
Otu2683	d:Fungi(0.7500),p:Basidiomycota(0.3000),c:Agaricomycetes(0.2600),o:Symbiotaphrinales(0.1400),f:Symbiotaphrinaceae(0.1400),g:Symbiotaphrina(0.1400),s:Symbiotaphrina_kochii_SH021199.07FU(0.1200)	+	
Otu2680	d:Fungi(1.0000),p:Ascomycota(0.9600),c:Dothideomycetes(0.9500),o:Capnodiales(0.9500),f:Teratosphaeriaceae(0.2400),g:Devriesia(0.2400)	+	d:Fungi,p:Ascomycota,c:Dothideomycetes,o:Capnodiales
Otu2677	d:Fungi(1.0000),p:Ascomycota(1.0000),c:Sordariomycetes(1.0000),o:Sordariales(1.0000),f:Lasiosphaeriaceae(1.0000),g:Schizothecium(1.0000),s:Schizothecium_glutinans_SH201210.07FU(1.0000)	+	d:Fungi,p:Ascomycota,c:Sordariomycetes,o:Sordariales,f:Lasiosphaeriaceae,g:Schizothecium,s:Schizothecium_glutinans_SH201210.07FU
Otu2675	d:Fungi(1.0000),p:Basidiomycota(0.9900),c:Tremellomycetes(0.0500),o:Holtermanniales(0.0300),f:Holtermanniales_fam_Incertae_sedis(0.0300),g:Holtermanniella(0.0300),s:Holtermanniella_takashimae_SH190741.07FU(0.0300)	+	d:Fungi,p:Basidiomycota
Otu2676	d:Fungi(1.0000),p:Ascomycota(0.8000),c:Leotiomycetes(0.2900),o:Helotiales(0.1800),f:Helotiaceae(0.1100),g:Symbiotaphrina(0.0600),s:Symbiotaphrina_kochii_SH021199.07FU(0.0500)	+	d:Fungi,p:Ascomycota
Otu2684	d:Fungi(1.0000),p:Basidiomycota(0.4600),c:Agaricomycetes(0.4000),o:Agaricales(0.1200),f:Entorrhizaceae(0.0800),g:Entorrhiza(0.0800),s:Entorrhiza_aschersoniana_SH523879.07FU(0.0400)	+	d:Fungi
Otu2688	d:Fungi(1.0000),p:Basidiomycota(0.9900),c:Tremellomycetes(0.0400),o:Holtermanniales(0.0300),f:Holtermanniales_fam_Incertae_sedis(0.0300),g:Holtermanniella(0.0300),s:Holtermanniella_takashimae_SH190741.07FU(0.0300)	+	d:Fungi,p:Basidiomycota
Otu2689	d:Fungi(1.0000),p:Basidiomycota(1.0000),c:Tremellomycetes(0.4800),o:Tremellales(0.4800),f:Bulleribasidiaceae(0.4800),g:Dioszegia(0.4800),s:Dioszegia_fristingensis_SH209723.07FU(0.2700)	+	d:Fungi,p:Basidiomycota
Otu2681	d:Fungi(1.0000),p:Mortierellomycota(0.9900),c:Mortierellomycetes(0.9900),o:Mortierellales(0.9900),f:Mortierellaceae(0.9700),g:Mortierella(0.9600),s:Mortierella_exigua_SH214063.07FU(0.8600)	+	d:Fungi,p:Mortierellomycota,c:Mortierellomycetes,o:Mortierellales,f:Mortierellaceae,g:Mortierella,s:Mortierella_exigua_SH214063.07FU
Otu2691	d:Fungi(1.0000),p:Basidiomycota(0.5500),c:Tremellomycetes(0.5500),o:Tremellales(0.5500),f:Bulleraceae(0.4800),g:Bullera(0.4800),s:Bullera_crocea_SH209709.07FU(0.4800)	+	d:Fungi
Otu2687	d:Fungi(1.0000),p:Ascomycota(1.0000),c:Orbiliomycetes(1.0000),o:Orbiliales(1.0000),f:Orbiliaceae(1.0000),g:Dactylellina(0.9400),s:Dactylellina_cionopaga_SH193527.07FU(0.9400)	+	d:Fungi,p:Ascomycota,c:Orbiliomycetes,o:Orbiliales,f:Orbiliaceae,g:Dactylellina,s:Dactylellina_cionopaga_SH193527.07FU
Otu2686	d:Fungi(1.0000),p:Ascomycota(0.7400),c:Orbiliomycetes(0.3800),o:Orbiliales(0.3800),f:Orbiliaceae(0.3800),g:Orbilia(0.2100),s:Orbilia_comma_SH489663.07FU(0.0300)	+	d:Fungi
Otu2695	d:Fungi(0.6400),p:Cercozoa(0.3600),c:Agaricomycetes(0.0500),o:Orbiliales(0.0400),f:Orbiliaceae(0.0400),g:Orbilia(0.0400),s:Pseudaleuria_quinaultiana_SH215688.07FU(0.0100)	+	
Otu2694	d:Fungi(1.0000),p:Basidiomycota(0.8900),c:Tremellomycetes(0.8500),o:Tremellales(0.8400),f:Bulleribasidiaceae(0.8400),g:Vishniacozyma(0.8400),s:Vishniacozyma_dimennae_SH203801.07FU(0.6800)	+	d:Fungi,p:Basidiomycota,c:Tremellomycetes,o:Tremellales,f:Bulleribasidiaceae,g:Vishniacozyma
Otu2697	d:Fungi(1.0000),p:Ascomycota(1.0000),c:Dothideomycetes(0.9700),o:Pleosporales(0.9700),f:Amniculicolaceae(0.9500),g:Murispora(0.9500),s:Murispora_cicognanii_SH488105.07FU(0.9500)	+	d:Fungi,p:Ascomycota,c:Dothideomycetes,o:Pleosporales,f:Amniculicolaceae,g:Murispora,s:Murispora_cicognanii_SH488105.07FU
Otu2692	d:Fungi(1.0000),p:Basidiomycota(0.0200),c:Tremellomycetes(0.0200),o:Filobasidiales(0.0200),f:Filobasidiaceae(0.0200),g:Filobasidium(0.0200),s:Filobasidium_chernovii_SH197624.07FU(0.0100)	+	d:Fungi
Otu2690	d:Fungi(1.0000),p:Basidiomycota(1.0000),c:Tremellomycetes(0.0300),o:Holtermanniales(0.0300),f:Holtermanniales_fam_Incertae_sedis(0.0300),g:Holtermanniella(0.0300),s:Holtermanniella_takashimae_SH190741.07FU(0.0300)	+	d:Fungi,p:Basidiomycota
Otu2696	d:Fungi(1.0000)	+	d:Fungi
Otu2682	d:Fungi(1.0000),p:Ascomycota(1.0000),c:Lecanoromycetes(1.0000),o:Lecanorales(1.0000),f:Ramalinaceae(1.0000),g:Bacidina(0.9200),s:Bacidina_sulphurella_SH213709.07FU(0.8400)	+	d:Fungi,p:Ascomycota,c:Lecanoromycetes,o:Lecanorales,f:Ramalinaceae,g:Bacidina,s:Bacidina_sulphurella_SH213709.07FU
Otu2700	d:Fungi(1.0000),p:Basidiomycota(0.6800),c:Tremellomycetes(0.6600),o:Tremellales(0.6600),f:Bulleribasidiaceae(0.6600),g:Dioszegia(0.6600),s:Dioszegia_hungarica_SH182099.07FU(0.6400)	+	d:Fungi
Otu2693	d:Fungi(1.0000),p:Basidiomycota(0.9400),c:Agaricomycetes(0.9400),o:Polyporales(0.9400),f:Polyporaceae(0.5700),g:Lentinus(0.2400),s:Lentinus_badius_SH199682.07FU(0.1400)	+	d:Fungi,p:Basidiomycota,c:Agaricomycetes,o:Polyporales
Otu2701	d:Fungi(1.0000),p:Mortierellomycota(1.0000),c:Mortierellomycetes(1.0000),o:Mortierellales(1.0000),f:Mortierellaceae(0.1300),g:Mortierella(0.1300),s:Mortierella_elongata_SH180118.07FU(0.1300)	+	d:Fungi,p:Mortierellomycota,c:Mortierellomycetes,o:Mortierellales
Otu2703	d:Fungi(1.0000),p:Basidiomycota(0.2400),c:Tremellomycetes(0.2400),o:Tremellales(0.2400),f:Bulleraceae(0.1900),g:Bullera(0.1900),s:Bullera_crocea_SH209709.07FU(0.1900)	+	d:Fungi
Otu2702	d:Fungi(1.0000),p:Basidiomycota(0.6700),c:Tremellomycetes(0.6600),o:Tremellales(0.6600),f:Bulleribasidiaceae(0.6600),g:Dioszegia(0.6600),s:Dioszegia_hungarica_SH182099.07FU(0.6400)	+	d:Fungi
Otu2698	d:Fungi(1.0000),p:Ascomycota(1.0000),c:Sordariomycetes(1.0000),o:Sordariales(1.0000),f:Lasiosphaeriaceae(1.0000),g:Cladorrhinum(1.0000),s:Cladorrhinum_brunnescens_SH019733.07FU(0.0200)	+	d:Fungi,p:Ascomycota,c:Sordariomycetes,o:Sordariales,f:Lasiosphaeriaceae,g:Cladorrhinum
Otu2707	d:Fungi(1.0000),p:Ascomycota(0.2900),c:Leotiomycetes(0.1800),o:Helotiales(0.1500),f:Helotiaceae(0.0700),g:Tetracladium(0.0600),s:Calloria_urticae_SH529064.07FU(0.0300)	+	d:Fungi
Otu2699	d:Fungi(1.0000),p:Basidiomycota(1.0000),c:Agaricomycetes(1.0000),o:Auriculariales(1.0000),f:Auriculariaceae(0.0200),g:Auricularia(0.0200),s:Auricularia_americana_SH640987.07FU(0.0200)	+	d:Fungi,p:Basidiomycota,c:Agaricomycetes,o:Auriculariales
Otu2704	d:Fungi(1.0000),p:Ascomycota(1.0000),c:Sordariomycetes(1.0000),o:Hypocreales(1.0000),f:Hypocreales_fam_Incertae_sedis(0.9800),g:Acremonium(0.9800),s:Acremonium_rutilum_SH207064.07FU(0.9800)	+	d:Fungi,p:Ascomycota,c:Sordariomycetes,o:Hypocreales,f:Hypocreales_fam_Incertae_sedis,g:Acremonium,s:Acremonium_rutilum_SH207064.07FU
Otu2705	d:Fungi(1.0000),p:Basidiomycota(0.2100),c:Agaricomycetes(0.1700),o:Agaricales(0.0600),f:Glomeraceae(0.0400),g:Ramicandelaber(0.0300),s:Rhizophagus_intraradices_SH175614.07FU(0.0200)	+	d:Fungi
Otu2711	d:Fungi(1.0000),p:Ascomycota(0.7700),c:Leotiomycetes(0.7300),o:Helotiales(0.7100),f:Helotiaceae(0.7100),g:Articulospora(0.6800)	+	d:Fungi
Otu2710	d:Fungi(1.0000),p:Ascomycota(0.8400),c:Xylonomycetes(0.2200),o:Symbiotaphrinales(0.2200),f:Symbiotaphrinaceae(0.2200),g:Symbiotaphrina(0.2200),s:Symbiotaphrina_kochii_SH021199.07FU(0.2200)	+	d:Fungi,p:Ascomycota
Otu2709	d:Fungi(1.0000),p:Ascomycota(0.9900),c:Eurotiomycetes(0.9900),o:Chaetothyriales(0.9900),f:Herpotrichiellaceae(0.9900),g:Coniosporium(0.9900),s:Coniosporium_apollinis_SH186600.07FU(0.9100)	+	d:Fungi,p:Ascomycota,c:Eurotiomycetes,o:Chaetothyriales,f:Herpotrichiellaceae,g:Coniosporium,s:Coniosporium_apollinis_SH186600.07FU
Otu2708	d:Fungi(1.0000),p:Ascomycota(1.0000)	+	d:Fungi,p:Ascomycota
Otu2713	d:Fungi(1.0000),p:Basidiomycota(0.5800),c:Tremellomycetes(0.5800),o:Tremellales(0.5800),f:Bulleraceae(0.4800),g:Bullera(0.4800),s:Bullera_crocea_SH209709.07FU(0.4800)	+	d:Fungi
Otu2714	d:Rhizaria(0.9900),p:Cercozoa(0.9900)	+	d:Rhizaria,p:Cercozoa
Otu2706	d:Fungi(1.0000),p:Basidiomycota(0.0200),c:Agaricomycetes(0.0200),o:Trechisporales(0.0100),f:Hydnodontaceae(0.0100),g:Trechispora(0.0100),s:Cetraspora_gilmorei_SH203803.07FU(0.0100)	+	d:Fungi
Otu2717	d:Fungi(0.9800),p:Basidiomycota(0.6900),c:Microbotryomycetes(0.5700),o:Microbotryomycetes_ord_Incertae_sedis(0.3700),f:Chrysozymaceae(0.3600),g:Chrysozyma(0.2600),s:Chrysozyma_griseoflava_SH629205.07FU(0.1300)	+	d:Fungi
Otu2712	d:Fungi(1.0000),p:Basidiomycota(1.0000),c:Microbotryomycetes(0.8900),o:Sporidiobolales(0.8900),f:Sporidiobolaceae(0.8900),g:Sporobolomyces(0.8900),s:Sporobolomyces_salicinus_SH205940.07FU(0.8900)	+	d:Fungi,p:Basidiomycota,c:Microbotryomycetes,o:Sporidiobolales,f:Sporidiobolaceae,g:Sporobolomyces,s:Sporobolomyces_salicinus_SH205940.07FU
Otu2721	d:Fungi(1.0000),p:Ascomycota(1.0000),c:Dothideomycetes(1.0000),o:Pleosporales(1.0000),f:Pleosporales_fam_Incertae_sedis(0.0100),g:Phoma(0.0100),s:Leptosphaeria_proteicola_SH192135.07FU(0.0100)	+	d:Fungi,p:Ascomycota,c:Dothideomycetes,o:Pleosporales
Otu2719	d:Fungi(0.9900),p:Glomeromycota(0.3600),c:Glomeromycetes(0.3200),o:Glomerales(0.2500),f:Glomeraceae(0.2100),g:Glomus(0.0600),s:Septoglomus_viscosum_SH216574.07FU(0.0400)	+	d:Fungi
Otu2722	d:Fungi(1.0000),p:Basidiomycota(1.0000),c:Tremellomycetes(0.0400),o:Holtermanniales(0.0200),f:Holtermanniales_fam_Incertae_sedis(0.0200),g:Holtermanniella(0.0200),s:Holtermanniella_takashimae_SH190741.07FU(0.0200)	+	d:Fungi,p:Basidiomycota
Otu2715	d:Fungi(1.0000),p:Basidiomycota(0.4700),c:Agaricomycetes(0.3800),o:Agaricales(0.1600),f:Entorrhizaceae(0.0800),g:Entorrhiza(0.0800),s:Entorrhiza_casparyana_SH523632.07FU(0.0500)	+	d:Fungi
Otu2724	d:Fungi(1.0000),p:Ascomycota(1.0000),c:Lecanoromycetes(1.0000),o:Teloschistales(1.0000),f:Teloschistaceae(1.0000),g:Xanthoria(1.0000),s:Xanthoria_elegans_SH192660.07FU(0.8700)	+	d:Fungi,p:Ascomycota,c:Lecanoromycetes,o:Teloschistales,f:Teloschistaceae,g:Xanthoria,s:Xanthoria_elegans_SH192660.07FU
Otu2716	d:Fungi(1.0000),p:Chytridiomycota(1.0000)	+	d:Fungi,p:Chytridiomycota
Otu2718	d:Fungi(0.6900),p:Cercozoa(0.3100),c:Dothideomycetes(0.0500),o:Pleosporales(0.0300),f:Orbiliaceae(0.0300),g:Orbilia(0.0300),s:Pneumocystis_murina_SH473765.07FU(0.0100)	+	
Otu2720	d:Fungi(1.0000),p:Ascomycota(1.0000)	+	d:Fungi,p:Ascomycota
Otu2725	d:Fungi(1.0000),p:Chytridiomycota(0.8400),c:Chytridiomycetes(0.7700),o:Tremellales(0.0200),f:Bulleribasidiaceae(0.0100),g:Rhizophlyctis(0.0100)	+	d:Fungi,p:Chytridiomycota
Otu2726	d:Fungi(1.0000),p:Ascomycota(0.9800),c:Dothideomycetes(0.9800),o:Capnodiales(0.9800),f:Teratosphaeriaceae(0.8100),g:Ramularia(0.0100),s:Ramularia_trollii_SH640879.07FU(0.0100)	+	d:Fungi,p:Ascomycota,c:Dothideomycetes,o:Capnodiales,f:Teratosphaeriaceae
Otu2728	d:Fungi(1.0000),p:Basidiomycota(1.0000),c:Tremellomycetes(0.0500),o:Holtermanniales(0.0400),f:Holtermanniales_fam_Incertae_sedis(0.0400),g:Holtermanniella(0.0400),s:Holtermanniella_takashimae_SH190741.07FU(0.0400)	+	d:Fungi,p:Basidiomycota
Otu2730	d:Fungi(1.0000),p:Basidiomycota(1.0000),c:Tremellomycetes(1.0000),o:Tremellales(1.0000),f:Bulleribasidiaceae(1.0000),g:Vishniacozyma(1.0000),s:Vishniacozyma_victoriae_SH181632.07FU(1.0000)	+	d:Fungi,p:Basidiomycota,c:Tremellomycetes,o:Tremellales,f:Bulleribasidiaceae,g:Vishniacozyma,s:Vishniacozyma_victoriae_SH181632.07FU
Otu2723	d:Fungi(1.0000),p:Basidiomycota(0.4600),c:Agaricomycetes(0.4200),o:Polyporales(0.1500),f:Steccherinaceae(0.0800),g:Cortinarius(0.0500),s:Loweomyces_wynneae_SH218184.07FU(0.0300)	+	d:Fungi
Otu2731	d:Fungi(1.0000),p:Mortierellomycota(1.0000),c:Mortierellomycetes(1.0000),o:Mortierellales(1.0000),f:Mortierellaceae(1.0000),g:Mortierella(1.0000),s:Mortierella_alpina_SH183635.07FU(0.8200)	+	d:Fungi,p:Mortierellomycota,c:Mortierellomycetes,o:Mortierellales,f:Mortierellaceae,g:Mortierella,s:Mortierella_alpina_SH183635.07FU
Otu2733	d:Fungi(1.0000)	+	d:Fungi
Otu2729	d:Fungi(1.0000),p:Basidiomycota(0.2100),c:Tremellomycetes(0.2100),o:Tremellales(0.2100),f:Bulleraceae(0.1700),g:Bullera(0.1700),s:Bullera_crocea_SH209709.07FU(0.1700)	+	d:Fungi
Otu2727	d:Fungi(1.0000),p:Basidiomycota(0.2600),c:Tremellomycetes(0.2500),o:Tremellales(0.2500),f:Bulleraceae(0.2000),g:Bullera(0.2000),s:Bullera_crocea_SH209709.07FU(0.2000)	+	d:Fungi
Otu2736	d:Fungi(0.9900),p:Basidiomycota(0.6200),c:Dothideomycetes(0.0100),o:Pleosporales(0.0100),f:Saccharomycetaceae(0.0100),g:Mortierella(0.0100),s:Neophaeosphaeria_filamentosa_SH200388.07FU(0.0100)	+	d:Fungi
Otu2732	d:Fungi(1.0000),p:Mortierellomycota(1.0000),c:Mortierellomycetes(1.0000),o:Mortierellales(1.0000),f:Mortierellaceae(1.0000),g:Mortierella(1.0000),s:Mortierella_alpina_SH183635.07FU(0.8500)	+	d:Fungi,p:Mortierellomycota,c:Mortierellomycetes,o:Mortierellales,f:Mortierellaceae,g:Mortierella,s:Mortierella_alpina_SH183635.07FU
Otu2735	d:Fungi(1.0000),p:Ascomycota(0.9800),c:Eurotiomycetes(0.9800),o:Chaetothyriales(0.9800),f:Cyphellophoraceae(0.9700),g:Cyphellophora(0.9700),s:Cyphellophora_laciniata_SH197858.07FU(0.7700)	+	d:Fungi,p:Ascomycota,c:Eurotiomycetes,o:Chaetothyriales,f:Cyphellophoraceae,g:Cyphellophora
Otu2739	d:Fungi(1.0000)	+	d:Fungi
Otu2734	d:Fungi(1.0000),p:Basidiomycota(0.9800),c:Tremellomycetes(0.9600),o:Tremellales(0.9500),f:Bulleribasidiaceae(0.9500),g:Vishniacozyma(0.9500),s:Vishniacozyma_dimennae_SH203797.07FU(0.8100)	+	d:Fungi,p:Basidiomycota,c:Tremellomycetes,o:Tremellales,f:Bulleribasidiaceae,g:Vishniacozyma,s:Vishniacozyma_dimennae_SH203797.07FU
Otu2740	d:Fungi(0.9800),p:Ascomycota(0.2800),c:Agaricomycetes(0.1200),o:Diversisporales(0.0700),f:Acaulosporaceae(0.0600),g:Serendipita(0.0500),s:Serendipita_herbamans_SH192972.07FU(0.0400)	+	d:Fungi
Otu2737	d:Fungi(1.0000),p:Ascomycota(0.9700),c:Eurotiomycetes(0.9700),o:Chaetothyriales(0.9700),f:Herpotrichiellaceae(0.9600),g:Rhinocladiella(0.9600)	+	d:Fungi,p:Ascomycota,c:Eurotiomycetes,o:Chaetothyriales,f:Herpotrichiellaceae,g:Rhinocladiella
Otu2738	d:Fungi(1.0000),p:Ascomycota(0.4000),c:Dothideomycetes(0.4000),o:Pleosporales(0.4000),f:Sporormiaceae(0.3600),g:Preussia(0.3000),s:Preussia_africana_SH184194.07FU(0.0600)	+	d:Fungi
Otu2741	d:Fungi(1.0000),p:Basidiomycota(1.0000),c:Tremellomycetes(0.3900),o:Tremellales(0.3900),f:Bulleribasidiaceae(0.3900),g:Dioszegia(0.3900),s:Dioszegia_fristingensis_SH209723.07FU(0.2800)	+	d:Fungi,p:Basidiomycota
Otu2742	d:Fungi(1.0000),p:Ascomycota(0.9400),c:Dothideomycetes(0.9400),o:Capnodiales(0.8100),f:Cladosporiaceae(0.5800),g:Rachicladosporium(0.5800),s:Rachicladosporium_cboliae_SH202311.07FU(0.0500)	+	d:Fungi,p:Ascomycota,c:Dothideomycetes,o:Capnodiales
Otu2743	d:Fungi(1.0000),p:Ascomycota(0.5200),c:Dothideomycetes(0.4400),o:Pleosporales(0.4000),f:Didymellaceae(0.4000),g:Ascochyta(0.3400),s:Ascochyta_herbicola_SH345922.07FU(0.2600)	+	d:Fungi
Otu2747	d:Rhizaria(0.9700),p:Cercozoa(0.9700),c:Umbelopsidomycetes(0.0100),o:GS23(0.0100)	+	d:Rhizaria,p:Cercozoa
Otu2744	d:Fungi(1.0000),p:Ascomycota(0.9400),c:Dothideomycetes(0.9400),o:Capnodiales(0.8100),f:Cladosporiaceae(0.5800),g:Rachicladosporium(0.5800),s:Rachicladosporium_cboliae_SH202311.07FU(0.0500)	+	d:Fungi,p:Ascomycota,c:Dothideomycetes,o:Capnodiales
Otu2749	d:Fungi(1.0000),p:Basidiomycota(1.0000),c:Agaricomycetes(1.0000),o:Polyporales(1.0000),f:Ischnodermataceae(1.0000),g:Ischnoderma(1.0000),s:Ischnoderma_benzoinum_SH208562.07FU(1.0000)	+	d:Fungi,p:Basidiomycota,c:Agaricomycetes,o:Polyporales,f:Ischnodermataceae,g:Ischnoderma,s:Ischnoderma_benzoinum_SH208562.07FU
Otu2745	d:Fungi(1.0000),p:Ascomycota(0.9300),c:Leotiomycetes(0.9100),o:Helotiales(0.9100),f:Dermateaceae(0.8200),g:Calloria(0.8200),s:Calloria_urticae_SH529064.07FU(0.8200)	+	d:Fungi,p:Ascomycota,c:Leotiomycetes,o:Helotiales,f:Dermateaceae,g:Calloria,s:Calloria_urticae_SH529064.07FU
Otu2746	d:Fungi(1.0000),p:Basidiomycota(0.6600),c:Tremellomycetes(0.6600),o:Tremellales(0.6600),f:Bulleribasidiaceae(0.6600),g:Dioszegia(0.6600),s:Dioszegia_hungarica_SH182099.07FU(0.6500)	+	d:Fungi
Otu2748	d:Fungi(1.0000),p:Ascomycota(0.9900),c:Orbiliomycetes(0.9800),o:Orbiliales(0.9800),f:Orbiliaceae(0.9800),g:Dactylaria(0.9800),s:Dactylaria_dimorphospora_SH025283.07FU(0.9800)	+	d:Fungi,p:Ascomycota,c:Orbiliomycetes,o:Orbiliales,f:Orbiliaceae,g:Dactylaria,s:Dactylaria_dimorphospora_SH025283.07FU
Otu2750	d:Fungi(1.0000),p:Chytridiomycota(0.2700),c:Glomeromycetes(0.1100),o:Glomerales(0.0600),f:Lobulomycetaceae(0.0600),g:Lobulomyces(0.0500),s:Diversispora_clara_SH196897.07FU(0.0200)	+	d:Fungi
Otu2751	d:Fungi(1.0000),p:Ascomycota(0.2900)	+	d:Fungi
Otu2755	d:Fungi(0.9900),p:Basidiomycota(0.4500),c:Agaricomycetes(0.4400),o:Agaricales(0.4300),f:Hygrophoraceae(0.4100),g:Mycosphaerella(0.0700),s:Mycosphaerella_podagrariae_SH631749.07FU(0.0700)	+	d:Fungi
Otu2753	d:Fungi(1.0000),p:Basidiomycota(1.0000),c:Agaricomycetes(1.0000),o:Agaricales(1.0000),f:Tricholomataceae(1.0000),g:Clitocybe(1.0000),s:Clitocybe_nebularis_SH218329.07FU(1.0000)	+	d:Fungi,p:Basidiomycota,c:Agaricomycetes,o:Agaricales,f:Tricholomataceae,g:Clitocybe,s:Clitocybe_nebularis_SH218329.07FU
Otu2752	d:Fungi(1.0000),p:Basidiomycota(0.0300),c:Agaricomycetes(0.0200),o:Cantharellales(0.0200),f:Cantharellales_fam_Incertae_sedis(0.0100),g:Minimedusa(0.0100),s:Minimedusa_polyspora_SH201127.07FU(0.0100)	+	d:Fungi
Otu2757	d:Fungi(0.9900),p:Basidiomycota(0.5200),c:Agaricomycetes(0.5000),o:Agaricales(0.2600),f:Inocybaceae(0.0700),g:Inocybe(0.0700),s:Symbiotaphrina_kochii_SH021199.07FU(0.0300)	+	d:Fungi
Otu2754	d:Fungi(1.0000),p:Basidiomycota(0.5400),c:Tremellomycetes(0.5400),o:Tremellales(0.5400),f:Bulleraceae(0.4800),g:Bullera(0.4800),s:Bullera_crocea_SH209709.07FU(0.4800)	+	d:Fungi
Otu2756	d:Fungi(1.0000),p:Ascomycota(0.9500),c:Eurotiomycetes(0.9200),o:Verrucariales(0.9100),f:Verrucariaceae(0.8500),g:Verrucaria(0.2500),s:Verruculopsis_lecideoides_SH008658.07FU(0.0600)	+	d:Fungi,p:Ascomycota,c:Eurotiomycetes,o:Verrucariales,f:Verrucariaceae
Otu2758	d:Fungi(1.0000),p:Ascomycota(1.0000),c:Lecanoromycetes(1.0000),o:Teloschistales(1.0000),f:Teloschistaceae(1.0000),g:Xanthocarpia(0.6300),s:Xanthocarpia_crenulatella_SH025521.07FU(0.2000)	+	d:Fungi,p:Ascomycota,c:Lecanoromycetes,o:Teloschistales,f:Teloschistaceae
Otu2759	d:Fungi(1.0000),p:Basidiomycota(0.9700),c:Tremellomycetes(0.9400),o:Tremellales(0.9400),f:Bulleribasidiaceae(0.9400),g:Vishniacozyma(0.9400),s:Vishniacozyma_dimennae_SH203797.07FU(0.7500)	+	d:Fungi,p:Basidiomycota,c:Tremellomycetes,o:Tremellales,f:Bulleribasidiaceae,g:Vishniacozyma
Otu2762	d:Fungi(1.0000),p:Ascomycota(0.4000),c:Sordariomycetes(0.3800),o:Sordariales(0.3800),f:Lasiosphaeriaceae(0.2400),g:Schizothecium(0.0500),s:Schizothecium_inaequale_SH201194.07FU(0.0300)	+	d:Fungi
Otu2760	d:Fungi(1.0000),p:Ascomycota(0.9900),c:Dothideomycetes(0.9900),o:Pleosporales(0.9900),f:Melanommataceae(0.8300),g:Phragmocephala(0.5700),s:Phragmocephala_atra_SH492547.07FU(0.3600)	+	d:Fungi,p:Ascomycota,c:Dothideomycetes,o:Pleosporales,f:Melanommataceae
Otu2763	d:Fungi(1.0000),p:Basidiomycota(0.3100),c:Agaricomycetes(0.3100),o:Agaricales(0.3100),f:Acaulosporaceae(0.0100),g:Acaulospora(0.0100),s:Acaulospora_alpina_SH201906.07FU(0.0100)	+	d:Fungi
Otu2766	d:Protista(0.9800)	+	d:Protista
Otu2764	d:Fungi(1.0000),p:Basidiomycota(0.0200),c:Agaricomycetes(0.0200),o:Agaricales(0.0200),f:Amanitaceae(0.0100),g:Amanita(0.0100),s:Symbiotaphrina_kochii_SH021199.07FU(0.0100)	+	d:Fungi
Otu2761	d:Fungi(1.0000),p:Ascomycota(0.7200),c:Dothideomycetes(0.6300),o:Pleosporales(0.5700),f:Pleosporaceae(0.1200),g:Pyrenochaeta(0.0900),s:Hazslinszkyomyces_aloes_SH022621.07FU(0.0800)	+	d:Fungi
Otu2765	d:Fungi(1.0000),p:Basidiomycota(0.2700),c:Tremellomycetes(0.2400),o:Tremellales(0.2400),f:Bulleraceae(0.1900),g:Bullera(0.1900),s:Bullera_crocea_SH209709.07FU(0.1900)	+	d:Fungi
Otu2769	d:Fungi(0.9800),p:Ascomycota(0.2800),c:Agaricomycetes(0.1200),o:Diversisporales(0.0700),f:Acaulosporaceae(0.0600),g:Serendipita(0.0500),s:Serendipita_herbamans_SH192972.07FU(0.0400)	+	d:Fungi
Otu2767	d:Fungi(1.0000),p:Ascomycota(0.9500),c:Dothideomycetes(0.9400),o:Pleosporales(0.9400),f:Phaeosphaeriaceae(0.2600),g:Sclerostagonospora(0.0200),s:Sclerostagonospora_opuntiae_SH182980.07FU(0.0200)	+	d:Fungi,p:Ascomycota,c:Dothideomycetes,o:Pleosporales
Otu2768	d:Fungi(1.0000),p:Chytridiomycota(0.5700),c:Lobulomycetes(0.3300),o:Lobulomycetales(0.3300),f:Lobulomycetaceae(0.3300),g:Clydaea(0.2900),s:Dactylella_cylindrospora_SH206627.07FU(0.0100)	+	d:Fungi
Otu2772	d:Fungi(0.7700),p:Ascomycota(0.6100),c:Saccharomycetes(0.5500),o:Saccharomycetales(0.5500),f:Glomeraceae(0.0200),g:Cortinarius(0.0100),s:Inocybe_leucoloma_SH209539.07FU(0.0100)	+	
Otu2770	d:Fungi(1.0000),p:Ascomycota(1.0000),c:Dothideomycetes(1.0000),o:Pleosporales(1.0000),f:Melanommataceae(0.4700),g:Preussia(0.0100),s:Phragmocephala_atra_SH492547.07FU(0.0100)	+	d:Fungi,p:Ascomycota,c:Dothideomycetes,o:Pleosporales
Otu2771	d:Fungi(1.0000),p:Chytridiomycota(0.7400),c:Rhizophydiomycetes(0.4000),o:Rhizophydiales(0.4000),f:Protrudomycetaceae(0.3300),g:Protrudomyces(0.3300),s:Protrudomyces_lateralis_SH210255.07FU(0.3300)	+	d:Fungi
Otu2773	d:Fungi(1.0000),p:Basidiomycota(1.0000),c:Tremellomycetes(0.0500),o:Holtermanniales(0.0300),f:Holtermanniales_fam_Incertae_sedis(0.0300),g:Holtermanniella(0.0300),s:Holtermanniella_takashimae_SH190741.07FU(0.0300)	+	d:Fungi,p:Basidiomycota
Otu2775	d:Fungi(1.0000),p:Basidiomycota(1.0000),c:Agaricomycetes(1.0000),o:Agaricales(1.0000),f:Strophariaceae(1.0000),g:Hypholoma(1.0000),s:Hypholoma_fasciculare_SH201440.07FU(0.9000)	+	d:Fungi,p:Basidiomycota,c:Agaricomycetes,o:Agaricales,f:Strophariaceae,g:Hypholoma,s:Hypholoma_fasciculare_SH201440.07FU
Otu2774	d:Fungi(1.0000),p:Ascomycota(1.0000),c:Dothideomycetes(1.0000),o:Pleosporales(1.0000),f:Pleosporaceae(1.0000),g:Alternaria(1.0000),s:Alternaria_cinerariae_SH216796.07FU(0.9100)	+	d:Fungi,p:Ascomycota,c:Dothideomycetes,o:Pleosporales,f:Pleosporaceae,g:Alternaria,s:Alternaria_cinerariae_SH216796.07FU
Otu2776	d:Fungi(1.0000),p:Ascomycota(0.0300),c:Dothideomycetes(0.0300),o:Pleosporales(0.0300),f:Didymellaceae(0.0300),g:Neoascochyta(0.0200),s:Neoascochyta_desmazieri_SH215819.07FU(0.0200)	+	d:Fungi
Otu2777	d:Fungi(1.0000),p:Basidiomycota(1.0000),c:Tremellomycetes(1.0000),o:Tremellales(0.2200),f:Bulleribasidiaceae(0.2200),g:Vishniacozyma(0.2200),s:Vishniacozyma_victoriae_SH181632.07FU(0.1800)	+	d:Fungi,p:Basidiomycota,c:Tremellomycetes
Otu2778	d:Fungi(1.0000)	+	d:Fungi
Otu2780	d:Fungi(1.0000),p:Ascomycota(0.4900),c:Dothideomycetes(0.4700),o:Pleosporales(0.4600),f:Didymellaceae(0.3200),g:Stagonosporopsis(0.1600),s:Stagonosporopsis_tanaceti_SH245101.07FU(0.1400)	+	d:Fungi
Otu2779	d:Fungi(1.0000),p:Ascomycota(1.0000),c:Leotiomycetes(1.0000)	+	d:Fungi,p:Ascomycota,c:Leotiomycetes
Otu2783	d:Fungi(1.0000),p:Basidiomycota(1.0000),c:Tremellomycetes(1.0000),o:Tremellales(1.0000),f:Bulleraceae(1.0000),g:Bullera(1.0000),s:Bullera_alba_SH215453.07FU(1.0000)	+	d:Fungi,p:Basidiomycota,c:Tremellomycetes,o:Tremellales,f:Bulleraceae,g:Bullera,s:Bullera_alba_SH215453.07FU
Otu2784	d:Fungi(1.0000),p:Ascomycota(0.4300)	+	d:Fungi
Otu2781	d:Fungi(1.0000)	+	d:Fungi
Otu2785	d:Fungi(1.0000),p:Chytridiomycota(0.9200),c:Agaricomycetes(0.0200),o:Agaricales(0.0100),f:Tuberaceae(0.0100),g:Tuber(0.0100),s:Macrorhabdus_ornithogaster_SH472876.07FU(0.0100)	+	d:Fungi,p:Chytridiomycota
Otu2782	d:Fungi(1.0000),p:Ascomycota(1.0000),c:Leotiomycetes(0.9800),o:Erysiphales(0.9800),f:Erysiphaceae(0.9800),g:Podosphaera(0.9800),s:Podosphaera_lini_SH178718.07FU(0.2800)	+	d:Fungi,p:Ascomycota,c:Leotiomycetes,o:Erysiphales,f:Erysiphaceae,g:Podosphaera
Otu2787	d:Fungi(0.9900),p:Chytridiomycota(0.3300),c:Agaricomycetes(0.2200),o:Agaricales(0.1700),f:Inocybaceae(0.0800),g:Inocybe(0.0800),s:Hygrocybe_occidentalis_SH028694.07FU(0.0400)	+	d:Fungi
Otu2788	d:Fungi(1.0000),p:Basidiomycota(1.0000),c:Agaricomycetes(1.0000),o:Polyporales(1.0000),f:Meruliaceae(1.0000),g:Phlebia(1.0000),s:Phlebia_tremellosa_SH175372.07FU(1.0000)	+	d:Fungi,p:Basidiomycota,c:Agaricomycetes,o:Polyporales,f:Meruliaceae,g:Phlebia,s:Phlebia_tremellosa_SH175372.07FU
Otu2786	d:Fungi(1.0000),p:Ascomycota(1.0000),c:Dothideomycetes(1.0000),o:Capnodiales(1.0000),f:Cladosporiaceae(0.0600),g:Rachicladosporium(0.0600),s:Rachicladosporium_antarcticum_SH205925.07FU(0.0300)	+	d:Fungi,p:Ascomycota,c:Dothideomycetes,o:Capnodiales
Otu2791	d:Fungi(1.0000),p:Basidiomycota(0.4300),c:Agaricomycetes(0.4200),o:Agaricales(0.3200),f:Hygrophoraceae(0.2500),g:Symbiotaphrina(0.0800),s:Davidiella_rosigena_SH016560.07FU(0.0600)	+	d:Fungi
Otu2789	d:Fungi(1.0000),p:Basidiomycota(1.0000),c:Tremellomycetes(0.3700),o:Tremellales(0.3700),f:Bulleribasidiaceae(0.3700),g:Dioszegia(0.3700),s:Dioszegia_fristingensis_SH209723.07FU(0.3000)	+	d:Fungi,p:Basidiomycota
Otu2790	d:Fungi(1.0000),p:Ascomycota(1.0000),c:Sordariomycetes(1.0000),o:Microascales(0.8200),f:Halosphaeriaceae(0.8200)	+	d:Fungi,p:Ascomycota,c:Sordariomycetes,o:Microascales,f:Halosphaeriaceae
Otu2793	d:Fungi(0.9900),p:Ascomycota(0.4000),c:Pezizomycetes(0.1900),o:Pezizales(0.1900),f:Pezizaceae(0.1900),g:Peziza(0.1000),s:Peziza_ellipsospora_SH181526.07FU(0.0800)	+	d:Fungi
Otu2797	d:Fungi(1.0000),p:Basidiomycota(0.0300),c:Agaricomycetes(0.0300),o:Agaricales(0.0200),f:Cortinariaceae(0.0100),g:Cortinarius(0.0100),s:Cortinarius_mussivus_SH212055.07FU(0.0100)	+	d:Fungi
Otu2792	d:Fungi(1.0000),p:Basidiomycota(1.0000),c:Agaricomycetes(1.0000),o:Auriculariales(1.0000),f:Exidiaceae(0.9300)	+	d:Fungi,p:Basidiomycota,c:Agaricomycetes,o:Auriculariales,f:Exidiaceae
Otu2794	d:Fungi(1.0000),p:Basidiomycota(0.9100),c:Tremellomycetes(0.8700),o:Tremellales(0.8600),f:Bulleribasidiaceae(0.8600),g:Vishniacozyma(0.8600),s:Vishniacozyma_dimennae_SH203801.07FU(0.6800)	+	d:Fungi,p:Basidiomycota,c:Tremellomycetes,o:Tremellales,f:Bulleribasidiaceae,g:Vishniacozyma
Otu2795	d:Fungi(1.0000)	+	d:Fungi
Otu2799	d:Fungi(0.7500),p:Cercozoa(0.2200),c:Glomeromycetes(0.0900),o:Orbiliales(0.0500),f:Symbiotaphrinaceae(0.0500),g:Symbiotaphrina(0.0500),s:Symbiotaphrina_kochii_SH021199.07FU(0.0400)	+	
Otu2796	d:Fungi(1.0000),p:Basidiomycota(1.0000),c:Tremellomycetes(1.0000),o:Tremellales(1.0000),f:Bulleribasidiaceae(1.0000),g:Vishniacozyma(1.0000),s:Vishniacozyma_victoriae_SH181632.07FU(1.0000)	+	d:Fungi,p:Basidiomycota,c:Tremellomycetes,o:Tremellales,f:Bulleribasidiaceae,g:Vishniacozyma,s:Vishniacozyma_victoriae_SH181632.07FU
Otu2802	d:Fungi(0.9600),p:Ascomycota(0.4400),c:Agaricomycetes(0.2100),o:Symbiotaphrinales(0.1200),f:Symbiotaphrinaceae(0.1200),g:Symbiotaphrina(0.1200),s:Symbiotaphrina_kochii_SH021199.07FU(0.1200)	+	d:Fungi
Otu2798	d:Fungi(1.0000),p:Ascomycota(0.9500),c:Dothideomycetes(0.0500),o:Pleosporales(0.0500),f:Didymellaceae(0.0500),g:Peyronellaea(0.0200),s:Phomatodes_aubrietiae_SH245140.07FU(0.0100)	+	d:Fungi,p:Ascomycota
Otu2801	d:Fungi(0.9900),p:Ascomycota(0.6000),c:Agaricomycetes(0.1700),o:Symbiotaphrinales(0.0900),f:Symbiotaphrinaceae(0.0900),g:Symbiotaphrina(0.0900),s:Symbiotaphrina_buchneri_SH643910.07FU(0.0700)	+	d:Fungi
Otu2800	d:Fungi(1.0000),p:Basidiomycota(0.7700),c:Cystobasidiomycetes(0.0200),o:Cystobasidiales(0.0200),f:Cystobasidiaceae(0.0200),g:Cystobasidium(0.0200),s:Cystobasidium_pinicola_SH194775.07FU(0.0200)	+	d:Fungi
Otu2803	d:Fungi(1.0000),p:Ascomycota(1.0000),c:Dothideomycetes(1.0000),o:Pleosporales(1.0000),f:Lentitheciaceae(0.9600),g:Pleurophoma(0.8300)	+	d:Fungi,p:Ascomycota,c:Dothideomycetes,o:Pleosporales,f:Lentitheciaceae,g:Pleurophoma
Otu2804	d:Fungi(1.0000),p:Chytridiomycota(0.5300),c:Spizellomycetes(0.1200),o:Spizellomycetales(0.1200),f:Serendipitaceae(0.0500),g:Cryptotrichosporon(0.0300),s:Cryptotrichosporon_tibetense_SH533912.07FU(0.0300)	+	d:Fungi
Otu2805	d:Fungi(1.0000),p:Ascomycota(0.9900),c:Eurotiomycetes(0.9900),o:Chaetothyriales(0.9900),f:Herpotrichiellaceae(0.6500),g:Rhinocladiella(0.6400)	+	d:Fungi,p:Ascomycota,c:Eurotiomycetes,o:Chaetothyriales
Otu2807	d:Fungi(1.0000),p:Ascomycota(0.9100),c:Dothideomycetes(0.4900),o:Pleosporales(0.4900),f:Pleosporaceae(0.0700),g:Symbiotaphrina(0.0600),s:Coniothyrina_agaves_SH017462.07FU(0.0600)	+	d:Fungi,p:Ascomycota
Otu2806	d:Fungi(1.0000),p:Ascomycota(1.0000),c:Leotiomycetes(1.0000),o:Helotiales(1.0000)	+	d:Fungi,p:Ascomycota,c:Leotiomycetes,o:Helotiales
Otu2810	d:Rhizaria(0.9200),p:Cercozoa(0.9200),c:Agaricomycetes(0.0200),o:Sebacinales(0.0200),f:Serendipitaceae(0.0200),g:Serendipita(0.0200),s:Kazachstania_aquatica_SH456370.07FU(0.0100)	+	d:Rhizaria,p:Cercozoa
Otu2809	d:Fungi(1.0000),p:Ascomycota(1.0000),c:Dothideomycetes(0.9900),o:Pleosporales(0.7800),f:Leptosphaeriaceae(0.3400),g:Leptosphaeria(0.3400)	+	d:Fungi,p:Ascomycota,c:Dothideomycetes
Otu2811	d:Fungi(1.0000),p:Basidiomycota(1.0000),c:Tremellomycetes(0.0300),o:Holtermanniales(0.0300),f:Holtermanniales_fam_Incertae_sedis(0.0300),g:Holtermanniella(0.0300),s:Holtermanniella_takashimae_SH190741.07FU(0.0300)	+	d:Fungi,p:Basidiomycota
Otu2808	d:Rhizaria(0.5800),p:Cercozoa(0.5800),c:Agaricomycetes(0.0400),o:Orbiliales(0.0300),f:Orbiliaceae(0.0300),g:Orbilia(0.0300),s:Symbiotaphrina_kochii_SH021199.07FU(0.0200)	+	
Otu2813	d:Fungi(0.5100),p:Cercozoa(0.4900),c:Agaricomycetes(0.1300),o:Cantharellales(0.0600),f:Symbiotaphrinaceae(0.0300),g:Symbiotaphrina(0.0300),s:Symbiotaphrina_kochii_SH021199.07FU(0.0200)	+	
Otu2812	d:Fungi(1.0000),p:Ascomycota(0.9300),c:Dothideomycetes(0.8600),o:Pleosporales(0.8500),f:Dictyosporiaceae(0.6900),g:Pseudocoleophoma(0.6500),s:Pseudocoleophoma_calamagrostidis_SH496357.07FU(0.6500)	+	d:Fungi,p:Ascomycota,c:Dothideomycetes,o:Pleosporales
Otu2814	d:Fungi(1.0000),p:Basidiomycota(0.4000),c:Agaricomycetes(0.4000),o:Agaricales(0.3900),f:Acaulosporaceae(0.0100),g:Acaulospora(0.0100),s:Barbatospora_ambicaudata_SH478217.07FU(0.0100)	+	d:Fungi
Otu2816	d:Fungi(1.0000),p:Ascomycota(0.9300),c:Dothideomycetes(0.9300),o:Capnodiales(0.8800),f:Teratosphaeriaceae(0.6900),g:Constantinomyces(0.4900),s:Constantinomyces_minimus_SH206049.07FU(0.4900)	+	d:Fungi,p:Ascomycota,c:Dothideomycetes,o:Capnodiales
Otu2815	d:Fungi(1.0000),p:Basidiomycota(1.0000),c:Tremellomycetes(0.0500),o:Holtermanniales(0.0300),f:Holtermanniales_fam_Incertae_sedis(0.0300),g:Holtermanniella(0.0300),s:Holtermanniella_takashimae_SH190741.07FU(0.0300)	+	d:Fungi,p:Basidiomycota
Otu2818	d:Fungi(1.0000),p:Basidiomycota(0.2900),c:Agaricomycetes(0.1600),o:Cantharellales(0.0600),f:Russulaceae(0.0300),g:Densospora(0.0300),s:Coralloidiomyces_digitatus_SH461375.07FU(0.0200)	+	d:Fungi
Otu2819	d:Fungi(1.0000),p:Basidiomycota(1.0000),c:Tremellomycetes(1.0000),o:Tremellales(1.0000),f:Bulleribasidiaceae(0.9600),g:Vishniacozyma(0.9600),s:Vishniacozyma_tephrensis_SH085566.07FU(0.6800)	+	d:Fungi,p:Basidiomycota,c:Tremellomycetes,o:Tremellales,f:Bulleribasidiaceae,g:Vishniacozyma
Otu2817	d:Fungi(1.0000),p:Basidiomycota(0.6000),c:Microbotryomycetes(0.5400),o:Leucosporidiales(0.3100),f:Leucosporidiaceae(0.1900),g:Leucosporidium(0.1900),s:Leucosporidium_intermedium_SH193771.07FU(0.1700)	+	d:Fungi
Otu2821	d:Fungi(0.5800),p:Cercozoa(0.4100),c:Agaricomycetes(0.1300),o:Glomerales(0.0600),f:Glomeraceae(0.0600),g:Caloplaca(0.0200),s:Sparassis_cystidiosa_SH221149.07FU(0.0200)	+	
Otu2820	d:Fungi(1.0000),p:Basidiomycota(1.0000),c:Tremellomycetes(1.0000),o:Tremellales(1.0000),f:Bulleribasidiaceae(1.0000),g:Vishniacozyma(1.0000),s:Vishniacozyma_victoriae_SH181632.07FU(1.0000)	+	d:Fungi,p:Basidiomycota,c:Tremellomycetes,o:Tremellales,f:Bulleribasidiaceae,g:Vishniacozyma,s:Vishniacozyma_victoriae_SH181632.07FU
Otu2823	d:Fungi(1.0000),p:Ascomycota(1.0000),c:Dothideomycetes(1.0000),o:Pleosporales(0.9700),f:Didymosphaeriaceae(0.9600),g:Paracamarosporium(0.9500),s:Paracamarosporium_fagi_SH186997.07FU(0.9500)	+	d:Fungi,p:Ascomycota,c:Dothideomycetes,o:Pleosporales,f:Didymosphaeriaceae,g:Paracamarosporium,s:Paracamarosporium_fagi_SH186997.07FU
Otu2825	d:Fungi(1.0000),p:Basidiomycota(1.0000),c:Agaricomycetes(1.0000),o:Agaricales(1.0000),f:Psathyrellaceae(1.0000),g:Parasola(1.0000),s:Parasola_conopilus_SH220649.07FU(1.0000)	+	d:Fungi,p:Basidiomycota,c:Agaricomycetes,o:Agaricales,f:Psathyrellaceae,g:Parasola,s:Parasola_conopilus_SH220649.07FU
Otu2822	d:Fungi(1.0000),p:Ascomycota(0.9900),c:Leotiomycetes(0.9800),o:Helotiales(0.9800),f:Hyaloscyphaceae(0.6400),g:Rodwayella(0.6400),s:Rodwayella_citrinula_SH018471.07FU(0.6400)	+	d:Fungi,p:Ascomycota,c:Leotiomycetes,o:Helotiales
Otu2828	d:Fungi(0.9800),p:Ascomycota(0.5500),c:Agaricomycetes(0.2400),o:Agaricales(0.1900),f:Hygrophoraceae(0.1600),g:Symbiotaphrina(0.1300),s:Symbiotaphrina_buchneri_SH643910.07FU(0.0700)	+	d:Fungi
Otu2824	d:Fungi(1.0000),p:Basidiomycota(1.0000),c:Tremellomycetes(1.0000),o:Tremellales(1.0000),f:Bulleribasidiaceae(1.0000),g:Vishniacozyma(1.0000),s:Vishniacozyma_victoriae_SH181632.07FU(1.0000)	+	d:Fungi,p:Basidiomycota,c:Tremellomycetes,o:Tremellales,f:Bulleribasidiaceae,g:Vishniacozyma,s:Vishniacozyma_victoriae_SH181632.07FU
Otu2826	d:Fungi(1.0000),p:Ascomycota(0.9900),c:Leotiomycetes(0.9600),o:Helotiales(0.9600),f:Dermateaceae(0.9600),g:Trimmatostroma(0.9600),s:Trimmatostroma_cordae_SH002249.07FU(0.9600)	+	d:Fungi,p:Ascomycota,c:Leotiomycetes,o:Helotiales,f:Dermateaceae,g:Trimmatostroma,s:Trimmatostroma_cordae_SH002249.07FU
Otu2830	d:Fungi(0.8400),p:Basidiomycota(0.3300),c:Agaricomycetes(0.3200),o:Agaricales(0.1600),f:Symbiotaphrinaceae(0.0600),g:Symbiotaphrina(0.0600),s:Psathyrella_violaceopallens_SH491860.07FU(0.0500)	+	d:Fungi
Otu2827	d:Fungi(1.0000),p:Ascomycota(1.0000),c:Dothideomycetes(1.0000),o:Pleosporales(1.0000),f:Leptosphaeriaceae(0.6300),g:Leptosphaeria(0.6300),s:Paraphoma_chrysanthemicola_SH211091.07FU(0.0100)	+	d:Fungi,p:Ascomycota,c:Dothideomycetes,o:Pleosporales
Otu2832	d:Fungi(0.8400),p:Ascomycota(0.3500),c:Agaricomycetes(0.2000),o:Orbiliales(0.0900),f:Orbiliaceae(0.0900),g:Orbilia(0.0600),s:Symbiotaphrina_buchneri_SH643910.07FU(0.0400)	+	d:Fungi
Otu2831	d:Fungi(1.0000),p:Basidiomycota(0.0400),c:Agaricomycetes(0.0400),o:Kickxellales(0.0300),f:Kickxellaceae(0.0300),g:Ramicandelaber(0.0300),s:Helvellosebacina_helvelloides_SH214500.07FU(0.0100)	+	d:Fungi
Otu2829	d:Fungi(1.0000),p:Basidiomycota(0.0200),c:Tremellomycetes(0.0200),o:Filobasidiales(0.0200),f:Filobasidiaceae(0.0200),g:Filobasidium(0.0200),s:Filobasidium_chernovii_SH197624.07FU(0.0100)	+	d:Fungi
Otu2835	d:Fungi(1.0000),p:Basidiomycota(0.9900),c:Tremellomycetes(0.9900),o:Filobasidiales(0.9900),f:Filobasidiaceae(0.9900),g:Filobasidium(0.9900),s:Filobasidium_wieringae_SH221435.07FU(0.9900)	+	d:Fungi,p:Basidiomycota,c:Tremellomycetes,o:Filobasidiales,f:Filobasidiaceae,g:Filobasidium,s:Filobasidium_wieringae_SH221435.07FU
Otu2833	d:Fungi(1.0000)	+	d:Fungi
Otu2834	d:Fungi(1.0000),p:Ascomycota(1.0000),c:Dothideomycetes(1.0000)	+	d:Fungi,p:Ascomycota,c:Dothideomycetes
Otu2836	d:Fungi(1.0000),p:Ascomycota(1.0000),c:Sordariomycetes(1.0000),o:Hypocreales(1.0000),f:Hypocreales_fam_Incertae_sedis(1.0000),g:Acremonium(0.9600),s:Acremonium_tubakii_SH526674.07FU(0.5100)	+	d:Fungi,p:Ascomycota,c:Sordariomycetes,o:Hypocreales,f:Hypocreales_fam_Incertae_sedis,g:Acremonium
Otu2839	d:Fungi(1.0000)	+	d:Fungi
Otu2837	d:Fungi(1.0000),p:Ascomycota(0.9500),c:Sordariomycetes(0.9500),o:Sordariales(0.9500),f:Lasiosphaeriaceae(0.9400),g:Schizothecium(0.8500),s:Schizothecium_carpinicola_SH201192.07FU(0.8500)	+	d:Fungi,p:Ascomycota,c:Sordariomycetes,o:Sordariales,f:Lasiosphaeriaceae,g:Schizothecium,s:Schizothecium_carpinicola_SH201192.07FU
Otu2841	d:Fungi(0.9200),p:Ascomycota(0.6400),c:Saccharomycetes(0.5500),o:Saccharomycetales(0.5500),f:Teratosphaeriaceae(0.0400),g:Capnobotryella(0.0300),s:Rugosomyces_obscurissimus_SH523824.07FU(0.0100)	+	d:Fungi
Otu2840	d:Fungi(0.9900),p:Basidiomycota(0.2900),c:Agaricomycetes(0.2400),o:Agaricales(0.1200),f:Symbiotaphrinaceae(0.0700),g:Symbiotaphrina(0.0700),s:Symbiotaphrina_kochii_SH021199.07FU(0.0400)	+	d:Fungi
Otu2842	d:Rhizaria(0.6500),p:Cercozoa(0.6500),c:Xylonomycetes(0.0700),o:Symbiotaphrinales(0.0700),f:Symbiotaphrinaceae(0.0700),g:Symbiotaphrina(0.0700),s:Symbiotaphrina_buchneri_SH643910.07FU(0.0400)	+	
Otu2838	d:Fungi(1.0000),p:Ascomycota(0.9100),c:Sordariomycetes(0.9100),o:Hypocreales(0.9100),f:Nectriaceae(0.9100),g:Fusicolla(0.3000),s:Fusicolla_acetilerea_SH175301.07FU(0.2000)	+	d:Fungi,p:Ascomycota,c:Sordariomycetes,o:Hypocreales,f:Nectriaceae
Otu2843	d:Fungi(1.0000),p:Ascomycota(0.9600),c:Dothideomycetes(0.9600),o:Pleosporales(0.9600),f:Didymellaceae(0.3100),g:Neoascochyta(0.2400),s:Neoascochyta_exitialis_SH215821.07FU(0.1500)	+	d:Fungi,p:Ascomycota,c:Dothideomycetes,o:Pleosporales
Otu2848	d:Fungi(1.0000),p:Basidiomycota(1.0000),c:Agaricomycetes(1.0000),o:Polyporales(0.9600),f:Fomitopsidaceae(0.9600),g:Fomitopsis(0.9600),s:Fomitopsis_pinicola_SH207630.07FU(0.9600)	+	d:Fungi,p:Basidiomycota,c:Agaricomycetes,o:Polyporales,f:Fomitopsidaceae,g:Fomitopsis,s:Fomitopsis_pinicola_SH207630.07FU
Otu2852	d:Fungi(1.0000),p:Chytridiomycota(1.0000),c:Spizellomycetes(1.0000),o:Spizellomycetales(1.0000),f:Spizellomycetaceae(1.0000),g:Spizellomyces(1.0000),s:Spizellomyces_dolichospermus_SH183868.07FU(1.0000)	+	d:Fungi,p:Chytridiomycota,c:Spizellomycetes,o:Spizellomycetales,f:Spizellomycetaceae,g:Spizellomyces,s:Spizellomyces_dolichospermus_SH183868.07FU
Otu2844	d:Fungi(1.0000),p:Basidiomycota(1.0000),c:Tremellomycetes(0.3800),o:Tremellales(0.3800),f:Bulleribasidiaceae(0.3800),g:Dioszegia(0.3800),s:Dioszegia_fristingensis_SH209723.07FU(0.3200)	+	d:Fungi,p:Basidiomycota
Otu2846	d:Fungi(1.0000),p:Basidiomycota(0.2600),c:Tremellomycetes(0.2600),o:Tremellales(0.2500),f:Bulleraceae(0.1800),g:Bullera(0.1800),s:Bullera_crocea_SH209709.07FU(0.1800)	+	d:Fungi
Otu2847	d:Fungi(1.0000),p:Ascomycota(0.9900),c:Taphrinomycetes(0.9800),o:Taphrinales(0.9800),f:Protomycetaceae(0.9700),g:Protomyces(0.9700),s:Protomyces_inouyei_SH211874.07FU(0.9700)	+	d:Fungi,p:Ascomycota,c:Taphrinomycetes,o:Taphrinales,f:Protomycetaceae,g:Protomyces,s:Protomyces_inouyei_SH211874.07FU
Otu2845	d:Fungi(1.0000),p:Ascomycota(0.9900),c:Eurotiomycetes(0.9700),o:Chaetothyriales(0.9700),f:Trichomeriaceae(0.6400),g:Knufia(0.6400),s:Knufia_peltigerae_SH180461.07FU(0.5900)	+	d:Fungi,p:Ascomycota,c:Eurotiomycetes,o:Chaetothyriales
Otu2849	d:Fungi(1.0000),p:Basidiomycota(0.2600),c:Tremellomycetes(0.2600),o:Tremellales(0.2600),f:Bulleraceae(0.2100),g:Bullera(0.2100),s:Bullera_crocea_SH209709.07FU(0.2100)	+	d:Fungi
Otu2850	d:Fungi(1.0000),p:Basidiomycota(1.0000),c:Tremellomycetes(0.0500),o:Holtermanniales(0.0400),f:Holtermanniales_fam_Incertae_sedis(0.0400),g:Holtermanniella(0.0400),s:Holtermanniella_takashimae_SH190741.07FU(0.0400)	+	d:Fungi,p:Basidiomycota
Otu2853	d:Fungi(1.0000),p:Mucoromycota(1.0000),c:Mucoromycetes(1.0000),o:Mucorales(1.0000),f:Mucoraceae(1.0000),g:Mucor(1.0000),s:Mucor_hiemalis_SH187072.07FU(1.0000)	+	d:Fungi,p:Mucoromycota,c:Mucoromycetes,o:Mucorales,f:Mucoraceae,g:Mucor,s:Mucor_hiemalis_SH187072.07FU
Otu2851	d:Fungi(1.0000),p:Basidiomycota(0.0200),c:Tremellomycetes(0.0200),o:Filobasidiales(0.0200),f:Filobasidiaceae(0.0200),g:Filobasidium(0.0200),s:Filobasidium_chernovii_SH197624.07FU(0.0100)	+	d:Fungi
Otu2855	d:Fungi(1.0000),p:Chytridiomycota(0.3600),c:Glomeromycetes(0.0900),o:Rhizophydiales(0.0800),f:Symbiotaphrinaceae(0.0700),g:Symbiotaphrina(0.0700),s:Symbiotaphrina_kochii_SH021199.07FU(0.0600)	+	d:Fungi
Otu2854	d:Fungi(0.6500),p:Cercozoa(0.3500),c:Saccharomycetes(0.1400),o:Saccharomycetales(0.1400),f:Orbiliaceae(0.0500),g:Orbilia(0.0400),s:Symbiotaphrina_kochii_SH021199.07FU(0.0200)	+	
Otu2858	d:Fungi(0.6100),p:Cercozoa(0.3900),c:Agaricomycetes(0.1100),o:Symbiotaphrinales(0.0400),f:Symbiotaphrinaceae(0.0400),g:Symbiotaphrina(0.0400),s:Symbiotaphrina_buchneri_SH643910.07FU(0.0400)	+	
Otu2856	d:Fungi(1.0000),p:Basidiomycota(0.9900),c:Tremellomycetes(0.9700),o:Tremellales(0.9500),f:Bulleribasidiaceae(0.9500),g:Dioszegia(0.9500),s:Dioszegia_rishiriensis_SH209719.07FU(0.9500)	+	d:Fungi,p:Basidiomycota,c:Tremellomycetes,o:Tremellales,f:Bulleribasidiaceae,g:Dioszegia,s:Dioszegia_rishiriensis_SH209719.07FU
Otu2857	d:Fungi(1.0000),p:Basidiomycota(0.9700),c:Agaricomycetes(0.9700),o:Cantharellales(0.9700),f:Ceratobasidiaceae(0.9600),g:Ceratobasidium(0.1000)	+	d:Fungi,p:Basidiomycota,c:Agaricomycetes,o:Cantharellales,f:Ceratobasidiaceae
Otu2860	d:Fungi(1.0000),p:Ascomycota(1.0000),c:Leotiomycetes(1.0000),o:Helotiales(1.0000)	+	d:Fungi,p:Ascomycota,c:Leotiomycetes,o:Helotiales
Otu2859	d:Fungi(1.0000),p:Ascomycota(0.4900),c:Dothideomycetes(0.4900),o:Pleosporales(0.4800),f:Coniothyriaceae(0.1600),g:Coniothyrium(0.1100),s:Coniothyrium_carteri_SH192125.07FU(0.0800)	+	d:Fungi
Otu2863	d:Rhizaria(0.5400),p:Cercozoa(0.5400),c:Glomeromycetes(0.1200),o:Diversisporales(0.0800),f:Glomeraceae(0.0400),g:Derxomyces(0.0300),s:Symbiotaphrina_kochii_SH021199.07FU(0.0300)	+	
Otu2861	d:Fungi(1.0000),p:Ascomycota(0.7500),c:Leotiomycetes(0.1800),o:Helotiales(0.1500),f:Verrucariaceae(0.0600),g:Symbiotaphrina(0.0500),s:Symbiotaphrina_kochii_SH021199.07FU(0.0500)	+	d:Fungi
Otu2864	d:Rhizaria(0.9400),p:Cercozoa(0.9400),c:Agaricomycetes(0.0100),o:Polyporales(0.0100),f:Steccherinaceae(0.0100),g:Degelia(0.0100),s:Degelia_gayana_SH477664.07FU(0.0100)	+	d:Rhizaria,p:Cercozoa
Otu2862	d:Fungi(1.0000),p:Ascomycota(1.0000),c:Leotiomycetes(1.0000),o:Helotiales(1.0000),f:Leotiaceae(1.0000),g:Gorgomyces(1.0000),s:Gorgomyces_hungaricus_SH032312.07FU(1.0000)	+	d:Fungi,p:Ascomycota,c:Leotiomycetes,o:Helotiales,f:Leotiaceae,g:Gorgomyces,s:Gorgomyces_hungaricus_SH032312.07FU
Otu2865	d:Fungi(1.0000),p:Ascomycota(0.9900),c:Dothideomycetes(0.9800),o:Pleosporales(0.9800),f:Leptosphaeriaceae(0.9800),g:Leptosphaeria(0.9800),s:Leptosphaeria_maculans_SH217286.07FU(0.9800)	+	d:Fungi,p:Ascomycota,c:Dothideomycetes,o:Pleosporales,f:Leptosphaeriaceae,g:Leptosphaeria,s:Leptosphaeria_maculans_SH217286.07FU
Otu2866	d:Fungi(1.0000),p:Mortierellomycota(1.0000),c:Mortierellomycetes(1.0000),o:Mortierellales(1.0000),f:Mortierellaceae(1.0000),g:Mortierella(1.0000),s:Mortierella_fimbricystis_SH187864.07FU(1.0000)	+	d:Fungi,p:Mortierellomycota,c:Mortierellomycetes,o:Mortierellales,f:Mortierellaceae,g:Mortierella,s:Mortierella_fimbricystis_SH187864.07FU
Otu2867	d:Fungi(1.0000),p:Basidiomycota(1.0000),c:Tremellomycetes(0.0600),o:Holtermanniales(0.0500),f:Holtermanniales_fam_Incertae_sedis(0.0500),g:Holtermanniella(0.0500),s:Holtermanniella_takashimae_SH190741.07FU(0.0500)	+	d:Fungi,p:Basidiomycota
Otu2873	d:Fungi(0.9900),p:Rozellomycota(0.0700),c:Agaricomycetes(0.0600),o:Agaricales(0.0300),f:Amanitaceae(0.0200),g:Amanita(0.0200),s:Inocybe_leucoloma_SH209539.07FU(0.0100)	+	d:Fungi
Otu2871	d:Fungi(1.0000),p:Basidiomycota(0.2700),c:Agaricomycetes(0.2600),o:Agaricales(0.1700),f:Endogonales_fam_Incertae_sedis(0.1200),g:Densospora(0.1200),s:Pneumocystis_murina_SH473765.07FU(0.0300)	+	d:Fungi
Otu2869	d:Fungi(1.0000),p:Basidiomycota(0.3500),c:Agaricomycetes(0.2500),o:GS16(0.0700),f:Glomeraceae(0.0600),g:Ramicandelaber(0.0600),s:Ramicandelaber_brevisporus_SH006495.07FU(0.0500)	+	d:Fungi
Otu2868	d:Fungi(1.0000),p:Basidiomycota(0.7900),c:Agaricostilbomycetes(0.6100),o:Agaricostilbales(0.6100),f:Kondoaceae(0.6100),g:Kondoa(0.5500),s:Kondoa_subrosea_SH197514.07FU(0.1900)	+	d:Fungi
Otu2870	d:Fungi(1.0000),p:Basidiomycota(0.3500),c:Agaricomycetes(0.2200),o:Rhizophydiales(0.1300),f:Rhizophydiales_fam_Incertae_sedis(0.1200),g:Coralloidiomyces(0.1200),s:Coralloidiomyces_digitatus_SH461375.07FU(0.1200)	+	d:Fungi
Otu2872	d:Fungi(1.0000),p:Ascomycota(1.0000),c:Dothideomycetes(0.8600),o:Pleosporales(0.8500),f:Phaeosphaeriaceae(0.8500),g:Phaeosphaeria(0.8500),s:Phaeosphaeria_triglochinicola_SH208537.07FU(0.8500)	+	d:Fungi,p:Ascomycota,c:Dothideomycetes,o:Pleosporales,f:Phaeosphaeriaceae,g:Phaeosphaeria,s:Phaeosphaeria_triglochinicola_SH208537.07FU
Otu2874	d:Fungi(1.0000),p:Basidiomycota(0.9900),c:Tremellomycetes(0.9900),o:Filobasidiales(0.9900),f:Filobasidiaceae(0.9900),g:Filobasidium(0.9900),s:Filobasidium_chernovii_SH197624.07FU(0.9700)	+	d:Fungi,p:Basidiomycota,c:Tremellomycetes,o:Filobasidiales,f:Filobasidiaceae,g:Filobasidium,s:Filobasidium_chernovii_SH197624.07FU
Otu2875	d:Fungi(1.0000),p:Ascomycota(0.0600),c:Dothideomycetes(0.0500),o:Pleosporales(0.0500),f:Phaeosphaeriaceae(0.0300),g:Leptosphaeria(0.0100),s:Dictyonema_thelephora_SH192082.07FU(0.0100)	+	d:Fungi
Otu2880	d:Fungi(0.9800),p:Basidiomycota(0.5200),c:Agaricomycetes(0.4500),o:Agaricales(0.2000),f:Serendipitaceae(0.1600),g:Serendipita(0.1100),s:Symbiotaphrina_kochii_SH021199.07FU(0.0800)	+	d:Fungi
Otu2876	d:Fungi(1.0000),p:Basidiomycota(1.0000),c:Tremellomycetes(0.0100),o:Holtermanniales(0.0100),f:Holtermanniales_fam_Incertae_sedis(0.0100),g:Holtermanniella(0.0100),s:Holtermanniella_takashimae_SH190741.07FU(0.0100)	+	d:Fungi,p:Basidiomycota
Otu2881	d:Fungi(0.9800),p:Ascomycota(0.2900),c:Agaricomycetes(0.1200),o:Diversisporales(0.0700),f:Acaulosporaceae(0.0600),g:Serendipita(0.0500),s:Serendipita_herbamans_SH192972.07FU(0.0400)	+	d:Fungi
Otu2877	d:Fungi(1.0000),p:Ascomycota(0.9100),c:Lecanoromycetes(0.9100),o:Lecanorales(0.9100),f:Ramalinaceae(0.9100),g:Bacidia(0.8000),s:Bacidina_sulphurella_SH213709.07FU(0.1000)	+	d:Fungi,p:Ascomycota,c:Lecanoromycetes,o:Lecanorales,f:Ramalinaceae,g:Bacidia
Otu2878	d:Fungi(1.0000),p:Ascomycota(0.9700),c:Sordariomycetes(0.9700),o:Hypocreales(0.9700),f:Nectriaceae(0.8600),g:Stylonectria(0.8000),s:Stylonectria_wegeliniana_SH493010.07FU(0.6500)	+	d:Fungi,p:Ascomycota,c:Sordariomycetes,o:Hypocreales,f:Nectriaceae,g:Stylonectria
Otu2879	d:Fungi(1.0000),p:Ascomycota(1.0000),c:Sordariomycetes(0.9900),o:Glomerellales(0.9300),f:Reticulascaceae(0.9200),g:Cylindrotrichum(0.6500),s:Reticulascus_clavatus_SH185895.07FU(0.1400)	+	d:Fungi,p:Ascomycota,c:Sordariomycetes,o:Glomerellales,f:Reticulascaceae
Otu2883	d:Fungi(0.9800),p:Ascomycota(0.2800),c:Agaricomycetes(0.1200),o:Diversisporales(0.0700),f:Acaulosporaceae(0.0600),g:Serendipita(0.0500),s:Serendipita_herbamans_SH192972.07FU(0.0400)	+	d:Fungi
Otu2882	d:Fungi(1.0000),p:Ascomycota(1.0000),c:Dothideomycetes(1.0000),o:Capnodiales(1.0000),f:Mycosphaerellaceae(1.0000),g:Zymoseptoria(0.8700),s:Zymoseptoria_halophila_SH195828.07FU(0.4100)	+	d:Fungi,p:Ascomycota,c:Dothideomycetes,o:Capnodiales,f:Mycosphaerellaceae,g:Zymoseptoria
Otu2884	d:Fungi(1.0000),p:Chytridiomycota(0.6000)	+	d:Fungi
Otu2887	d:Fungi(1.0000),p:Ascomycota(1.0000),c:Orbiliomycetes(1.0000),o:Orbiliales(1.0000),f:Orbiliaceae(1.0000)	+	d:Fungi,p:Ascomycota,c:Orbiliomycetes,o:Orbiliales,f:Orbiliaceae
Otu2885	d:Fungi(1.0000),p:Basidiomycota(0.6400),c:Tremellomycetes(0.6400),o:Tremellales(0.6400),f:Bulleribasidiaceae(0.6400),g:Dioszegia(0.6400),s:Dioszegia_hungarica_SH182099.07FU(0.6400)	+	d:Fungi
Otu2886	d:Fungi(1.0000),p:Basidiomycota(1.0000),c:Tremellomycetes(0.0100)	+	d:Fungi,p:Basidiomycota
Otu2888	d:Fungi(1.0000),p:Basidiomycota(0.4900),c:Tremellomycetes(0.4900),o:Tremellales(0.4900),f:Bulleraceae(0.4400),g:Bullera(0.4400),s:Bullera_crocea_SH209709.07FU(0.4400)	+	d:Fungi
Otu2890	d:Fungi(1.0000),p:Basidiomycota(1.0000),c:Tremellomycetes(0.9700),o:Tremellales(0.9600),f:Bulleribasidiaceae(0.9600),g:Dioszegia(0.9600),s:Dioszegia_rishiriensis_SH209719.07FU(0.9500)	+	d:Fungi,p:Basidiomycota,c:Tremellomycetes,o:Tremellales,f:Bulleribasidiaceae,g:Dioszegia,s:Dioszegia_rishiriensis_SH209719.07FU
Otu2889	d:Fungi(1.0000),p:Ascomycota(1.0000),c:Dothideomycetes(1.0000),o:Pleosporales(1.0000),f:Phaeosphaeriaceae(0.9500),g:Paraphoma(0.9400),s:Paraphoma_chrysanthemicola_SH211091.07FU(0.8200)	+	d:Fungi,p:Ascomycota,c:Dothideomycetes,o:Pleosporales,f:Phaeosphaeriaceae,g:Paraphoma,s:Paraphoma_chrysanthemicola_SH211091.07FU
Otu2893	d:Fungi(1.0000),p:Ascomycota(0.4200),c:Dothideomycetes(0.0200),o:Pleosporales(0.0200),f:Phaeosphaeriaceae(0.0200),g:Leptospora(0.0200)	+	d:Fungi
Otu2892	d:Fungi(1.0000),p:Ascomycota(0.9400),c:Sordariomycetes(0.8800),o:Sordariales(0.2100),f:Magnaporthaceae(0.1000),g:Cercophora(0.0400),s:Cercophora_striata_SH630201.07FU(0.0400)	+	d:Fungi,p:Ascomycota,c:Sordariomycetes
Otu2891	d:Fungi(1.0000),p:Ascomycota(1.0000),c:Dothideomycetes(0.1300),o:Capnodiales(0.1300),f:Teratosphaeriaceae(0.0500),g:Phaeothecoidea(0.0200),s:Phaeothecoidea_proteae_SH027337.07FU(0.0200)	+	d:Fungi,p:Ascomycota
Otu2894	d:Fungi(1.0000),p:Basidiomycota(0.6700),c:Tremellomycetes(0.6600),o:Tremellales(0.6600),f:Bulleribasidiaceae(0.6600),g:Dioszegia(0.6600),s:Dioszegia_hungarica_SH182099.07FU(0.6500)	+	d:Fungi
Otu2899	d:Fungi(1.0000),p:Glomeromycota(0.1900),c:Glomeromycetes(0.1800),o:Saccharomycetales(0.0900),f:Glomeraceae(0.0700),g:Scutellospora(0.0400),s:Naumovozyma_baii_SH223365.07FU(0.0400)	+	d:Fungi
Otu2896	d:Fungi(1.0000),p:Basidiomycota(0.4800),c:Agaricomycetes(0.3500),o:Agaricales(0.1800),f:Inocybaceae(0.0800),g:Inocybe(0.0800),s:Inocybe_nitidiuscula_SH179836.07FU(0.0300)	+	d:Fungi
Otu2901	d:Fungi(0.9700),p:Ascomycota(0.6000),c:Saccharomycetes(0.3400),o:Saccharomycetales(0.3400),f:Mycosphaerellaceae(0.0600),g:Stenella(0.0500),s:Stenella_araguata_SH631423.07FU(0.0500)	+	d:Fungi
Otu2895	d:Fungi(1.0000),p:Basidiomycota(0.9700),c:Tremellomycetes(0.9400),o:Tremellales(0.9400),f:Bulleribasidiaceae(0.9400),g:Vishniacozyma(0.9400),s:Vishniacozyma_dimennae_SH203797.07FU(0.7500)	+	d:Fungi,p:Basidiomycota,c:Tremellomycetes,o:Tremellales,f:Bulleribasidiaceae,g:Vishniacozyma
Otu2900	d:Fungi(1.0000),p:Ascomycota(0.5500),c:Eurotiomycetes(0.1900),o:Chaetothyriales(0.1400),f:Symbiotaphrinaceae(0.1200),g:Symbiotaphrina(0.1200),s:Symbiotaphrina_buchneri_SH643910.07FU(0.0700)	+	d:Fungi
Otu2897	d:Fungi(1.0000),p:Mortierellomycota(1.0000),c:Mortierellomycetes(0.9900),o:Mortierellales(0.9900)	+	d:Fungi,p:Mortierellomycota,c:Mortierellomycetes,o:Mortierellales
Otu2898	d:Fungi(1.0000),p:Ascomycota(0.5700),c:Eurotiomycetes(0.4600),o:Chaetothyriales(0.4600),f:Herpotrichiellaceae(0.4600),g:Coniosporium(0.4600),s:Coniosporium_apollinis_SH186600.07FU(0.0800)	+	d:Fungi
Otu2902	d:Fungi(1.0000),p:Ascomycota(0.7000),c:Dothideomycetes(0.6900),o:Pleosporales(0.6800),f:Sporormiaceae(0.5600),g:Preussia(0.4100),s:Preussia_polymorpha_SH184217.07FU(0.1600)	+	d:Fungi
Otu2903	d:Fungi(1.0000),p:Basidiomycota(0.4600),c:Tremellomycetes(0.4500),o:Tremellales(0.4500),f:Bulleraceae(0.3800),g:Bullera(0.3800),s:Bullera_crocea_SH209709.07FU(0.3800)	+	d:Fungi
Otu2904	d:Rhizaria(0.8300),p:Cercozoa(0.8300),c:Glomeromycetes(0.0200),o:Glomerales(0.0200),f:Glomeraceae(0.0200),g:Genea(0.0100),s:Leucosporidium_intermedium_SH193771.07FU(0.0100)	+	d:Rhizaria,p:Cercozoa
Otu2905	d:Fungi(1.0000),p:Ascomycota(0.6700),c:Dothideomycetes(0.6700),o:Pleosporales(0.6700),f:Pleosporales_fam_Incertae_sedis(0.6600),g:Thyrostroma(0.6600),s:Thyrostroma_cornicola_SH202166.07FU(0.6600)	+	d:Fungi
Otu2907	d:Fungi(1.0000),p:Chytridiomycota(0.5700),c:Agaricomycetes(0.1400),o:Rhizophydiales(0.1000),f:Orbiliaceae(0.0400),g:Orbilia(0.0400),s:Synchytrium_papillatum_SH487289.07FU(0.0300)	+	d:Fungi
Otu2909	d:Fungi(1.0000),p:Ascomycota(0.9900),c:Dothideomycetes(0.5900),o:Pleosporales(0.5800),f:Melanommataceae(0.5800),g:Alpinaria(0.3600),s:Alpinaria_rhododendri_SH106794.07FU(0.3600)	+	d:Fungi,p:Ascomycota
Otu2912	d:Fungi(1.0000)	+	d:Fungi
Otu2911	d:Fungi(1.0000),p:Ascomycota(0.0400),c:Sordariomycetes(0.0400),o:Glomerellales(0.0400),f:Plectosphaerellaceae(0.0400),g:Plectosphaerella(0.0400),s:Plectosphaerella_cucumerina_SH190986.07FU(0.0100)	+	d:Fungi
Otu2908	d:Fungi(1.0000),p:Basidiomycota(0.5100),c:Tremellomycetes(0.4900),o:Tremellales(0.4900),f:Bulleraceae(0.4400),g:Bullera(0.4400),s:Bullera_crocea_SH209709.07FU(0.4400)	+	d:Fungi
Otu2906	d:Fungi(1.0000),p:Ascomycota(0.4800),c:Sordariomycetes(0.4800),o:Hypocreales(0.4800),f:Nectriaceae(0.4800),g:Fusicolla(0.4800),s:Fusicolla_aquaeductuum_SH175278.07FU(0.4800)	+	d:Fungi
Otu2910	d:Fungi(1.0000),p:Basidiomycota(0.6800),c:Tremellomycetes(0.6600),o:Tremellales(0.6600),f:Bulleribasidiaceae(0.6600),g:Dioszegia(0.6600),s:Dioszegia_hungarica_SH182099.07FU(0.6400)	+	d:Fungi
Otu2913	d:Fungi(1.0000),p:Basidiomycota(0.8900),c:Microbotryomycetes(0.7500),o:Sporidiobolales(0.5900),f:Sporidiobolaceae(0.5900),g:Rhodotorula(0.5900),s:Colacogloea_falcata_SH193696.07FU(0.0900)	+	d:Fungi,p:Basidiomycota
Otu2914	d:Fungi(1.0000),p:Ascomycota(0.8800),c:Dothideomycetes(0.7600),o:Pleosporales(0.7600),f:Dictyosporiaceae(0.0100),g:Dictyosporium(0.0100),s:Dictyosporium_heptasporum_SH016883.07FU(0.0100)	+	d:Fungi,p:Ascomycota
Otu2918	d:Fungi(1.0000),p:Basidiomycota(0.2300),c:Agaricomycetes(0.1800),o:Glomerales(0.1200),f:Glomeraceae(0.1200),g:Glomus(0.0500),s:Glomus_aggregatum_SH216579.07FU(0.0300)	+	d:Fungi
Otu2915	d:Fungi(1.0000),p:Basidiomycota(0.2500),c:Agaricomycetes(0.0800),o:Orbiliales(0.0300),f:Orbiliaceae(0.0200),g:Orbilia(0.0200),s:Scutellospora_weresubiae_SH019948.07FU(0.0100)	+	d:Fungi
Otu2921	d:Fungi(1.0000),p:Ascomycota(1.0000),c:Eurotiomycetes(1.0000),o:Chaetothyriales(1.0000),f:Trichomeriaceae(0.4100),g:Trichomerium(0.3500),s:Trichomerium_siamensis_SH495367.07FU(0.2200)	+	d:Fungi,p:Ascomycota,c:Eurotiomycetes,o:Chaetothyriales
Otu2917	d:Fungi(1.0000),p:Basidiomycota(1.0000),c:Tremellomycetes(0.4000),o:Tremellales(0.4000),f:Bulleribasidiaceae(0.4000),g:Dioszegia(0.4000),s:Dioszegia_fristingensis_SH209723.07FU(0.3100)	+	d:Fungi,p:Basidiomycota
Otu2916	d:Fungi(1.0000),p:Basidiomycota(1.0000),c:Tremellomycetes(0.0400),o:Holtermanniales(0.0300),f:Holtermanniales_fam_Incertae_sedis(0.0300),g:Holtermanniella(0.0300),s:Holtermanniella_takashimae_SH190741.07FU(0.0300)	+	d:Fungi,p:Basidiomycota
Otu2920	d:Fungi(1.0000),p:Ascomycota(0.9600)	+	d:Fungi,p:Ascomycota
Otu2919	d:Fungi(1.0000),p:Basidiomycota(0.6700),c:Tremellomycetes(0.6600),o:Tremellales(0.6600),f:Bulleribasidiaceae(0.6600),g:Dioszegia(0.6600),s:Dioszegia_hungarica_SH182099.07FU(0.6400)	+	d:Fungi
Otu2922	d:Fungi(1.0000),p:Basidiomycota(0.9900),c:Tremellomycetes(0.9900),o:Tremellales(0.9800),f:Tremellaceae(0.8900),g:Cryptococcus(0.8900),s:Cryptococcus_perniciosus_SH205048.07FU(0.0700)	+	d:Fungi,p:Basidiomycota,c:Tremellomycetes,o:Tremellales,f:Tremellaceae,g:Cryptococcus
Otu2923	d:Fungi(1.0000),p:Basidiomycota(0.6600),c:Tremellomycetes(0.6400),o:Tremellales(0.6400),f:Bulleribasidiaceae(0.6400),g:Vishniacozyma(0.6400),s:Vishniacozyma_globispora_SH203799.07FU(0.1700)	+	d:Fungi
Otu2924	d:Fungi(1.0000),p:Basidiomycota(1.0000),c:Tremellomycetes(0.3600),o:Tremellales(0.3600),f:Bulleribasidiaceae(0.3600),g:Dioszegia(0.3600),s:Dioszegia_fristingensis_SH209723.07FU(0.3200)	+	d:Fungi,p:Basidiomycota
Otu2930	d:Rhizaria(0.8400),p:Cercozoa(0.8400),c:Xylonomycetes(0.0100),o:Symbiotaphrinales(0.0100),f:Symbiotaphrinaceae(0.0100),g:Symbiotaphrina(0.0100),s:Symbiotaphrina_kochii_SH021199.07FU(0.0100)	+	d:Rhizaria,p:Cercozoa
Otu2926	d:Fungi(1.0000),p:Mortierellomycota(0.9900),c:Mortierellomycetes(0.9900),o:Mortierellales(0.9900),f:Mortierellaceae(0.9800),g:Mortierella(0.9500),s:Mortierella_fimbricystis_SH187864.07FU(0.2600)	+	d:Fungi,p:Mortierellomycota,c:Mortierellomycetes,o:Mortierellales,f:Mortierellaceae,g:Mortierella
Otu2931	d:Fungi(1.0000),p:Monoblepharomycota(1.0000),c:Monoblepharidomycetes(1.0000),o:Monoblepharidales(0.9900)	+	d:Fungi,p:Monoblepharomycota,c:Monoblepharidomycetes,o:Monoblepharidales
Otu2932	d:Fungi(1.0000),p:Basidiomycota(0.9600),c:Tremellomycetes(0.9300),o:Tremellales(0.9300),f:Bulleribasidiaceae(0.9300),g:Vishniacozyma(0.9300),s:Vishniacozyma_dimennae_SH203797.07FU(0.7400)	+	d:Fungi,p:Basidiomycota,c:Tremellomycetes,o:Tremellales,f:Bulleribasidiaceae,g:Vishniacozyma
Otu2929	d:Fungi(1.0000),p:Ascomycota(0.0700)	+	d:Fungi
Otu2933	d:Fungi(1.0000),p:Basidiomycota(1.0000),c:Tremellomycetes(1.0000),o:Tremellales(1.0000),f:Bulleribasidiaceae(1.0000),g:Vishniacozyma(1.0000),s:Vishniacozyma_victoriae_SH181632.07FU(1.0000)	+	d:Fungi,p:Basidiomycota,c:Tremellomycetes,o:Tremellales,f:Bulleribasidiaceae,g:Vishniacozyma,s:Vishniacozyma_victoriae_SH181632.07FU
Otu2934	d:Fungi(1.0000),p:Ascomycota(0.9400),c:Dothideomycetes(0.9400),o:Capnodiales(0.8100),f:Cladosporiaceae(0.5800),g:Rachicladosporium(0.5800),s:Rachicladosporium_cboliae_SH202311.07FU(0.0500)	+	d:Fungi,p:Ascomycota,c:Dothideomycetes,o:Capnodiales
Otu2925	d:Fungi(1.0000),p:Basidiomycota(1.0000),c:Tremellomycetes(0.0400),o:Tremellales(0.0200),f:Tremellaceae(0.0200),g:Cryptococcus(0.0200),s:Holtermanniella_takashimae_SH190741.07FU(0.0100)	+	d:Fungi,p:Basidiomycota
Otu2938	d:Fungi(1.0000)	+	d:Fungi
Otu2937	d:Fungi(1.0000),p:Basidiomycota(1.0000),c:Tremellomycetes(1.0000),o:Tremellales(0.1000),f:Bulleribasidiaceae(0.1000),g:Vishniacozyma(0.1000),s:Vishniacozyma_victoriae_SH181628.07FU(0.0700)	+	d:Fungi,p:Basidiomycota,c:Tremellomycetes
Otu2936	d:Fungi(1.0000),p:Ascomycota(1.0000),c:Dothideomycetes(1.0000),o:Pleosporales(1.0000),f:Pleosporaceae(1.0000),g:Stemphylium(0.9800),s:Stemphylium_vesicarium_SH199527.07FU(0.3700)	+	d:Fungi,p:Ascomycota,c:Dothideomycetes,o:Pleosporales,f:Pleosporaceae,g:Stemphylium
Otu2928	d:Fungi(1.0000),p:Basidiomycota(0.0200),c:Tremellomycetes(0.0200),o:Filobasidiales(0.0200),f:Filobasidiaceae(0.0200),g:Filobasidium(0.0200),s:Filobasidium_chernovii_SH197624.07FU(0.0100)	+	d:Fungi
Otu2941	d:Fungi(1.0000),p:Chytridiomycota(0.0100)	+	d:Fungi
Otu2940	d:Fungi(1.0000),p:Basidiomycota(0.0100),c:Tremellomycetes(0.0100),o:Filobasidiales(0.0100)	+	d:Fungi
Otu2939	d:Fungi(1.0000),p:Ascomycota(1.0000)	+	d:Fungi,p:Ascomycota
Otu2944	d:Fungi(1.0000),p:Rozellomycota(0.2700),c:Rozellomycotina_cls_Incertae_sedis(0.1900),o:Diversisporales(0.1000),f:Acaulosporaceae(0.1000),g:Symbiotaphrina(0.0700),s:Symbiotaphrina_buchneri_SH643910.07FU(0.0600)	+	d:Fungi
Otu2927	d:Fungi(1.0000),p:Ascomycota(1.0000),c:Dothideomycetes(1.0000),o:Pleosporales(1.0000),f:Melanommataceae(1.0000),g:Petrakia(1.0000),s:Petrakia_irregularis_SH198703.07FU(1.0000)	+	d:Fungi,p:Ascomycota,c:Dothideomycetes,o:Pleosporales,f:Melanommataceae,g:Petrakia,s:Petrakia_irregularis_SH198703.07FU
Otu2935	d:Fungi(1.0000),p:Basidiomycota(0.1100),c:Agaricomycetes(0.0900),o:Agaricales(0.0500),f:Glomeraceae(0.0400),g:Inocybe(0.0400),s:Septoglomus_jasnowskae_SH212920.07FU(0.0100)	+	d:Fungi
Otu2942	d:Fungi(1.0000),p:Basidiomycota(0.9900),c:Tremellomycetes(0.9700),o:Tremellales(0.9600),f:Bulleribasidiaceae(0.9600),g:Dioszegia(0.9600),s:Dioszegia_rishiriensis_SH209719.07FU(0.9600)	+	d:Fungi,p:Basidiomycota,c:Tremellomycetes,o:Tremellales,f:Bulleribasidiaceae,g:Dioszegia,s:Dioszegia_rishiriensis_SH209719.07FU
Otu2946	d:Fungi(0.9900),p:Ascomycota(0.4400),c:Agaricomycetes(0.1200),o:Symbiotaphrinales(0.1000),f:Symbiotaphrinaceae(0.1000),g:Symbiotaphrina(0.1000),s:Symbiotaphrina_kochii_SH021199.07FU(0.0800)	+	d:Fungi
Otu2947	d:Fungi(1.0000),p:Basidiomycota(1.0000),c:Tremellomycetes(1.0000),o:Tremellales(1.0000),f:Bulleribasidiaceae(1.0000),g:Vishniacozyma(1.0000),s:Vishniacozyma_victoriae_SH181632.07FU(1.0000)	+	d:Fungi,p:Basidiomycota,c:Tremellomycetes,o:Tremellales,f:Bulleribasidiaceae,g:Vishniacozyma,s:Vishniacozyma_victoriae_SH181632.07FU
Otu2948	d:Fungi(1.0000),p:Basidiomycota(0.8300),c:Cystobasidiomycetes(0.0300),o:Cyphobasidiales(0.0200),f:Mortierellaceae(0.0100)	+	d:Fungi,p:Basidiomycota
Otu2943	d:Fungi(1.0000),p:Ascomycota(1.0000),c:Dothideomycetes(1.0000),o:Pleosporales(1.0000),f:Leptosphaeriaceae(1.0000),g:Ampelomyces(1.0000),s:Ampelomyces_quisqualis_SH206642.07FU(0.9500)	+	d:Fungi,p:Ascomycota,c:Dothideomycetes,o:Pleosporales,f:Leptosphaeriaceae,g:Ampelomyces,s:Ampelomyces_quisqualis_SH206642.07FU
Otu2945	d:Fungi(1.0000),p:Basidiomycota(1.0000),c:Tremellomycetes(0.0500),o:Holtermanniales(0.0300),f:Holtermanniales_fam_Incertae_sedis(0.0300),g:Holtermanniella(0.0300),s:Holtermanniella_takashimae_SH190741.07FU(0.0300)	+	d:Fungi,p:Basidiomycota
Otu2954	d:Fungi(1.0000),p:Basidiomycota(0.4300),c:Agaricomycetes(0.4000),o:Agaricales(0.1400),f:Glomeraceae(0.0600),g:Cortinarius(0.0500),s:Loweomyces_wynneae_SH218184.07FU(0.0300)	+	d:Fungi
Otu2956	d:Fungi(1.0000),p:Basidiomycota(0.2500),c:Tremellomycetes(0.2400),o:Tremellales(0.2400),f:Bulleraceae(0.1900),g:Bullera(0.1900),s:Bullera_crocea_SH209709.07FU(0.1900)	+	d:Fungi
Otu2951	d:Fungi(1.0000),p:Ascomycota(1.0000),c:Sordariomycetes(1.0000),o:Sordariales(1.0000),f:Lasiosphaeriaceae(1.0000),g:Schizothecium(1.0000),s:Schizothecium_conicum_SH201185.07FU(0.9700)	+	d:Fungi,p:Ascomycota,c:Sordariomycetes,o:Sordariales,f:Lasiosphaeriaceae,g:Schizothecium,s:Schizothecium_conicum_SH201185.07FU
Otu2959	d:Fungi(0.9800),p:Basidiomycota(0.4800),c:Agaricomycetes(0.4700),o:Agaricales(0.4200),f:Hygrophoraceae(0.4100),g:Symbiotaphrina(0.1100),s:Symbiotaphrina_kochii_SH021199.07FU(0.0700)	+	d:Fungi
Otu2953	d:Fungi(1.0000),p:Ascomycota(1.0000),c:Leotiomycetes(1.0000),o:Helotiales(1.0000),f:Hyaloscyphaceae(0.5800),g:Cistella(0.5800),s:Cistella_albidolutea_SH198116.07FU(0.5800)	+	d:Fungi,p:Ascomycota,c:Leotiomycetes,o:Helotiales
Otu2949	d:Fungi(1.0000),p:Ascomycota(0.5600),c:Dothideomycetes(0.5600),o:Capnodiales(0.5600),f:Teratosphaeriaceae(0.1900),g:Devriesia(0.1900),s:Devriesia_pseudoamericana_SH192615.07FU(0.1900)	+	d:Fungi
Otu2955	d:Fungi(1.0000),p:Basidiomycota(1.0000),c:Agaricostilbomycetes(1.0000),o:Agaricostilbales(1.0000),f:Kondoaceae(1.0000),g:Kondoa(1.0000),s:Kondoa_yuccicola_SH197103.07FU(1.0000)	+	d:Fungi,p:Basidiomycota,c:Agaricostilbomycetes,o:Agaricostilbales,f:Kondoaceae,g:Kondoa,s:Kondoa_yuccicola_SH197103.07FU
Otu2950	d:Fungi(1.0000),p:Basidiomycota(0.2800),c:Agaricomycetes(0.1100),o:Cantharellales(0.0500),f:Ceratobasidiaceae(0.0300),g:Powellomyces(0.0200),s:Scutellospora_weresubiae_SH019948.07FU(0.0100)	+	d:Fungi
Otu2958	d:Fungi(1.0000),p:Chytridiomycota(0.1500)	+	d:Fungi
Otu2960	d:Fungi(1.0000),p:Basidiomycota(1.0000),c:Tremellomycetes(0.3600),o:Tremellales(0.3600),f:Bulleribasidiaceae(0.3600),g:Dioszegia(0.3600),s:Dioszegia_fristingensis_SH209723.07FU(0.3200)	+	d:Fungi,p:Basidiomycota
Otu2957	d:Fungi(0.8700),p:Ascomycota(0.6100),c:Saccharomycetes(0.4000),o:Saccharomycetales(0.4000),f:Xylariaceae(0.0200),g:Pneumocystis(0.0200),s:Pneumocystis_murina_SH473765.07FU(0.0200)	+	d:Fungi
Otu2962	d:Fungi(1.0000),p:Ascomycota(1.0000),c:Leotiomycetes(0.9900),o:Helotiales(0.9900),f:Hyaloscyphaceae(0.9700),g:Lachnum(0.4500),s:Lachnum_pudibundum_SH018469.07FU(0.1500)	+	d:Fungi,p:Ascomycota,c:Leotiomycetes,o:Helotiales,f:Hyaloscyphaceae
Otu2952	d:Fungi(1.0000),p:Ascomycota(0.3100),c:Dothideomycetes(0.2800),o:Pleosporales(0.2800),f:Didymellaceae(0.2100),g:Stagonosporopsis(0.1700),s:Stagonosporopsis_tanaceti_SH245101.07FU(0.1600)	+	d:Fungi
Otu2963	d:Fungi(1.0000),p:Chytridiomycota(0.6000),c:Agaricomycetes(0.1000),o:Rhizophydiales(0.0700),f:Orbiliaceae(0.0400),g:Symbiotaphrina(0.0400),s:Symbiotaphrina_buchneri_SH643910.07FU(0.0400)	+	d:Fungi
Otu2965	d:Fungi(1.0000),p:Ascomycota(0.0100),c:Sordariomycetes(0.0100),o:Hypocreales(0.0100),f:Stachybotryaceae(0.0100)	+	d:Fungi
Otu2967	d:Fungi(1.0000),p:Ascomycota(1.0000),c:Eurotiomycetes(1.0000),o:Chaetothyriales(1.0000)	+	d:Fungi,p:Ascomycota,c:Eurotiomycetes,o:Chaetothyriales
Otu2961	d:Fungi(1.0000),p:Ascomycota(0.9900),c:Dothideomycetes(0.9500),o:Pezizales(0.0100),f:Sarcoscyphaceae(0.0100),g:Microstoma(0.0100),s:Microstoma_floccosum_SH016178.07FU(0.0100)	+	d:Fungi,p:Ascomycota,c:Dothideomycetes
Otu2966	d:Fungi(1.0000),p:Ascomycota(1.0000),c:Saccharomycetes(0.9800),o:Saccharomycetales(0.9800),f:Debaryomycetaceae(0.4200),g:Debaryomyces(0.2200),s:Debaryomyces_prosopidis_SH190089.07FU(0.2200)	+	d:Fungi,p:Ascomycota,c:Saccharomycetes,o:Saccharomycetales
Otu2969	d:Fungi(1.0000),p:Basidiomycota(1.0000),c:Tremellomycetes(0.4000),o:Tremellales(0.4000),f:Bulleribasidiaceae(0.4000),g:Dioszegia(0.4000),s:Dioszegia_fristingensis_SH209723.07FU(0.3100)	+	d:Fungi,p:Basidiomycota
Otu2968	d:Fungi(1.0000),p:Basidiomycota(0.6800),c:Tremellomycetes(0.6600),o:Tremellales(0.6600),f:Bulleribasidiaceae(0.6600),g:Dioszegia(0.6600),s:Dioszegia_hungarica_SH182099.07FU(0.6400)	+	d:Fungi
Otu2973	d:Fungi(1.0000),p:Ascomycota(0.5200),c:Agaricomycetes(0.2400),o:Agaricales(0.1300),f:Russulaceae(0.0400),g:Inocybe(0.0300),s:Symbiotaphrina_kochii_SH021199.07FU(0.0300)	+	d:Fungi
Otu2970	d:Fungi(1.0000),p:Basidiomycota(1.0000),c:Agaricomycetes(1.0000),o:Sebacinales(1.0000),f:Serendipitaceae(0.0100),g:Serendipita(0.0100),s:Serendipita_herbamans_SH192972.07FU(0.0100)	+	d:Fungi,p:Basidiomycota,c:Agaricomycetes,o:Sebacinales
Otu2974	d:Fungi(1.0000),p:Ascomycota(1.0000),c:Lecanoromycetes(1.0000),o:Teloschistales(1.0000),f:Teloschistaceae(1.0000),g:Xanthocarpia(0.4400),s:Xanthocarpia_crenulatella_SH025515.07FU(0.1900)	+	d:Fungi,p:Ascomycota,c:Lecanoromycetes,o:Teloschistales,f:Teloschistaceae
Otu2975	d:Fungi(0.9900),p:Ascomycota(0.7200),c:Eurotiomycetes(0.2200),o:Eurotiales(0.1400),f:Orbiliaceae(0.0700),g:Orbilia(0.0500),s:Lecanora_farinacea_SH194224.07FU(0.0200)	+	d:Fungi
Otu2976	d:Fungi(1.0000),p:Ascomycota(0.9900),c:Leotiomycetes(0.9000),o:Helotiales(0.9000),f:Helotiaceae(0.9000),g:Scytalidium(0.9000),s:Scytalidium_circinatum_SH218618.07FU(0.9000)	+	d:Fungi,p:Ascomycota,c:Leotiomycetes,o:Helotiales,f:Helotiaceae,g:Scytalidium,s:Scytalidium_circinatum_SH218618.07FU
Otu2977	d:Fungi(1.0000),p:Basidiomycota(0.1200),c:Agaricomycetes(0.1100),o:Endogonales(0.0600),f:Endogonales_fam_Incertae_sedis(0.0500),g:Densospora(0.0500),s:Entorrhiza_aschersoniana_SH523879.07FU(0.0300)	+	d:Fungi
Otu2979	d:Fungi(1.0000),p:Ascomycota(0.2700),c:Sordariomycetes(0.2500),o:Sordariales(0.1800),f:Lasiosphaeriaceae(0.1300),g:Podospora(0.0500),s:Sigmoidea_marina_SH032398.07FU(0.0100)	+	d:Fungi
Otu2980	d:Fungi(1.0000),p:Glomeromycota(0.2900),c:Glomeromycetes(0.2900),o:Diversisporales(0.1700),f:Acaulosporaceae(0.1500),g:Smittium(0.1100),s:Smittium_morbosum_SH471714.07FU(0.1100)	+	d:Fungi
Otu2978	d:Fungi(1.0000),p:Ascomycota(0.9100),c:Dothideomycetes(0.5300),o:Tubeufiales(0.4400),f:Tubeufiaceae(0.4200),g:Helicoma(0.1700),s:Helicosporium_talbotii_SH023942.07FU(0.0500)	+	d:Fungi,p:Ascomycota
Otu2964	d:Fungi(1.0000),p:Ascomycota(0.9900),c:Dothideomycetes(0.9900),o:Capnodiales(0.9900),f:Teratosphaeriaceae(0.7100),g:Phaeothecoidea(0.6100),s:Phaeothecoidea_proteae_SH027337.07FU(0.5900)	+	d:Fungi,p:Ascomycota,c:Dothideomycetes,o:Capnodiales
Otu2981	d:Fungi(1.0000),p:Ascomycota(1.0000),c:Orbiliomycetes(1.0000),o:Orbiliales(1.0000)	+	d:Fungi,p:Ascomycota,c:Orbiliomycetes,o:Orbiliales
Otu2983	d:Fungi(0.9900),p:Basidiomycota(0.4400),c:Agaricomycetes(0.3900),o:Agaricales(0.2500),f:Lyophyllaceae(0.0700),g:Termitomyces(0.0700),s:Septoglomus_viscosum_SH216574.07FU(0.0300)	+	d:Fungi
Otu2982	d:Fungi(1.0000),p:Basidiomycota(0.9600),c:Tremellomycetes(0.9400),o:Tremellales(0.9400),f:Bulleribasidiaceae(0.9400),g:Vishniacozyma(0.9400),s:Vishniacozyma_dimennae_SH203797.07FU(0.7500)	+	d:Fungi,p:Basidiomycota,c:Tremellomycetes,o:Tremellales,f:Bulleribasidiaceae,g:Vishniacozyma
Otu2972	d:Fungi(1.0000),p:Basidiomycota(1.0000),c:Tremellomycetes(1.0000),o:Tremellales(1.0000),f:Bulleribasidiaceae(1.0000),g:Vishniacozyma(1.0000),s:Vishniacozyma_victoriae_SH181632.07FU(1.0000)	+	d:Fungi,p:Basidiomycota,c:Tremellomycetes,o:Tremellales,f:Bulleribasidiaceae,g:Vishniacozyma,s:Vishniacozyma_victoriae_SH181632.07FU
Otu2984	d:Fungi(1.0000),p:Chytridiomycota(0.6400),c:Spizellomycetes(0.1000),o:Spizellomycetales(0.1000),f:Atheliaceae(0.0400),g:Piloderma(0.0400),s:Yunzhangia_auriculariae_SH214079.07FU(0.0100)	+	d:Fungi
Otu2985	d:Fungi(1.0000),p:Basidiomycota(0.0200),c:Agaricomycetes(0.0200),o:Trechisporales(0.0100),f:Hydnodontaceae(0.0100),g:Trechispora(0.0100)	+	d:Fungi
Otu2971	d:Fungi(1.0000),p:Ascomycota(0.9800),c:Dothideomycetes(0.9800),o:Pleosporales(0.9800),f:Melanommataceae(0.7300),g:Petrakia(0.6900),s:Petrakia_irregularis_SH198703.07FU(0.6900)	+	d:Fungi,p:Ascomycota,c:Dothideomycetes,o:Pleosporales
Otu2987	d:Fungi(1.0000),p:Ascomycota(1.0000),c:Sordariomycetes(1.0000),o:Sordariales(1.0000),f:Lasiosphaeriaceae(1.0000),g:Podospora(1.0000)	+	d:Fungi,p:Ascomycota,c:Sordariomycetes,o:Sordariales,f:Lasiosphaeriaceae,g:Podospora
Otu2986	d:Fungi(1.0000),p:Basidiomycota(0.9900),c:Tremellomycetes(0.0400),o:Holtermanniales(0.0300),f:Holtermanniales_fam_Incertae_sedis(0.0300),g:Holtermanniella(0.0300),s:Holtermanniella_takashimae_SH190741.07FU(0.0300)	+	d:Fungi,p:Basidiomycota
Otu2988	d:Fungi(1.0000),p:Ascomycota(0.9700),c:Dothideomycetes(0.9700),o:Pleosporales(0.9700),f:Pleosporaceae(0.9700),g:Alternaria(0.9600),s:Alternaria_conidiophora_SH568209.07FU(0.3900)	+	d:Fungi,p:Ascomycota,c:Dothideomycetes,o:Pleosporales,f:Pleosporaceae,g:Alternaria
